source_project,source_family,strategy_code,strategy_name,market,version,legacy_record_id,research_status,summary_path,summary_row_1based,summary_sha256,selected_ledger_path,ledger_filter,ledger_mapping_status,signal_evidence_path,signal_evidence_scope,source_file_reported,experiment_executed_at,hypothesis,observed_start,observed_end,trade_count,mean_trade_return,median_trade_return,combination_or_policy,source_note,display_class,current_note
2trading,ATR replacement ledger,S3,S3 Darvas Box 돌파,,ATR replacement v1 | aligned_2017_2026 | baseline_no_rotation | net,200abe4c0ec7f455ec521137,LEGACY_IMPORTED_NOT_CORE_V6,results/expanded_strategy_results_2026-09-13.csv,2,89e81614857d58c36670973de74eab6234ea582f5ad1c5800904826d7902d0c6,results/expanded_actual_trade_records_2026-09-13.csv,"{""source_project"": ""2trading"", ""source_family"": ""ATR replacement ledger"", ""strategy_code"": ""S3"", ""strategy_name"": ""S3 Darvas Box 돌파"", ""market"": """", ""version"": ""ATR replacement v1 | aligned_2017_2026 | baseline_no_rotation | net""}",FILTER_REQUIRED_CHECK_EQUIVALENT_VERSIONS,,NOT_LINKED,,,NOT_RECORDED_BEFORE_RUN,2017-08-29,2026-08-10,435.0,0.0821905778670402,0.0266183356030911,ATR replacement v1 | aligned_2017_2026 | baseline_no_rotation | net,Identical selected-trade ledgers collapsed; all historical version labels retained.,기존 결과,
2trading,ATR replacement ledger,S3,S3 Darvas Box 돌파,,ATR replacement v1 | aligned_2017_2026 | dynamic_atr_t0 | net,990ba9a1785a91ca2d870e79,LEGACY_IMPORTED_NOT_CORE_V6,results/expanded_strategy_results_2026-09-13.csv,3,89e81614857d58c36670973de74eab6234ea582f5ad1c5800904826d7902d0c6,results/expanded_actual_trade_records_2026-09-13.csv,"{""source_project"": ""2trading"", ""source_family"": ""ATR replacement ledger"", ""strategy_code"": ""S3"", ""strategy_name"": ""S3 Darvas Box 돌파"", ""market"": """", ""version"": ""ATR replacement v1 | aligned_2017_2026 | dynamic_atr_t0 | net""}",FILTER_REQUIRED_CHECK_EQUIVALENT_VERSIONS,,NOT_LINKED,,,NOT_RECORDED_BEFORE_RUN,2017-08-29,2026-08-10,794.0,0.0460872767272658,0.0129821395688237,ATR replacement v1 | aligned_2017_2026 | dynamic_atr_t0 | net,Identical selected-trade ledgers collapsed; all historical version labels retained.,기존 결과,
2trading,ATR replacement ledger,S3,S3 Darvas Box 돌파,,ATR replacement v1 | aligned_2017_2026 | dynamic_atr_t10 | net,7d57bf3426c334d54d2a6bb3,LEGACY_IMPORTED_NOT_CORE_V6,results/expanded_strategy_results_2026-09-13.csv,4,89e81614857d58c36670973de74eab6234ea582f5ad1c5800904826d7902d0c6,results/expanded_actual_trade_records_2026-09-13.csv,"{""source_project"": ""2trading"", ""source_family"": ""ATR replacement ledger"", ""strategy_code"": ""S3"", ""strategy_name"": ""S3 Darvas Box 돌파"", ""market"": """", ""version"": ""ATR replacement v1 | aligned_2017_2026 | dynamic_atr_t10 | net""}",FILTER_REQUIRED_CHECK_EQUIVALENT_VERSIONS,,NOT_LINKED,,,NOT_RECORDED_BEFORE_RUN,2017-08-29,2026-08-10,622.0,0.0461253699393167,0.0154742998209956,ATR replacement v1 | aligned_2017_2026 | dynamic_atr_t10 | net,Identical selected-trade ledgers collapsed; all historical version labels retained.,기존 결과,
2trading,ATR replacement ledger,S3,S3 Darvas Box 돌파,,ATR replacement v1 | aligned_2017_2026 | dynamic_atr_t25 | net,3404459f7d5460efeb8cf06f,LEGACY_IMPORTED_NOT_CORE_V6,results/expanded_strategy_results_2026-09-13.csv,5,89e81614857d58c36670973de74eab6234ea582f5ad1c5800904826d7902d0c6,results/expanded_actual_trade_records_2026-09-13.csv,"{""source_project"": ""2trading"", ""source_family"": ""ATR replacement ledger"", ""strategy_code"": ""S3"", ""strategy_name"": ""S3 Darvas Box 돌파"", ""market"": """", ""version"": ""ATR replacement v1 | aligned_2017_2026 | dynamic_atr_t25 | net""}",FILTER_REQUIRED_CHECK_EQUIVALENT_VERSIONS,,NOT_LINKED,,,NOT_RECORDED_BEFORE_RUN,2017-08-29,2026-08-10,569.0,0.0556193734822819,0.0182522705771186,ATR replacement v1 | aligned_2017_2026 | dynamic_atr_t25 | net,Identical selected-trade ledgers collapsed; all historical version labels retained.,기존 결과,
2trading,ATR replacement ledger,S3,S3 Darvas Box 돌파,,ATR replacement v1 | aligned_2017_2026 | fixed_atr_t0 | net,715915d64ce70f481e8421dc,LEGACY_IMPORTED_NOT_CORE_V6,results/expanded_strategy_results_2026-09-13.csv,6,89e81614857d58c36670973de74eab6234ea582f5ad1c5800904826d7902d0c6,results/expanded_actual_trade_records_2026-09-13.csv,"{""source_project"": ""2trading"", ""source_family"": ""ATR replacement ledger"", ""strategy_code"": ""S3"", ""strategy_name"": ""S3 Darvas Box 돌파"", ""market"": """", ""version"": ""ATR replacement v1 | aligned_2017_2026 | fixed_atr_t0 | net""}",FILTER_REQUIRED_CHECK_EQUIVALENT_VERSIONS,,NOT_LINKED,,,NOT_RECORDED_BEFORE_RUN,2017-08-29,2026-08-10,683.0,0.0546410397363087,0.0084500797752515,ATR replacement v1 | aligned_2017_2026 | fixed_atr_t0 | net,Identical selected-trade ledgers collapsed; all historical version labels retained.,기존 결과,
2trading,ATR replacement ledger,S3,S3 Darvas Box 돌파,,ATR replacement v1 | aligned_2017_2026 | fixed_atr_t10 | net,fb2ca795a94c1f30cd944078,LEGACY_IMPORTED_NOT_CORE_V6,results/expanded_strategy_results_2026-09-13.csv,7,89e81614857d58c36670973de74eab6234ea582f5ad1c5800904826d7902d0c6,results/expanded_actual_trade_records_2026-09-13.csv,"{""source_project"": ""2trading"", ""source_family"": ""ATR replacement ledger"", ""strategy_code"": ""S3"", ""strategy_name"": ""S3 Darvas Box 돌파"", ""market"": """", ""version"": ""ATR replacement v1 | aligned_2017_2026 | fixed_atr_t10 | net""}",FILTER_REQUIRED_CHECK_EQUIVALENT_VERSIONS,,NOT_LINKED,,,NOT_RECORDED_BEFORE_RUN,2017-08-29,2026-08-10,620.0,0.0568463026086512,0.0099515921206093,ATR replacement v1 | aligned_2017_2026 | fixed_atr_t10 | net,Identical selected-trade ledgers collapsed; all historical version labels retained.,기존 결과,
2trading,ATR replacement ledger,S3,S3 Darvas Box 돌파,,ATR replacement v1 | aligned_2017_2026 | fixed_atr_t25 | net,3e112ec0ea5318a7248de45b,LEGACY_IMPORTED_NOT_CORE_V6,results/expanded_strategy_results_2026-09-13.csv,8,89e81614857d58c36670973de74eab6234ea582f5ad1c5800904826d7902d0c6,results/expanded_actual_trade_records_2026-09-13.csv,"{""source_project"": ""2trading"", ""source_family"": ""ATR replacement ledger"", ""strategy_code"": ""S3"", ""strategy_name"": ""S3 Darvas Box 돌파"", ""market"": """", ""version"": ""ATR replacement v1 | aligned_2017_2026 | fixed_atr_t25 | net""}",FILTER_REQUIRED_CHECK_EQUIVALENT_VERSIONS,,NOT_LINKED,,,NOT_RECORDED_BEFORE_RUN,2017-08-29,2026-08-10,533.0,0.0684457203307808,0.021499440194276,ATR replacement v1 | aligned_2017_2026 | fixed_atr_t25 | net,Identical selected-trade ledgers collapsed; all historical version labels retained.,기존 결과,
2trading,ATR replacement ledger,S3,S3 Darvas Box 돌파,,ATR replacement v1 | full_2010_2026 | baseline_no_rotation | net,85cdaf9474b04b0b3931ba64,LEGACY_IMPORTED_NOT_CORE_V6,results/expanded_strategy_results_2026-09-13.csv,9,89e81614857d58c36670973de74eab6234ea582f5ad1c5800904826d7902d0c6,results/expanded_actual_trade_records_2026-09-13.csv,"{""source_project"": ""2trading"", ""source_family"": ""ATR replacement ledger"", ""strategy_code"": ""S3"", ""strategy_name"": ""S3 Darvas Box 돌파"", ""market"": """", ""version"": ""ATR replacement v1 | full_2010_2026 | baseline_no_rotation | net""}",FILTER_REQUIRED_CHECK_EQUIVALENT_VERSIONS,,NOT_LINKED,,,NOT_RECORDED_BEFORE_RUN,2010-01-04,2026-08-10,788.0,0.0583563967655985,0.0264015346694836,ATR replacement v1 | full_2010_2026 | baseline_no_rotation | net,Identical selected-trade ledgers collapsed; all historical version labels retained.,기존 결과,
2trading,ATR replacement ledger,S3,S3 Darvas Box 돌파,,ATR replacement v1 | full_2010_2026 | dynamic_atr_t0 | net,53a658a943d92e631ed4320e,LEGACY_IMPORTED_NOT_CORE_V6,results/expanded_strategy_results_2026-09-13.csv,10,89e81614857d58c36670973de74eab6234ea582f5ad1c5800904826d7902d0c6,results/expanded_actual_trade_records_2026-09-13.csv,"{""source_project"": ""2trading"", ""source_family"": ""ATR replacement ledger"", ""strategy_code"": ""S3"", ""strategy_name"": ""S3 Darvas Box 돌파"", ""market"": """", ""version"": ""ATR replacement v1 | full_2010_2026 | dynamic_atr_t0 | net""}",FILTER_REQUIRED_CHECK_EQUIVALENT_VERSIONS,,NOT_LINKED,,,NOT_RECORDED_BEFORE_RUN,2010-01-04,2026-08-10,1338.0,0.0382128778309641,0.0121480087374642,ATR replacement v1 | full_2010_2026 | dynamic_atr_t0 | net,Identical selected-trade ledgers collapsed; all historical version labels retained.,기존 결과,
2trading,ATR replacement ledger,S3,S3 Darvas Box 돌파,,ATR replacement v1 | full_2010_2026 | dynamic_atr_t10 | net,c4d14c17188a877ba58b78b0,LEGACY_IMPORTED_NOT_CORE_V6,results/expanded_strategy_results_2026-09-13.csv,11,89e81614857d58c36670973de74eab6234ea582f5ad1c5800904826d7902d0c6,results/expanded_actual_trade_records_2026-09-13.csv,"{""source_project"": ""2trading"", ""source_family"": ""ATR replacement ledger"", ""strategy_code"": ""S3"", ""strategy_name"": ""S3 Darvas Box 돌파"", ""market"": """", ""version"": ""ATR replacement v1 | full_2010_2026 | dynamic_atr_t10 | net""}",FILTER_REQUIRED_CHECK_EQUIVALENT_VERSIONS,,NOT_LINKED,,,NOT_RECORDED_BEFORE_RUN,2010-01-04,2026-08-10,1127.0,0.0468368495807949,0.0138826451859181,ATR replacement v1 | full_2010_2026 | dynamic_atr_t10 | net,Identical selected-trade ledgers collapsed; all historical version labels retained.,기존 결과,
2trading,ATR replacement ledger,S3,S3 Darvas Box 돌파,,ATR replacement v1 | full_2010_2026 | dynamic_atr_t25 | net,6f66babacc8f515c3af5bf65,LEGACY_IMPORTED_NOT_CORE_V6,results/expanded_strategy_results_2026-09-13.csv,12,89e81614857d58c36670973de74eab6234ea582f5ad1c5800904826d7902d0c6,results/expanded_actual_trade_records_2026-09-13.csv,"{""source_project"": ""2trading"", ""source_family"": ""ATR replacement ledger"", ""strategy_code"": ""S3"", ""strategy_name"": ""S3 Darvas Box 돌파"", ""market"": """", ""version"": ""ATR replacement v1 | full_2010_2026 | dynamic_atr_t25 | net""}",FILTER_REQUIRED_CHECK_EQUIVALENT_VERSIONS,,NOT_LINKED,,,NOT_RECORDED_BEFORE_RUN,2010-01-04,2026-08-10,1016.0,0.0506120976867049,0.0170445554921041,ATR replacement v1 | full_2010_2026 | dynamic_atr_t25 | net,Identical selected-trade ledgers collapsed; all historical version labels retained.,기존 결과,
2trading,ATR replacement ledger,S3,S3 Darvas Box 돌파,,ATR replacement v1 | full_2010_2026 | fixed_atr_t0 | net,38bc81d7d86a2e285eaf1e4d,LEGACY_IMPORTED_NOT_CORE_V6,results/expanded_strategy_results_2026-09-13.csv,13,89e81614857d58c36670973de74eab6234ea582f5ad1c5800904826d7902d0c6,results/expanded_actual_trade_records_2026-09-13.csv,"{""source_project"": ""2trading"", ""source_family"": ""ATR replacement ledger"", ""strategy_code"": ""S3"", ""strategy_name"": ""S3 Darvas Box 돌파"", ""market"": """", ""version"": ""ATR replacement v1 | full_2010_2026 | fixed_atr_t0 | net""}",FILTER_REQUIRED_CHECK_EQUIVALENT_VERSIONS,,NOT_LINKED,,,NOT_RECORDED_BEFORE_RUN,2010-01-04,2026-08-10,1246.0,0.0495305331883624,0.0111953480998625,ATR replacement v1 | full_2010_2026 | fixed_atr_t0 | net,Identical selected-trade ledgers collapsed; all historical version labels retained.,기존 결과,
2trading,ATR replacement ledger,S3,S3 Darvas Box 돌파,,ATR replacement v1 | full_2010_2026 | fixed_atr_t10 | net,68bef5591f7ce949712d7dc2,LEGACY_IMPORTED_NOT_CORE_V6,results/expanded_strategy_results_2026-09-13.csv,14,89e81614857d58c36670973de74eab6234ea582f5ad1c5800904826d7902d0c6,results/expanded_actual_trade_records_2026-09-13.csv,"{""source_project"": ""2trading"", ""source_family"": ""ATR replacement ledger"", ""strategy_code"": ""S3"", ""strategy_name"": ""S3 Darvas Box 돌파"", ""market"": """", ""version"": ""ATR replacement v1 | full_2010_2026 | fixed_atr_t10 | net""}",FILTER_REQUIRED_CHECK_EQUIVALENT_VERSIONS,,NOT_LINKED,,,NOT_RECORDED_BEFORE_RUN,2010-01-04,2026-08-10,1060.0,0.050054715448315,0.0117152317918109,ATR replacement v1 | full_2010_2026 | fixed_atr_t10 | net,Identical selected-trade ledgers collapsed; all historical version labels retained.,기존 결과,
2trading,ATR replacement ledger,S3,S3 Darvas Box 돌파,,ATR replacement v1 | full_2010_2026 | fixed_atr_t25 | net,57c730cb6741c01011fc722f,LEGACY_IMPORTED_NOT_CORE_V6,results/expanded_strategy_results_2026-09-13.csv,15,89e81614857d58c36670973de74eab6234ea582f5ad1c5800904826d7902d0c6,results/expanded_actual_trade_records_2026-09-13.csv,"{""source_project"": ""2trading"", ""source_family"": ""ATR replacement ledger"", ""strategy_code"": ""S3"", ""strategy_name"": ""S3 Darvas Box 돌파"", ""market"": """", ""version"": ""ATR replacement v1 | full_2010_2026 | fixed_atr_t25 | net""}",FILTER_REQUIRED_CHECK_EQUIVALENT_VERSIONS,,NOT_LINKED,,,NOT_RECORDED_BEFORE_RUN,2010-01-04,2026-08-10,933.0,0.0583066876298916,0.0217289024704596,ATR replacement v1 | full_2010_2026 | fixed_atr_t25 | net,Identical selected-trade ledgers collapsed; all historical version labels retained.,기존 결과,
2trading,ATR replacement ledger,S8,S8 Larry Williams 변동성 돌파,,ATR replacement v1 | aligned_2017_2026 | baseline_no_rotation | net,7b96919d04d26e53c98be91d,LEGACY_IMPORTED_NOT_CORE_V6,results/expanded_strategy_results_2026-09-13.csv,16,89e81614857d58c36670973de74eab6234ea582f5ad1c5800904826d7902d0c6,results/expanded_actual_trade_records_2026-09-13.csv,"{""source_project"": ""2trading"", ""source_family"": ""ATR replacement ledger"", ""strategy_code"": ""S8"", ""strategy_name"": ""S8 Larry Williams 변동성 돌파"", ""market"": """", ""version"": ""ATR replacement v1 | aligned_2017_2026 | baseline_no_rotation | net""}",FILTER_REQUIRED_CHECK_EQUIVALENT_VERSIONS,,NOT_LINKED,,,NOT_RECORDED_BEFORE_RUN,2017-08-29,2026-08-10,571.0,0.0706246801642393,-0.0571928437994971,ATR replacement v1 | aligned_2017_2026 | baseline_no_rotation | net,Identical selected-trade ledgers collapsed; all historical version labels retained.,기존 결과,
2trading,ATR replacement ledger,S8,S8 Larry Williams 변동성 돌파,,ATR replacement v1 | aligned_2017_2026 | dynamic_atr_t0 | net,c45ac1b7d10bcc9184e6730b,LEGACY_IMPORTED_NOT_CORE_V6,results/expanded_strategy_results_2026-09-13.csv,17,89e81614857d58c36670973de74eab6234ea582f5ad1c5800904826d7902d0c6,results/expanded_actual_trade_records_2026-09-13.csv,"{""source_project"": ""2trading"", ""source_family"": ""ATR replacement ledger"", ""strategy_code"": ""S8"", ""strategy_name"": ""S8 Larry Williams 변동성 돌파"", ""market"": """", ""version"": ""ATR replacement v1 | aligned_2017_2026 | dynamic_atr_t0 | net""}",FILTER_REQUIRED_CHECK_EQUIVALENT_VERSIONS,,NOT_LINKED,,,NOT_RECORDED_BEFORE_RUN,2017-08-29,2026-08-10,937.0,0.0422684469395056,0.0019667550465107,ATR replacement v1 | aligned_2017_2026 | dynamic_atr_t0 | net,Identical selected-trade ledgers collapsed; all historical version labels retained.,기존 결과,
2trading,ATR replacement ledger,S8,S8 Larry Williams 변동성 돌파,,ATR replacement v1 | aligned_2017_2026 | dynamic_atr_t10 | net,d9ecf75ecbb1832331c92e3d,LEGACY_IMPORTED_NOT_CORE_V6,results/expanded_strategy_results_2026-09-13.csv,18,89e81614857d58c36670973de74eab6234ea582f5ad1c5800904826d7902d0c6,results/expanded_actual_trade_records_2026-09-13.csv,"{""source_project"": ""2trading"", ""source_family"": ""ATR replacement ledger"", ""strategy_code"": ""S8"", ""strategy_name"": ""S8 Larry Williams 변동성 돌파"", ""market"": """", ""version"": ""ATR replacement v1 | aligned_2017_2026 | dynamic_atr_t10 | net""}",FILTER_REQUIRED_CHECK_EQUIVALENT_VERSIONS,,NOT_LINKED,,,NOT_RECORDED_BEFORE_RUN,2017-08-29,2026-08-10,795.0,0.0595087782196858,0.0039045620636373,ATR replacement v1 | aligned_2017_2026 | dynamic_atr_t10 | net,Identical selected-trade ledgers collapsed; all historical version labels retained.,기존 결과,
2trading,ATR replacement ledger,S8,S8 Larry Williams 변동성 돌파,,ATR replacement v1 | aligned_2017_2026 | dynamic_atr_t25 | net,b75632afd3a11067a0d00089,LEGACY_IMPORTED_NOT_CORE_V6,results/expanded_strategy_results_2026-09-13.csv,19,89e81614857d58c36670973de74eab6234ea582f5ad1c5800904826d7902d0c6,results/expanded_actual_trade_records_2026-09-13.csv,"{""source_project"": ""2trading"", ""source_family"": ""ATR replacement ledger"", ""strategy_code"": ""S8"", ""strategy_name"": ""S8 Larry Williams 변동성 돌파"", ""market"": """", ""version"": ""ATR replacement v1 | aligned_2017_2026 | dynamic_atr_t25 | net""}",FILTER_REQUIRED_CHECK_EQUIVALENT_VERSIONS,,NOT_LINKED,,,NOT_RECORDED_BEFORE_RUN,2017-08-29,2026-08-10,760.0,0.0605173930318548,-0.0038873890501796,ATR replacement v1 | aligned_2017_2026 | dynamic_atr_t25 | net,Identical selected-trade ledgers collapsed; all historical version labels retained.,기존 결과,
2trading,ATR replacement ledger,S8,S8 Larry Williams 변동성 돌파,,ATR replacement v1 | aligned_2017_2026 | fixed_atr_t0 | net,dae8cea4949496721d722737,LEGACY_IMPORTED_NOT_CORE_V6,results/expanded_strategy_results_2026-09-13.csv,20,89e81614857d58c36670973de74eab6234ea582f5ad1c5800904826d7902d0c6,results/expanded_actual_trade_records_2026-09-13.csv,"{""source_project"": ""2trading"", ""source_family"": ""ATR replacement ledger"", ""strategy_code"": ""S8"", ""strategy_name"": ""S8 Larry Williams 변동성 돌파"", ""market"": """", ""version"": ""ATR replacement v1 | aligned_2017_2026 | fixed_atr_t0 | net""}",FILTER_REQUIRED_CHECK_EQUIVALENT_VERSIONS,,NOT_LINKED,,,NOT_RECORDED_BEFORE_RUN,2017-08-29,2026-08-10,752.0,0.0625252549017373,0.0018885986128006,ATR replacement v1 | aligned_2017_2026 | fixed_atr_t0 | net,Identical selected-trade ledgers collapsed; all historical version labels retained.,기존 결과,
2trading,ATR replacement ledger,S8,S8 Larry Williams 변동성 돌파,,ATR replacement v1 | aligned_2017_2026 | fixed_atr_t10 | net,7f81705612dff014e1faedbb,LEGACY_IMPORTED_NOT_CORE_V6,results/expanded_strategy_results_2026-09-13.csv,21,89e81614857d58c36670973de74eab6234ea582f5ad1c5800904826d7902d0c6,results/expanded_actual_trade_records_2026-09-13.csv,"{""source_project"": ""2trading"", ""source_family"": ""ATR replacement ledger"", ""strategy_code"": ""S8"", ""strategy_name"": ""S8 Larry Williams 변동성 돌파"", ""market"": """", ""version"": ""ATR replacement v1 | aligned_2017_2026 | fixed_atr_t10 | net""}",FILTER_REQUIRED_CHECK_EQUIVALENT_VERSIONS,,NOT_LINKED,,,NOT_RECORDED_BEFORE_RUN,2017-08-29,2026-08-10,711.0,0.0582378334680532,-0.0123647852081726,ATR replacement v1 | aligned_2017_2026 | fixed_atr_t10 | net,Identical selected-trade ledgers collapsed; all historical version labels retained.,기존 결과,
2trading,ATR replacement ledger,S8,S8 Larry Williams 변동성 돌파,,ATR replacement v1 | aligned_2017_2026 | fixed_atr_t25 | net,ce281048a62ca0b271a6c6f8,LEGACY_IMPORTED_NOT_CORE_V6,results/expanded_strategy_results_2026-09-13.csv,22,89e81614857d58c36670973de74eab6234ea582f5ad1c5800904826d7902d0c6,results/expanded_actual_trade_records_2026-09-13.csv,"{""source_project"": ""2trading"", ""source_family"": ""ATR replacement ledger"", ""strategy_code"": ""S8"", ""strategy_name"": ""S8 Larry Williams 변동성 돌파"", ""market"": """", ""version"": ""ATR replacement v1 | aligned_2017_2026 | fixed_atr_t25 | net""}",FILTER_REQUIRED_CHECK_EQUIVALENT_VERSIONS,,NOT_LINKED,,,NOT_RECORDED_BEFORE_RUN,2017-08-29,2026-08-10,648.0,0.0798236525535707,-0.0123541495143863,ATR replacement v1 | aligned_2017_2026 | fixed_atr_t25 | net,Identical selected-trade ledgers collapsed; all historical version labels retained.,기존 결과,
2trading,ATR replacement ledger,S8,S8 Larry Williams 변동성 돌파,,ATR replacement v1 | full_2010_2026 | baseline_no_rotation | net,0907e1faf1a8868c65886121,LEGACY_IMPORTED_NOT_CORE_V6,results/expanded_strategy_results_2026-09-13.csv,23,89e81614857d58c36670973de74eab6234ea582f5ad1c5800904826d7902d0c6,results/expanded_actual_trade_records_2026-09-13.csv,"{""source_project"": ""2trading"", ""source_family"": ""ATR replacement ledger"", ""strategy_code"": ""S8"", ""strategy_name"": ""S8 Larry Williams 변동성 돌파"", ""market"": """", ""version"": ""ATR replacement v1 | full_2010_2026 | baseline_no_rotation | net""}",FILTER_REQUIRED_CHECK_EQUIVALENT_VERSIONS,,NOT_LINKED,,,NOT_RECORDED_BEFORE_RUN,2010-01-04,2026-08-10,1012.0,0.0570040131265786,-0.0415745909745405,ATR replacement v1 | full_2010_2026 | baseline_no_rotation | net,Identical selected-trade ledgers collapsed; all historical version labels retained.,기존 결과,
2trading,ATR replacement ledger,S8,S8 Larry Williams 변동성 돌파,,ATR replacement v1 | full_2010_2026 | dynamic_atr_t0 | net,d245eb870a66e97986a508df,LEGACY_IMPORTED_NOT_CORE_V6,results/expanded_strategy_results_2026-09-13.csv,24,89e81614857d58c36670973de74eab6234ea582f5ad1c5800904826d7902d0c6,results/expanded_actual_trade_records_2026-09-13.csv,"{""source_project"": ""2trading"", ""source_family"": ""ATR replacement ledger"", ""strategy_code"": ""S8"", ""strategy_name"": ""S8 Larry Williams 변동성 돌파"", ""market"": """", ""version"": ""ATR replacement v1 | full_2010_2026 | dynamic_atr_t0 | net""}",FILTER_REQUIRED_CHECK_EQUIVALENT_VERSIONS,,NOT_LINKED,,,NOT_RECORDED_BEFORE_RUN,2010-01-04,2026-08-10,1479.0,0.0407879078663643,0.0019267748810261,ATR replacement v1 | full_2010_2026 | dynamic_atr_t0 | net,Identical selected-trade ledgers collapsed; all historical version labels retained.,기존 결과,
2trading,ATR replacement ledger,S8,S8 Larry Williams 변동성 돌파,,ATR replacement v1 | full_2010_2026 | dynamic_atr_t10 | net,b5f81f556209f5cc68a9fc8a,LEGACY_IMPORTED_NOT_CORE_V6,results/expanded_strategy_results_2026-09-13.csv,25,89e81614857d58c36670973de74eab6234ea582f5ad1c5800904826d7902d0c6,results/expanded_actual_trade_records_2026-09-13.csv,"{""source_project"": ""2trading"", ""source_family"": ""ATR replacement ledger"", ""strategy_code"": ""S8"", ""strategy_name"": ""S8 Larry Williams 변동성 돌파"", ""market"": """", ""version"": ""ATR replacement v1 | full_2010_2026 | dynamic_atr_t10 | net""}",FILTER_REQUIRED_CHECK_EQUIVALENT_VERSIONS,,NOT_LINKED,,,NOT_RECORDED_BEFORE_RUN,2010-01-04,2026-08-10,1341.0,0.052536068252294,0.0048409194079912,ATR replacement v1 | full_2010_2026 | dynamic_atr_t10 | net,Identical selected-trade ledgers collapsed; all historical version labels retained.,기존 결과,
2trading,ATR replacement ledger,S8,S8 Larry Williams 변동성 돌파,,ATR replacement v1 | full_2010_2026 | dynamic_atr_t25 | net,be42fc4c8a25f6c322f55b95,LEGACY_IMPORTED_NOT_CORE_V6,results/expanded_strategy_results_2026-09-13.csv,26,89e81614857d58c36670973de74eab6234ea582f5ad1c5800904826d7902d0c6,results/expanded_actual_trade_records_2026-09-13.csv,"{""source_project"": ""2trading"", ""source_family"": ""ATR replacement ledger"", ""strategy_code"": ""S8"", ""strategy_name"": ""S8 Larry Williams 변동성 돌파"", ""market"": """", ""version"": ""ATR replacement v1 | full_2010_2026 | dynamic_atr_t25 | net""}",FILTER_REQUIRED_CHECK_EQUIVALENT_VERSIONS,,NOT_LINKED,,,NOT_RECORDED_BEFORE_RUN,2010-01-04,2026-08-10,1261.0,0.0528812579122231,-0.0039564616727207,ATR replacement v1 | full_2010_2026 | dynamic_atr_t25 | net,Identical selected-trade ledgers collapsed; all historical version labels retained.,기존 결과,
2trading,ATR replacement ledger,S8,S8 Larry Williams 변동성 돌파,,ATR replacement v1 | full_2010_2026 | fixed_atr_t0 | net,af6e24a511daf67e9c53460d,LEGACY_IMPORTED_NOT_CORE_V6,results/expanded_strategy_results_2026-09-13.csv,27,89e81614857d58c36670973de74eab6234ea582f5ad1c5800904826d7902d0c6,results/expanded_actual_trade_records_2026-09-13.csv,"{""source_project"": ""2trading"", ""source_family"": ""ATR replacement ledger"", ""strategy_code"": ""S8"", ""strategy_name"": ""S8 Larry Williams 변동성 돌파"", ""market"": """", ""version"": ""ATR replacement v1 | full_2010_2026 | fixed_atr_t0 | net""}",FILTER_REQUIRED_CHECK_EQUIVALENT_VERSIONS,,NOT_LINKED,,,NOT_RECORDED_BEFORE_RUN,2010-01-04,2026-08-10,1316.0,0.0503759124795608,0.0006385395988882,ATR replacement v1 | full_2010_2026 | fixed_atr_t0 | net,Identical selected-trade ledgers collapsed; all historical version labels retained.,기존 결과,
2trading,ATR replacement ledger,S8,S8 Larry Williams 변동성 돌파,,ATR replacement v1 | full_2010_2026 | fixed_atr_t10 | net,0b222c2cca003e567afab578,LEGACY_IMPORTED_NOT_CORE_V6,results/expanded_strategy_results_2026-09-13.csv,28,89e81614857d58c36670973de74eab6234ea582f5ad1c5800904826d7902d0c6,results/expanded_actual_trade_records_2026-09-13.csv,"{""source_project"": ""2trading"", ""source_family"": ""ATR replacement ledger"", ""strategy_code"": ""S8"", ""strategy_name"": ""S8 Larry Williams 변동성 돌파"", ""market"": """", ""version"": ""ATR replacement v1 | full_2010_2026 | fixed_atr_t10 | net""}",FILTER_REQUIRED_CHECK_EQUIVALENT_VERSIONS,,NOT_LINKED,,,NOT_RECORDED_BEFORE_RUN,2010-01-04,2026-08-10,1241.0,0.0525736417115434,-0.0155119186276821,ATR replacement v1 | full_2010_2026 | fixed_atr_t10 | net,Identical selected-trade ledgers collapsed; all historical version labels retained.,기존 결과,
2trading,ATR replacement ledger,S8,S8 Larry Williams 변동성 돌파,,ATR replacement v1 | full_2010_2026 | fixed_atr_t25 | net,a3eca891a4042eead58a8315,LEGACY_IMPORTED_NOT_CORE_V6,results/expanded_strategy_results_2026-09-13.csv,29,89e81614857d58c36670973de74eab6234ea582f5ad1c5800904826d7902d0c6,results/expanded_actual_trade_records_2026-09-13.csv,"{""source_project"": ""2trading"", ""source_family"": ""ATR replacement ledger"", ""strategy_code"": ""S8"", ""strategy_name"": ""S8 Larry Williams 변동성 돌파"", ""market"": """", ""version"": ""ATR replacement v1 | full_2010_2026 | fixed_atr_t25 | net""}",FILTER_REQUIRED_CHECK_EQUIVALENT_VERSIONS,,NOT_LINKED,,,NOT_RECORDED_BEFORE_RUN,2010-01-04,2026-08-10,1133.0,0.0558284306713872,-0.0221390160887711,ATR replacement v1 | full_2010_2026 | fixed_atr_t25 | net,Identical selected-trade ledgers collapsed; all historical version labels retained.,기존 결과,
2trading,Best5 accepted portfolio,RMSE2,RMSE×2 하단 평균회귀,,Best5 max-CAGR v2 | fifo | cap5 | gross,7635fb64980637f8d5ef5d47,LEGACY_IMPORTED_NOT_CORE_V6,results/expanded_strategy_results_2026-09-13.csv,30,89e81614857d58c36670973de74eab6234ea582f5ad1c5800904826d7902d0c6,results/expanded_actual_trade_records_2026-09-13.csv,"{""source_project"": ""2trading"", ""source_family"": ""Best5 accepted portfolio"", ""strategy_code"": ""RMSE2"", ""strategy_name"": ""RMSE×2 하단 평균회귀"", ""market"": """", ""version"": ""Best5 max-CAGR v2 | fifo | cap5 | gross""}",FILTER_REQUIRED_CHECK_EQUIVALENT_VERSIONS,,NOT_LINKED,,,NOT_RECORDED_BEFORE_RUN,2009-12-31,2026-08-10,1639.0,0.0102800951096114,0.0148169995898408,Best5 max-CAGR v2 | fifo | cap5 | gross,Unique selected-trade ledger.,기존 결과,
2trading,Best5 accepted portfolio,S13,S13 NR7 돌파,,Best5 max-CAGR v2 | natural_strength | cap10 | gross,5b16c3ea9aa4fb2a8c2994c5,LEGACY_IMPORTED_NOT_CORE_V6,results/expanded_strategy_results_2026-09-13.csv,31,89e81614857d58c36670973de74eab6234ea582f5ad1c5800904826d7902d0c6,results/expanded_actual_trade_records_2026-09-13.csv,"{""source_project"": ""2trading"", ""source_family"": ""Best5 accepted portfolio"", ""strategy_code"": ""S13"", ""strategy_name"": ""S13 NR7 돌파"", ""market"": """", ""version"": ""Best5 max-CAGR v2 | natural_strength | cap10 | gross""}",FILTER_REQUIRED_CHECK_EQUIVALENT_VERSIONS,,NOT_LINKED,,,NOT_RECORDED_BEFORE_RUN,2010-01-04,2026-08-10,1607.0,0.0226232987410171,-0.0338797647444928,Best5 max-CAGR v2 | natural_strength | cap10 | gross,Unique selected-trade ledger.,기존 결과,
2trading,Best5 accepted portfolio,S3,S3 Darvas Box 돌파,,Best5 max-CAGR v2 | natural_strength | cap10 | gross,b2c4ae4b840adafde09f5059,LEGACY_IMPORTED_NOT_CORE_V6,results/expanded_strategy_results_2026-09-13.csv,32,89e81614857d58c36670973de74eab6234ea582f5ad1c5800904826d7902d0c6,results/expanded_actual_trade_records_2026-09-13.csv,"{""source_project"": ""2trading"", ""source_family"": ""Best5 accepted portfolio"", ""strategy_code"": ""S3"", ""strategy_name"": ""S3 Darvas Box 돌파"", ""market"": """", ""version"": ""Best5 max-CAGR v2 | natural_strength | cap10 | gross""}",FILTER_REQUIRED_CHECK_EQUIVALENT_VERSIONS,,NOT_LINKED,,,NOT_RECORDED_BEFORE_RUN,2010-01-04,2026-08-10,810.0,0.04550382432206,0.0304397043381952,Best5 max-CAGR v2 | natural_strength | cap10 | gross,Unique selected-trade ledger.,기존 결과,
2trading,Best5 accepted portfolio,S8,S8 Larry Williams 변동성 돌파,,Best5 max-CAGR v2 | natural_strength | cap10 | gross,3c528f05ba43e17307940f21,LEGACY_IMPORTED_NOT_CORE_V6,results/expanded_strategy_results_2026-09-13.csv,33,89e81614857d58c36670973de74eab6234ea582f5ad1c5800904826d7902d0c6,results/expanded_actual_trade_records_2026-09-13.csv,"{""source_project"": ""2trading"", ""source_family"": ""Best5 accepted portfolio"", ""strategy_code"": ""S8"", ""strategy_name"": ""S8 Larry Williams 변동성 돌파"", ""market"": """", ""version"": ""Best5 max-CAGR v2 | natural_strength | cap10 | gross""}",FILTER_REQUIRED_CHECK_EQUIVALENT_VERSIONS,,NOT_LINKED,,,NOT_RECORDED_BEFORE_RUN,2010-01-04,2026-08-10,1262.0,0.0327119070522656,-0.0463619468309657,Best5 max-CAGR v2 | natural_strength | cap10 | gross,Unique selected-trade ledger.,기존 결과,
2trading,Best5 accepted portfolio,TKFIB,전환선·기준선 + 피보나치 (TKFIB),,Best5 max-CAGR v2 | fifo | cap5 | gross,08807b9ec5944d0b35a2b985,LEGACY_IMPORTED_NOT_CORE_V6,results/expanded_strategy_results_2026-09-13.csv,34,89e81614857d58c36670973de74eab6234ea582f5ad1c5800904826d7902d0c6,results/expanded_actual_trade_records_2026-09-13.csv,"{""source_project"": ""2trading"", ""source_family"": ""Best5 accepted portfolio"", ""strategy_code"": ""TKFIB"", ""strategy_name"": ""전환선·기준선 + 피보나치 (TKFIB)"", ""market"": """", ""version"": ""Best5 max-CAGR v2 | fifo | cap5 | gross""}",FILTER_REQUIRED_CHECK_EQUIVALENT_VERSIONS,,NOT_LINKED,,,NOT_RECORDED_BEFORE_RUN,2010-01-22,2026-08-10,1296.0,0.010638125195343,0.0150375481553969,Best5 max-CAGR v2 | fifo | cap5 | gross,Unique selected-trade ledger.,기존 결과,
2trading,Rotation-stop research ledger,RMSE2,RMSE×2 하단 평균회귀,,Rotation-stop WF v1 | atr_h10_max1__natural_only | one-way cost 0.10%,332665521bd64893ea79b211,LEGACY_IMPORTED_NOT_CORE_V6,results/expanded_strategy_results_2026-09-13.csv,35,89e81614857d58c36670973de74eab6234ea582f5ad1c5800904826d7902d0c6,results/expanded_actual_trade_records_2026-09-13.csv,"{""source_project"": ""2trading"", ""source_family"": ""Rotation-stop research ledger"", ""strategy_code"": ""RMSE2"", ""strategy_name"": ""RMSE×2 하단 평균회귀"", ""market"": """", ""version"": ""Rotation-stop WF v1 | atr_h10_max1__natural_only | one-way cost 0.10%""}",FILTER_REQUIRED_CHECK_EQUIVALENT_VERSIONS,,NOT_LINKED,,,NOT_RECORDED_BEFORE_RUN,2009-12-31,2026-08-10,1902.0,0.0079999747971104,0.0132472845196803,Rotation-stop WF v1 | atr_h10_max1__natural_only | one-way cost 0.10%,Unique selected-trade ledger.,기존 결과,
2trading,Rotation-stop research ledger,RMSE2,RMSE×2 하단 평균회귀,,Rotation-stop WF v1 | atr_h10_unlimited__natural_only | one-way cost 0.10%,2bb25407f1a98fbab3f0eb86,LEGACY_IMPORTED_NOT_CORE_V6,results/expanded_strategy_results_2026-09-13.csv,36,89e81614857d58c36670973de74eab6234ea582f5ad1c5800904826d7902d0c6,results/expanded_actual_trade_records_2026-09-13.csv,"{""source_project"": ""2trading"", ""source_family"": ""Rotation-stop research ledger"", ""strategy_code"": ""RMSE2"", ""strategy_name"": ""RMSE×2 하단 평균회귀"", ""market"": """", ""version"": ""Rotation-stop WF v1 | atr_h10_unlimited__natural_only | one-way cost 0.10%""}",FILTER_REQUIRED_CHECK_EQUIVALENT_VERSIONS,,NOT_LINKED,,,NOT_RECORDED_BEFORE_RUN,2009-12-31,2026-08-10,1922.0,0.0078778797122762,0.0131690357951858,Rotation-stop WF v1 | atr_h10_unlimited__natural_only | one-way cost 0.10%,Unique selected-trade ledger.,기존 결과,
2trading,Rotation-stop research ledger,RMSE2,RMSE×2 하단 평균회귀,,Rotation-stop WF v1 | atr_h25_max1__natural_only | one-way cost 0.10%,6621b7585c7243416d1afedc,LEGACY_IMPORTED_NOT_CORE_V6,results/expanded_strategy_results_2026-09-13.csv,37,89e81614857d58c36670973de74eab6234ea582f5ad1c5800904826d7902d0c6,results/expanded_actual_trade_records_2026-09-13.csv,"{""source_project"": ""2trading"", ""source_family"": ""Rotation-stop research ledger"", ""strategy_code"": ""RMSE2"", ""strategy_name"": ""RMSE×2 하단 평균회귀"", ""market"": """", ""version"": ""Rotation-stop WF v1 | atr_h25_max1__natural_only | one-way cost 0.10%""}",FILTER_REQUIRED_CHECK_EQUIVALENT_VERSIONS,,NOT_LINKED,,,NOT_RECORDED_BEFORE_RUN,2009-12-31,2026-08-10,1811.0,0.0092351018819351,0.014266765556852,Rotation-stop WF v1 | atr_h25_max1__natural_only | one-way cost 0.10%,Unique selected-trade ledger.,기존 결과,
2trading,Rotation-stop research ledger,RMSE2,RMSE×2 하단 평균회귀,,Rotation-stop WF v1 | atr_h25_unlimited__natural_only | one-way cost 0.10%,02771d9e897272889e854dab,LEGACY_IMPORTED_NOT_CORE_V6,results/expanded_strategy_results_2026-09-13.csv,38,89e81614857d58c36670973de74eab6234ea582f5ad1c5800904826d7902d0c6,results/expanded_actual_trade_records_2026-09-13.csv,"{""source_project"": ""2trading"", ""source_family"": ""Rotation-stop research ledger"", ""strategy_code"": ""RMSE2"", ""strategy_name"": ""RMSE×2 하단 평균회귀"", ""market"": """", ""version"": ""Rotation-stop WF v1 | atr_h25_unlimited__natural_only | one-way cost 0.10%""}",FILTER_REQUIRED_CHECK_EQUIVALENT_VERSIONS,,NOT_LINKED,,,NOT_RECORDED_BEFORE_RUN,2009-12-31,2026-08-10,1812.0,0.0093179383537056,0.0142991440660078,Rotation-stop WF v1 | atr_h25_unlimited__natural_only | one-way cost 0.10%,Unique selected-trade ledger.,기존 결과,
2trading,Rotation-stop research ledger,RMSE2,RMSE×2 하단 평균회귀,,Rotation-stop WF v1 | atr_h50_max1__natural_only | one-way cost 0.10%,b79b46db550fb2de2c1a02b6,LEGACY_IMPORTED_NOT_CORE_V6,results/expanded_strategy_results_2026-09-13.csv,39,89e81614857d58c36670973de74eab6234ea582f5ad1c5800904826d7902d0c6,results/expanded_actual_trade_records_2026-09-13.csv,"{""source_project"": ""2trading"", ""source_family"": ""Rotation-stop research ledger"", ""strategy_code"": ""RMSE2"", ""strategy_name"": ""RMSE×2 하단 평균회귀"", ""market"": """", ""version"": ""Rotation-stop WF v1 | atr_h50_max1__natural_only | one-way cost 0.10%""}",FILTER_REQUIRED_CHECK_EQUIVALENT_VERSIONS,,NOT_LINKED,,,NOT_RECORDED_BEFORE_RUN,2009-12-31,2026-08-10,1759.0,0.009738600054993,0.0150798323565439,Rotation-stop WF v1 | atr_h50_max1__natural_only | one-way cost 0.10%,Unique selected-trade ledger.,기존 결과,
2trading,Rotation-stop research ledger,RMSE2,RMSE×2 하단 평균회귀,,Rotation-stop WF v1 | atr_h50_unlimited__natural_only | one-way cost 0.10%,bec4235d907c69b76dd28d7d,LEGACY_IMPORTED_NOT_CORE_V6,results/expanded_strategy_results_2026-09-13.csv,40,89e81614857d58c36670973de74eab6234ea582f5ad1c5800904826d7902d0c6,results/expanded_actual_trade_records_2026-09-13.csv,"{""source_project"": ""2trading"", ""source_family"": ""Rotation-stop research ledger"", ""strategy_code"": ""RMSE2"", ""strategy_name"": ""RMSE×2 하단 평균회귀"", ""market"": """", ""version"": ""Rotation-stop WF v1 | atr_h50_unlimited__natural_only | one-way cost 0.10%""}",FILTER_REQUIRED_CHECK_EQUIVALENT_VERSIONS,,NOT_LINKED,,,NOT_RECORDED_BEFORE_RUN,2009-12-31,2026-08-10,1756.0,0.0097248748982561,0.0150722809584301,Rotation-stop WF v1 | atr_h50_unlimited__natural_only | one-way cost 0.10%,Unique selected-trade ledger.,기존 결과,
2trading,Rotation-stop research ledger,RMSE2,RMSE×2 하단 평균회귀,,Rotation-stop WF v1 | composite_h10_max1__natural_only | one-way cost 0.10%,b68bec45d31eb057b71cfa27,LEGACY_IMPORTED_NOT_CORE_V6,results/expanded_strategy_results_2026-09-13.csv,41,89e81614857d58c36670973de74eab6234ea582f5ad1c5800904826d7902d0c6,results/expanded_actual_trade_records_2026-09-13.csv,"{""source_project"": ""2trading"", ""source_family"": ""Rotation-stop research ledger"", ""strategy_code"": ""RMSE2"", ""strategy_name"": ""RMSE×2 하단 평균회귀"", ""market"": """", ""version"": ""Rotation-stop WF v1 | composite_h10_max1__natural_only | one-way cost 0.10%""}",FILTER_REQUIRED_CHECK_EQUIVALENT_VERSIONS,,NOT_LINKED,,,NOT_RECORDED_BEFORE_RUN,2009-12-31,2026-08-10,1916.0,0.0094004115498503,0.0117433316587193,Rotation-stop WF v1 | composite_h10_max1__natural_only | one-way cost 0.10%,Unique selected-trade ledger.,기존 결과,
2trading,Rotation-stop research ledger,RMSE2,RMSE×2 하단 평균회귀,,Rotation-stop WF v1 | composite_h10_unlimited__natural_only | one-way cost 0.10%,571b53b4c3e4745e60b00a59,LEGACY_IMPORTED_NOT_CORE_V6,results/expanded_strategy_results_2026-09-13.csv,42,89e81614857d58c36670973de74eab6234ea582f5ad1c5800904826d7902d0c6,results/expanded_actual_trade_records_2026-09-13.csv,"{""source_project"": ""2trading"", ""source_family"": ""Rotation-stop research ledger"", ""strategy_code"": ""RMSE2"", ""strategy_name"": ""RMSE×2 하단 평균회귀"", ""market"": """", ""version"": ""Rotation-stop WF v1 | composite_h10_unlimited__natural_only | one-way cost 0.10%""}",FILTER_REQUIRED_CHECK_EQUIVALENT_VERSIONS,,NOT_LINKED,,,NOT_RECORDED_BEFORE_RUN,2009-12-31,2026-08-10,1945.0,0.0098016047966303,0.0117083183946358,Rotation-stop WF v1 | composite_h10_unlimited__natural_only | one-way cost 0.10%,Unique selected-trade ledger.,기존 결과,
2trading,Rotation-stop research ledger,RMSE2,RMSE×2 하단 평균회귀,,Rotation-stop WF v1 | composite_h25_max1__breakeven_1r | one-way cost 0.10%,bd1195cd9dc161ef7e6028fa,LEGACY_IMPORTED_NOT_CORE_V6,results/expanded_strategy_results_2026-09-13.csv,43,89e81614857d58c36670973de74eab6234ea582f5ad1c5800904826d7902d0c6,results/expanded_actual_trade_records_2026-09-13.csv,"{""source_project"": ""2trading"", ""source_family"": ""Rotation-stop research ledger"", ""strategy_code"": ""RMSE2"", ""strategy_name"": ""RMSE×2 하단 평균회귀"", ""market"": """", ""version"": ""Rotation-stop WF v1 | composite_h25_max1__breakeven_1r | one-way cost 0.10%""}",FILTER_REQUIRED_CHECK_EQUIVALENT_VERSIONS,,NOT_LINKED,,,NOT_RECORDED_BEFORE_RUN,2009-12-31,2026-08-10,1771.0,0.011439727295149,0.0132551196063417,Rotation-stop WF v1 | composite_h25_max1__breakeven_1r | one-way cost 0.10%,Unique selected-trade ledger.,기존 결과,
2trading,Rotation-stop research ledger,RMSE2,RMSE×2 하단 평균회귀,,Rotation-stop WF v1 | composite_h25_max1__breakeven_2r | one-way cost 0.10%,4a22772dedf8636ed0c2aadc,LEGACY_IMPORTED_NOT_CORE_V6,results/expanded_strategy_results_2026-09-13.csv,44,89e81614857d58c36670973de74eab6234ea582f5ad1c5800904826d7902d0c6,results/expanded_actual_trade_records_2026-09-13.csv,"{""source_project"": ""2trading"", ""source_family"": ""Rotation-stop research ledger"", ""strategy_code"": ""RMSE2"", ""strategy_name"": ""RMSE×2 하단 평균회귀"", ""market"": """", ""version"": ""Rotation-stop WF v1 | composite_h25_max1__breakeven_2r | one-way cost 0.10%""}",FILTER_REQUIRED_CHECK_EQUIVALENT_VERSIONS,,NOT_LINKED,,,NOT_RECORDED_BEFORE_RUN,2009-12-31,2026-08-10,1712.0,0.0125865006186691,0.0152886831347917,Rotation-stop WF v1 | composite_h25_max1__breakeven_2r | one-way cost 0.10%,Unique selected-trade ledger.,기존 결과,
2trading,Rotation-stop research ledger,RMSE2,RMSE×2 하단 평균회귀,,Rotation-stop WF v1 | composite_h25_max1__hard_8pct | one-way cost 0.10%,bf4a16e58a26d36320afd5d9,LEGACY_IMPORTED_NOT_CORE_V6,results/expanded_strategy_results_2026-09-13.csv,45,89e81614857d58c36670973de74eab6234ea582f5ad1c5800904826d7902d0c6,results/expanded_actual_trade_records_2026-09-13.csv,"{""source_project"": ""2trading"", ""source_family"": ""Rotation-stop research ledger"", ""strategy_code"": ""RMSE2"", ""strategy_name"": ""RMSE×2 하단 평균회귀"", ""market"": """", ""version"": ""Rotation-stop WF v1 | composite_h25_max1__hard_8pct | one-way cost 0.10%""}",FILTER_REQUIRED_CHECK_EQUIVALENT_VERSIONS,,NOT_LINKED,,,NOT_RECORDED_BEFORE_RUN,2009-12-31,2026-08-10,2338.0,0.0080054603608445,0.0127142560587663,Rotation-stop WF v1 | composite_h25_max1__hard_8pct | one-way cost 0.10%,Unique selected-trade ledger.,기존 결과,
2trading,Rotation-stop research ledger,RMSE2,RMSE×2 하단 평균회귀,,Rotation-stop WF v1 | composite_h25_max1__natural_only | one-way cost 0.10%,e78d87aeab605a2c7ddab497,LEGACY_IMPORTED_NOT_CORE_V6,results/expanded_strategy_results_2026-09-13.csv,46,89e81614857d58c36670973de74eab6234ea582f5ad1c5800904826d7902d0c6,results/expanded_actual_trade_records_2026-09-13.csv,"{""source_project"": ""2trading"", ""source_family"": ""Rotation-stop research ledger"", ""strategy_code"": ""RMSE2"", ""strategy_name"": ""RMSE×2 하단 평균회귀"", ""market"": """", ""version"": ""Rotation-stop WF v1 | composite_h25_max1__natural_only | one-way cost 0.10%""}",FILTER_REQUIRED_CHECK_EQUIVALENT_VERSIONS,,NOT_LINKED,,,NOT_RECORDED_BEFORE_RUN,2009-12-31,2026-08-10,1728.0,0.0131373339601084,0.0153570436785573,Rotation-stop WF v1 | composite_h25_max1__natural_only | one-way cost 0.10%,Unique selected-trade ledger.,기존 결과,
2trading,Rotation-stop research ledger,RMSE2,RMSE×2 하단 평균회귀,,Rotation-stop WF v1 | composite_h25_max1__time_10_nonpositive | one-way cost 0.10%,2d2c4c383b20abb2d548be3b,LEGACY_IMPORTED_NOT_CORE_V6,results/expanded_strategy_results_2026-09-13.csv,47,89e81614857d58c36670973de74eab6234ea582f5ad1c5800904826d7902d0c6,results/expanded_actual_trade_records_2026-09-13.csv,"{""source_project"": ""2trading"", ""source_family"": ""Rotation-stop research ledger"", ""strategy_code"": ""RMSE2"", ""strategy_name"": ""RMSE×2 하단 평균회귀"", ""market"": """", ""version"": ""Rotation-stop WF v1 | composite_h25_max1__time_10_nonpositive | one-way cost 0.10%""}",FILTER_REQUIRED_CHECK_EQUIVALENT_VERSIONS,,NOT_LINKED,,,NOT_RECORDED_BEFORE_RUN,2009-12-31,2026-08-10,3142.0,0.0071477611422828,0.008736092668091,Rotation-stop WF v1 | composite_h25_max1__time_10_nonpositive | one-way cost 0.10%,Unique selected-trade ledger.,기존 결과,
2trading,Rotation-stop research ledger,RMSE2,RMSE×2 하단 평균회귀,,Rotation-stop WF v1 | composite_h25_max1_loser__natural_only | one-way cost 0.10%,f98a4849c94560ae1e078d08,LEGACY_IMPORTED_NOT_CORE_V6,results/expanded_strategy_results_2026-09-13.csv,48,89e81614857d58c36670973de74eab6234ea582f5ad1c5800904826d7902d0c6,results/expanded_actual_trade_records_2026-09-13.csv,"{""source_project"": ""2trading"", ""source_family"": ""Rotation-stop research ledger"", ""strategy_code"": ""RMSE2"", ""strategy_name"": ""RMSE×2 하단 평균회귀"", ""market"": """", ""version"": ""Rotation-stop WF v1 | composite_h25_max1_loser__natural_only | one-way cost 0.10%""}",FILTER_REQUIRED_CHECK_EQUIVALENT_VERSIONS,,NOT_LINKED,,,NOT_RECORDED_BEFORE_RUN,2009-12-31,2026-08-10,1657.0,0.0127965609973423,0.0155971545210744,Rotation-stop WF v1 | composite_h25_max1_loser__natural_only | one-way cost 0.10%,Unique selected-trade ledger.,기존 결과,
2trading,Rotation-stop research ledger,RMSE2,RMSE×2 하단 평균회귀,,Rotation-stop WF v1 | composite_h25_max1_stale20__breakeven_1r | one-way cost 0.10%,ef43ad8e14edfc88e8b7f141,LEGACY_IMPORTED_NOT_CORE_V6,results/expanded_strategy_results_2026-09-13.csv,49,89e81614857d58c36670973de74eab6234ea582f5ad1c5800904826d7902d0c6,results/expanded_actual_trade_records_2026-09-13.csv,"{""source_project"": ""2trading"", ""source_family"": ""Rotation-stop research ledger"", ""strategy_code"": ""RMSE2"", ""strategy_name"": ""RMSE×2 하단 평균회귀"", ""market"": """", ""version"": ""Rotation-stop WF v1 | composite_h25_max1_stale20__breakeven_1r | one-way cost 0.10%""}",FILTER_REQUIRED_CHECK_EQUIVALENT_VERSIONS,,NOT_LINKED,,,NOT_RECORDED_BEFORE_RUN,2009-12-31,2026-08-10,1545.0,0.011707844984521,0.0157835577682807,Rotation-stop WF v1 | composite_h25_max1_stale20__breakeven_1r | one-way cost 0.10%,Unique selected-trade ledger.,기존 결과,
2trading,Rotation-stop research ledger,RMSE2,RMSE×2 하단 평균회귀,,Rotation-stop WF v1 | composite_h25_max1_stale20__breakeven_2r | one-way cost 0.10%,de51d01e88a22c10c9dcc47f,LEGACY_IMPORTED_NOT_CORE_V6,results/expanded_strategy_results_2026-09-13.csv,50,89e81614857d58c36670973de74eab6234ea582f5ad1c5800904826d7902d0c6,results/expanded_actual_trade_records_2026-09-13.csv,"{""source_project"": ""2trading"", ""source_family"": ""Rotation-stop research ledger"", ""strategy_code"": ""RMSE2"", ""strategy_name"": ""RMSE×2 하단 평균회귀"", ""market"": """", ""version"": ""Rotation-stop WF v1 | composite_h25_max1_stale20__breakeven_2r | one-way cost 0.10%""}",FILTER_REQUIRED_CHECK_EQUIVALENT_VERSIONS,,NOT_LINKED,,,NOT_RECORDED_BEFORE_RUN,2009-12-31,2026-08-10,1477.0,0.0126144210785282,0.0170822345925896,Rotation-stop WF v1 | composite_h25_max1_stale20__breakeven_2r | one-way cost 0.10%,Unique selected-trade ledger.,기존 결과,
2trading,Rotation-stop research ledger,RMSE2,RMSE×2 하단 평균회귀,,Rotation-stop WF v1 | composite_h25_max1_stale20__hard_8pct | one-way cost 0.10%,009646b56963a044db1b0ff0,LEGACY_IMPORTED_NOT_CORE_V6,results/expanded_strategy_results_2026-09-13.csv,51,89e81614857d58c36670973de74eab6234ea582f5ad1c5800904826d7902d0c6,results/expanded_actual_trade_records_2026-09-13.csv,"{""source_project"": ""2trading"", ""source_family"": ""Rotation-stop research ledger"", ""strategy_code"": ""RMSE2"", ""strategy_name"": ""RMSE×2 하단 평균회귀"", ""market"": """", ""version"": ""Rotation-stop WF v1 | composite_h25_max1_stale20__hard_8pct | one-way cost 0.10%""}",FILTER_REQUIRED_CHECK_EQUIVALENT_VERSIONS,,NOT_LINKED,,,NOT_RECORDED_BEFORE_RUN,2009-12-31,2026-08-10,2097.0,0.0093809771612321,0.0156834772893361,Rotation-stop WF v1 | composite_h25_max1_stale20__hard_8pct | one-way cost 0.10%,Unique selected-trade ledger.,기존 결과,
2trading,Rotation-stop research ledger,RMSE2,RMSE×2 하단 평균회귀,,Rotation-stop WF v1 | composite_h25_max1_stale20__natural_only | one-way cost 0.10%,8fe0f111fc70f569c286766d,LEGACY_IMPORTED_NOT_CORE_V6,results/expanded_strategy_results_2026-09-13.csv,52,89e81614857d58c36670973de74eab6234ea582f5ad1c5800904826d7902d0c6,results/expanded_actual_trade_records_2026-09-13.csv,"{""source_project"": ""2trading"", ""source_family"": ""Rotation-stop research ledger"", ""strategy_code"": ""RMSE2"", ""strategy_name"": ""RMSE×2 하단 평균회귀"", ""market"": """", ""version"": ""Rotation-stop WF v1 | composite_h25_max1_stale20__natural_only | one-way cost 0.10%""}",FILTER_REQUIRED_CHECK_EQUIVALENT_VERSIONS,,NOT_LINKED,,,NOT_RECORDED_BEFORE_RUN,2009-12-31,2026-08-10,1475.0,0.013076753848259,0.0173532286013367,Rotation-stop WF v1 | composite_h25_max1_stale20__natural_only | one-way cost 0.10%,Unique selected-trade ledger.,기존 결과,
2trading,Rotation-stop research ledger,RMSE2,RMSE×2 하단 평균회귀,,Rotation-stop WF v1 | composite_h25_unlimited__breakeven_1r | one-way cost 0.10%,185d5fa3f05bed01a043e3c4,LEGACY_IMPORTED_NOT_CORE_V6,results/expanded_strategy_results_2026-09-13.csv,53,89e81614857d58c36670973de74eab6234ea582f5ad1c5800904826d7902d0c6,results/expanded_actual_trade_records_2026-09-13.csv,"{""source_project"": ""2trading"", ""source_family"": ""Rotation-stop research ledger"", ""strategy_code"": ""RMSE2"", ""strategy_name"": ""RMSE×2 하단 평균회귀"", ""market"": """", ""version"": ""Rotation-stop WF v1 | composite_h25_unlimited__breakeven_1r | one-way cost 0.10%""}",FILTER_REQUIRED_CHECK_EQUIVALENT_VERSIONS,,NOT_LINKED,,,NOT_RECORDED_BEFORE_RUN,2009-12-31,2026-08-10,1761.0,0.0114948074289183,0.0132551196063417,Rotation-stop WF v1 | composite_h25_unlimited__breakeven_1r | one-way cost 0.10%,Unique selected-trade ledger.,기존 결과,
2trading,Rotation-stop research ledger,RMSE2,RMSE×2 하단 평균회귀,,Rotation-stop WF v1 | composite_h25_unlimited__breakeven_2r | one-way cost 0.10%,c8c7fe452e1eebc2dabe141b,LEGACY_IMPORTED_NOT_CORE_V6,results/expanded_strategy_results_2026-09-13.csv,54,89e81614857d58c36670973de74eab6234ea582f5ad1c5800904826d7902d0c6,results/expanded_actual_trade_records_2026-09-13.csv,"{""source_project"": ""2trading"", ""source_family"": ""Rotation-stop research ledger"", ""strategy_code"": ""RMSE2"", ""strategy_name"": ""RMSE×2 하단 평균회귀"", ""market"": """", ""version"": ""Rotation-stop WF v1 | composite_h25_unlimited__breakeven_2r | one-way cost 0.10%""}",FILTER_REQUIRED_CHECK_EQUIVALENT_VERSIONS,,NOT_LINKED,,,NOT_RECORDED_BEFORE_RUN,2009-12-31,2026-08-10,1720.0,0.0129005101623635,0.0153036481773196,Rotation-stop WF v1 | composite_h25_unlimited__breakeven_2r | one-way cost 0.10%,Unique selected-trade ledger.,기존 결과,
2trading,Rotation-stop research ledger,RMSE2,RMSE×2 하단 평균회귀,,Rotation-stop WF v1 | composite_h25_unlimited__hard_8pct | one-way cost 0.10%,d5c7608f5f20538f77ab1232,LEGACY_IMPORTED_NOT_CORE_V6,results/expanded_strategy_results_2026-09-13.csv,55,89e81614857d58c36670973de74eab6234ea582f5ad1c5800904826d7902d0c6,results/expanded_actual_trade_records_2026-09-13.csv,"{""source_project"": ""2trading"", ""source_family"": ""Rotation-stop research ledger"", ""strategy_code"": ""RMSE2"", ""strategy_name"": ""RMSE×2 하단 평균회귀"", ""market"": """", ""version"": ""Rotation-stop WF v1 | composite_h25_unlimited__hard_8pct | one-way cost 0.10%""}",FILTER_REQUIRED_CHECK_EQUIVALENT_VERSIONS,,NOT_LINKED,,,NOT_RECORDED_BEFORE_RUN,2009-12-31,2026-08-10,2368.0,0.0081445110664908,0.0126212627145028,Rotation-stop WF v1 | composite_h25_unlimited__hard_8pct | one-way cost 0.10%,Unique selected-trade ledger.,기존 결과,
2trading,Rotation-stop research ledger,RMSE2,RMSE×2 하단 평균회귀,,Rotation-stop WF v1 | composite_h25_unlimited__natural_only | one-way cost 0.10%,d3ff8ee30a29c8e75b870699,LEGACY_IMPORTED_NOT_CORE_V6,results/expanded_strategy_results_2026-09-13.csv,56,89e81614857d58c36670973de74eab6234ea582f5ad1c5800904826d7902d0c6,results/expanded_actual_trade_records_2026-09-13.csv,"{""source_project"": ""2trading"", ""source_family"": ""Rotation-stop research ledger"", ""strategy_code"": ""RMSE2"", ""strategy_name"": ""RMSE×2 하단 평균회귀"", ""market"": """", ""version"": ""Rotation-stop WF v1 | composite_h25_unlimited__natural_only | one-way cost 0.10%""}",FILTER_REQUIRED_CHECK_EQUIVALENT_VERSIONS,,NOT_LINKED,,,NOT_RECORDED_BEFORE_RUN,2009-12-31,2026-08-10,1736.0,0.0134459110041308,0.015378615654687,Rotation-stop WF v1 | composite_h25_unlimited__natural_only | one-way cost 0.10%,Unique selected-trade ledger.,기존 결과,
2trading,Rotation-stop research ledger,RMSE2,RMSE×2 하단 평균회귀,,Rotation-stop WF v1 | composite_h25_unlimited__time_10_nonpositive | one-way cost 0.10%,48c9c423292fb2dd0f81c751,LEGACY_IMPORTED_NOT_CORE_V6,results/expanded_strategy_results_2026-09-13.csv,57,89e81614857d58c36670973de74eab6234ea582f5ad1c5800904826d7902d0c6,results/expanded_actual_trade_records_2026-09-13.csv,"{""source_project"": ""2trading"", ""source_family"": ""Rotation-stop research ledger"", ""strategy_code"": ""RMSE2"", ""strategy_name"": ""RMSE×2 하단 평균회귀"", ""market"": """", ""version"": ""Rotation-stop WF v1 | composite_h25_unlimited__time_10_nonpositive | one-way cost 0.10%""}",FILTER_REQUIRED_CHECK_EQUIVALENT_VERSIONS,,NOT_LINKED,,,NOT_RECORDED_BEFORE_RUN,2009-12-31,2026-08-10,3172.0,0.0072823597164534,0.0086860522474583,Rotation-stop WF v1 | composite_h25_unlimited__time_10_nonpositive | one-way cost 0.10%,Unique selected-trade ledger.,기존 결과,
2trading,Rotation-stop research ledger,RMSE2,RMSE×2 하단 평균회귀,,Rotation-stop WF v1 | composite_h50_max1__breakeven_1r | one-way cost 0.10%,503270c5548222e6a0eb5369,LEGACY_IMPORTED_NOT_CORE_V6,results/expanded_strategy_results_2026-09-13.csv,58,89e81614857d58c36670973de74eab6234ea582f5ad1c5800904826d7902d0c6,results/expanded_actual_trade_records_2026-09-13.csv,"{""source_project"": ""2trading"", ""source_family"": ""Rotation-stop research ledger"", ""strategy_code"": ""RMSE2"", ""strategy_name"": ""RMSE×2 하단 평균회귀"", ""market"": """", ""version"": ""Rotation-stop WF v1 | composite_h50_max1__breakeven_1r | one-way cost 0.10%""}",FILTER_REQUIRED_CHECK_EQUIVALENT_VERSIONS,,NOT_LINKED,,,NOT_RECORDED_BEFORE_RUN,2009-12-31,2026-08-10,1579.0,0.0117936552022873,0.0146238372987121,Rotation-stop WF v1 | composite_h50_max1__breakeven_1r | one-way cost 0.10%,Unique selected-trade ledger.,기존 결과,
2trading,Rotation-stop research ledger,RMSE2,RMSE×2 하단 평균회귀,,Rotation-stop WF v1 | composite_h50_max1__breakeven_2r | one-way cost 0.10%,d6d8a4c0c6a14c1ea6529c36,LEGACY_IMPORTED_NOT_CORE_V6,results/expanded_strategy_results_2026-09-13.csv,59,89e81614857d58c36670973de74eab6234ea582f5ad1c5800904826d7902d0c6,results/expanded_actual_trade_records_2026-09-13.csv,"{""source_project"": ""2trading"", ""source_family"": ""Rotation-stop research ledger"", ""strategy_code"": ""RMSE2"", ""strategy_name"": ""RMSE×2 하단 평균회귀"", ""market"": """", ""version"": ""Rotation-stop WF v1 | composite_h50_max1__breakeven_2r | one-way cost 0.10%""}",FILTER_REQUIRED_CHECK_EQUIVALENT_VERSIONS,,NOT_LINKED,,,NOT_RECORDED_BEFORE_RUN,2009-12-31,2026-08-10,1526.0,0.0132988732062011,0.0159834249108022,Rotation-stop WF v1 | composite_h50_max1__breakeven_2r | one-way cost 0.10%,Unique selected-trade ledger.,기존 결과,
2trading,Rotation-stop research ledger,RMSE2,RMSE×2 하단 평균회귀,,Rotation-stop WF v1 | composite_h50_max1__natural_only | one-way cost 0.10%,c6a884da97d46df815206e8c,LEGACY_IMPORTED_NOT_CORE_V6,results/expanded_strategy_results_2026-09-13.csv,60,89e81614857d58c36670973de74eab6234ea582f5ad1c5800904826d7902d0c6,results/expanded_actual_trade_records_2026-09-13.csv,"{""source_project"": ""2trading"", ""source_family"": ""Rotation-stop research ledger"", ""strategy_code"": ""RMSE2"", ""strategy_name"": ""RMSE×2 하단 평균회귀"", ""market"": """", ""version"": ""Rotation-stop WF v1 | composite_h50_max1__natural_only | one-way cost 0.10%""}",FILTER_REQUIRED_CHECK_EQUIVALENT_VERSIONS,,NOT_LINKED,,,NOT_RECORDED_BEFORE_RUN,2009-12-31,2026-08-10,1533.0,0.0139465327584536,0.0163031876716781,Rotation-stop WF v1 | composite_h50_max1__natural_only | one-way cost 0.10%,Identical selected-trade ledgers collapsed; all historical version labels retained.,기존 결과,
2trading,Rotation-stop research ledger,RMSE2,RMSE×2 하단 평균회귀,,Rotation-stop WF v1 | composite_h50_max1__time_10_nonpositive | one-way cost 0.10%,489ac03efb90c1adf6b14f4a,LEGACY_IMPORTED_NOT_CORE_V6,results/expanded_strategy_results_2026-09-13.csv,61,89e81614857d58c36670973de74eab6234ea582f5ad1c5800904826d7902d0c6,results/expanded_actual_trade_records_2026-09-13.csv,"{""source_project"": ""2trading"", ""source_family"": ""Rotation-stop research ledger"", ""strategy_code"": ""RMSE2"", ""strategy_name"": ""RMSE×2 하단 평균회귀"", ""market"": """", ""version"": ""Rotation-stop WF v1 | composite_h50_max1__time_10_nonpositive | one-way cost 0.10%""}",FILTER_REQUIRED_CHECK_EQUIVALENT_VERSIONS,,NOT_LINKED,,,NOT_RECORDED_BEFORE_RUN,2009-12-31,2026-08-10,3053.0,0.0077486222027213,0.0098136874325271,Rotation-stop WF v1 | composite_h50_max1__time_10_nonpositive | one-way cost 0.10%,Unique selected-trade ledger.,기존 결과,
2trading,Rotation-stop research ledger,RMSE2,RMSE×2 하단 평균회귀,,Rotation-stop WF v1 | composite_h50_unlimited__breakeven_1r | one-way cost 0.10%,6bad3622eed6e926cda3c13e,LEGACY_IMPORTED_NOT_CORE_V6,results/expanded_strategy_results_2026-09-13.csv,62,89e81614857d58c36670973de74eab6234ea582f5ad1c5800904826d7902d0c6,results/expanded_actual_trade_records_2026-09-13.csv,"{""source_project"": ""2trading"", ""source_family"": ""Rotation-stop research ledger"", ""strategy_code"": ""RMSE2"", ""strategy_name"": ""RMSE×2 하단 평균회귀"", ""market"": """", ""version"": ""Rotation-stop WF v1 | composite_h50_unlimited__breakeven_1r | one-way cost 0.10%""}",FILTER_REQUIRED_CHECK_EQUIVALENT_VERSIONS,,NOT_LINKED,,,NOT_RECORDED_BEFORE_RUN,2009-12-31,2026-08-10,1580.0,0.011808374687707,0.0145728845571355,Rotation-stop WF v1 | composite_h50_unlimited__breakeven_1r | one-way cost 0.10%,Unique selected-trade ledger.,기존 결과,
2trading,Rotation-stop research ledger,RMSE2,RMSE×2 하단 평균회귀,,Rotation-stop WF v1 | composite_h50_unlimited__breakeven_2r | one-way cost 0.10%,b63f67d4d113a0d4a5af4155,LEGACY_IMPORTED_NOT_CORE_V6,results/expanded_strategy_results_2026-09-13.csv,63,89e81614857d58c36670973de74eab6234ea582f5ad1c5800904826d7902d0c6,results/expanded_actual_trade_records_2026-09-13.csv,"{""source_project"": ""2trading"", ""source_family"": ""Rotation-stop research ledger"", ""strategy_code"": ""RMSE2"", ""strategy_name"": ""RMSE×2 하단 평균회귀"", ""market"": """", ""version"": ""Rotation-stop WF v1 | composite_h50_unlimited__breakeven_2r | one-way cost 0.10%""}",FILTER_REQUIRED_CHECK_EQUIVALENT_VERSIONS,,NOT_LINKED,,,NOT_RECORDED_BEFORE_RUN,2009-12-31,2026-08-10,1522.0,0.013371054162358,0.0160878111864198,Rotation-stop WF v1 | composite_h50_unlimited__breakeven_2r | one-way cost 0.10%,Unique selected-trade ledger.,기존 결과,
2trading,Rotation-stop research ledger,RMSE2,RMSE×2 하단 평균회귀,,Rotation-stop WF v1 | composite_h50_unlimited__time_10_nonpositive | one-way cost 0.10%,cfcbd94ec8e8c3846a9b75ed,LEGACY_IMPORTED_NOT_CORE_V6,results/expanded_strategy_results_2026-09-13.csv,64,89e81614857d58c36670973de74eab6234ea582f5ad1c5800904826d7902d0c6,results/expanded_actual_trade_records_2026-09-13.csv,"{""source_project"": ""2trading"", ""source_family"": ""Rotation-stop research ledger"", ""strategy_code"": ""RMSE2"", ""strategy_name"": ""RMSE×2 하단 평균회귀"", ""market"": """", ""version"": ""Rotation-stop WF v1 | composite_h50_unlimited__time_10_nonpositive | one-way cost 0.10%""}",FILTER_REQUIRED_CHECK_EQUIVALENT_VERSIONS,,NOT_LINKED,,,NOT_RECORDED_BEFORE_RUN,2009-12-31,2026-08-10,3054.0,0.0078197950153375,0.0097435859985749,Rotation-stop WF v1 | composite_h50_unlimited__time_10_nonpositive | one-way cost 0.10%,Unique selected-trade ledger.,기존 결과,
2trading,Rotation-stop research ledger,RMSE2,RMSE×2 하단 평균회귀,,Rotation-stop WF v1 | current_h10_max1__natural_only | one-way cost 0.10%,2d109cf22c76bc049805b3ce,LEGACY_IMPORTED_NOT_CORE_V6,results/expanded_strategy_results_2026-09-13.csv,65,89e81614857d58c36670973de74eab6234ea582f5ad1c5800904826d7902d0c6,results/expanded_actual_trade_records_2026-09-13.csv,"{""source_project"": ""2trading"", ""source_family"": ""Rotation-stop research ledger"", ""strategy_code"": ""RMSE2"", ""strategy_name"": ""RMSE×2 하단 평균회귀"", ""market"": """", ""version"": ""Rotation-stop WF v1 | current_h10_max1__natural_only | one-way cost 0.10%""}",FILTER_REQUIRED_CHECK_EQUIVALENT_VERSIONS,,NOT_LINKED,,,NOT_RECORDED_BEFORE_RUN,2009-12-31,2026-08-10,2342.0,0.0083478439352719,0.0085503342355276,Rotation-stop WF v1 | current_h10_max1__natural_only | one-way cost 0.10%,Unique selected-trade ledger.,기존 결과,
2trading,Rotation-stop research ledger,RMSE2,RMSE×2 하단 평균회귀,,Rotation-stop WF v1 | current_h10_unlimited__natural_only | one-way cost 0.10%,194c3df6b567a3aadfcb8381,LEGACY_IMPORTED_NOT_CORE_V6,results/expanded_strategy_results_2026-09-13.csv,66,89e81614857d58c36670973de74eab6234ea582f5ad1c5800904826d7902d0c6,results/expanded_actual_trade_records_2026-09-13.csv,"{""source_project"": ""2trading"", ""source_family"": ""Rotation-stop research ledger"", ""strategy_code"": ""RMSE2"", ""strategy_name"": ""RMSE×2 하단 평균회귀"", ""market"": """", ""version"": ""Rotation-stop WF v1 | current_h10_unlimited__natural_only | one-way cost 0.10%""}",FILTER_REQUIRED_CHECK_EQUIVALENT_VERSIONS,,NOT_LINKED,,,NOT_RECORDED_BEFORE_RUN,2009-12-31,2026-08-10,2431.0,0.0074000998923299,0.0078940582786601,Rotation-stop WF v1 | current_h10_unlimited__natural_only | one-way cost 0.10%,Unique selected-trade ledger.,기존 결과,
2trading,Rotation-stop research ledger,RMSE2,RMSE×2 하단 평균회귀,,Rotation-stop WF v1 | current_h25_max1__breakeven_1r | one-way cost 0.10%,d9a55102a275b0d57be9b2af,LEGACY_IMPORTED_NOT_CORE_V6,results/expanded_strategy_results_2026-09-13.csv,67,89e81614857d58c36670973de74eab6234ea582f5ad1c5800904826d7902d0c6,results/expanded_actual_trade_records_2026-09-13.csv,"{""source_project"": ""2trading"", ""source_family"": ""Rotation-stop research ledger"", ""strategy_code"": ""RMSE2"", ""strategy_name"": ""RMSE×2 하단 평균회귀"", ""market"": """", ""version"": ""Rotation-stop WF v1 | current_h25_max1__breakeven_1r | one-way cost 0.10%""}",FILTER_REQUIRED_CHECK_EQUIVALENT_VERSIONS,,NOT_LINKED,,,NOT_RECORDED_BEFORE_RUN,2009-12-31,2026-08-10,2262.0,0.006399955036754,0.008426765876352,Rotation-stop WF v1 | current_h25_max1__breakeven_1r | one-way cost 0.10%,Unique selected-trade ledger.,기존 결과,
2trading,Rotation-stop research ledger,RMSE2,RMSE×2 하단 평균회귀,,Rotation-stop WF v1 | current_h25_max1__breakeven_2r | one-way cost 0.10%,eaeba23978d1cdf865b635cc,LEGACY_IMPORTED_NOT_CORE_V6,results/expanded_strategy_results_2026-09-13.csv,68,89e81614857d58c36670973de74eab6234ea582f5ad1c5800904826d7902d0c6,results/expanded_actual_trade_records_2026-09-13.csv,"{""source_project"": ""2trading"", ""source_family"": ""Rotation-stop research ledger"", ""strategy_code"": ""RMSE2"", ""strategy_name"": ""RMSE×2 하단 평균회귀"", ""market"": """", ""version"": ""Rotation-stop WF v1 | current_h25_max1__breakeven_2r | one-way cost 0.10%""}",FILTER_REQUIRED_CHECK_EQUIVALENT_VERSIONS,,NOT_LINKED,,,NOT_RECORDED_BEFORE_RUN,2009-12-31,2026-08-10,2188.0,0.0077284972281899,0.0094917522287131,Rotation-stop WF v1 | current_h25_max1__breakeven_2r | one-way cost 0.10%,Unique selected-trade ledger.,기존 결과,
2trading,Rotation-stop research ledger,RMSE2,RMSE×2 하단 평균회귀,,Rotation-stop WF v1 | current_h25_max1__natural_only | one-way cost 0.10%,c457517e7e5ef603be5819b9,LEGACY_IMPORTED_NOT_CORE_V6,results/expanded_strategy_results_2026-09-13.csv,69,89e81614857d58c36670973de74eab6234ea582f5ad1c5800904826d7902d0c6,results/expanded_actual_trade_records_2026-09-13.csv,"{""source_project"": ""2trading"", ""source_family"": ""Rotation-stop research ledger"", ""strategy_code"": ""RMSE2"", ""strategy_name"": ""RMSE×2 하단 평균회귀"", ""market"": """", ""version"": ""Rotation-stop WF v1 | current_h25_max1__natural_only | one-way cost 0.10%""}",FILTER_REQUIRED_CHECK_EQUIVALENT_VERSIONS,,NOT_LINKED,,,NOT_RECORDED_BEFORE_RUN,2009-12-31,2026-08-10,2191.0,0.0075782379685274,0.0095127485204717,Rotation-stop WF v1 | current_h25_max1__natural_only | one-way cost 0.10%,Unique selected-trade ledger.,기존 결과,
2trading,Rotation-stop research ledger,RMSE2,RMSE×2 하단 평균회귀,,Rotation-stop WF v1 | current_h25_max1__time_10_nonpositive | one-way cost 0.10%,c3bb62ba91c8272536ec866b,LEGACY_IMPORTED_NOT_CORE_V6,results/expanded_strategy_results_2026-09-13.csv,70,89e81614857d58c36670973de74eab6234ea582f5ad1c5800904826d7902d0c6,results/expanded_actual_trade_records_2026-09-13.csv,"{""source_project"": ""2trading"", ""source_family"": ""Rotation-stop research ledger"", ""strategy_code"": ""RMSE2"", ""strategy_name"": ""RMSE×2 하단 평균회귀"", ""market"": """", ""version"": ""Rotation-stop WF v1 | current_h25_max1__time_10_nonpositive | one-way cost 0.10%""}",FILTER_REQUIRED_CHECK_EQUIVALENT_VERSIONS,,NOT_LINKED,,,NOT_RECORDED_BEFORE_RUN,2009-12-31,2026-08-10,3656.0,0.0045360020130657,0.0065095256574978,Rotation-stop WF v1 | current_h25_max1__time_10_nonpositive | one-way cost 0.10%,Unique selected-trade ledger.,기존 결과,
2trading,Rotation-stop research ledger,RMSE2,RMSE×2 하단 평균회귀,,Rotation-stop WF v1 | current_h25_unlimited__natural_only | one-way cost 0.10%,c528291e00baa810c6cf08ff,LEGACY_IMPORTED_NOT_CORE_V6,results/expanded_strategy_results_2026-09-13.csv,71,89e81614857d58c36670973de74eab6234ea582f5ad1c5800904826d7902d0c6,results/expanded_actual_trade_records_2026-09-13.csv,"{""source_project"": ""2trading"", ""source_family"": ""Rotation-stop research ledger"", ""strategy_code"": ""RMSE2"", ""strategy_name"": ""RMSE×2 하단 평균회귀"", ""market"": """", ""version"": ""Rotation-stop WF v1 | current_h25_unlimited__natural_only | one-way cost 0.10%""}",FILTER_REQUIRED_CHECK_EQUIVALENT_VERSIONS,,NOT_LINKED,,,NOT_RECORDED_BEFORE_RUN,2009-12-31,2026-08-10,2254.0,0.0077489933184555,0.0090941731679003,Rotation-stop WF v1 | current_h25_unlimited__natural_only | one-way cost 0.10%,Unique selected-trade ledger.,기존 결과,
2trading,Rotation-stop research ledger,RMSE2,RMSE×2 하단 평균회귀,,Rotation-stop WF v1 | current_h50_max1__natural_only | one-way cost 0.10%,0a44cd0b6763f94301874c48,LEGACY_IMPORTED_NOT_CORE_V6,results/expanded_strategy_results_2026-09-13.csv,72,89e81614857d58c36670973de74eab6234ea582f5ad1c5800904826d7902d0c6,results/expanded_actual_trade_records_2026-09-13.csv,"{""source_project"": ""2trading"", ""source_family"": ""Rotation-stop research ledger"", ""strategy_code"": ""RMSE2"", ""strategy_name"": ""RMSE×2 하단 평균회귀"", ""market"": """", ""version"": ""Rotation-stop WF v1 | current_h50_max1__natural_only | one-way cost 0.10%""}",FILTER_REQUIRED_CHECK_EQUIVALENT_VERSIONS,,NOT_LINKED,,,NOT_RECORDED_BEFORE_RUN,2009-12-31,2026-08-10,2021.0,0.0096238822363795,0.0102707128972026,Rotation-stop WF v1 | current_h50_max1__natural_only | one-way cost 0.10%,Unique selected-trade ledger.,기존 결과,
2trading,Rotation-stop research ledger,RMSE2,RMSE×2 하단 평균회귀,,Rotation-stop WF v1 | current_h50_unlimited__natural_only | one-way cost 0.10%,d54518159303a32e99d815f0,LEGACY_IMPORTED_NOT_CORE_V6,results/expanded_strategy_results_2026-09-13.csv,73,89e81614857d58c36670973de74eab6234ea582f5ad1c5800904826d7902d0c6,results/expanded_actual_trade_records_2026-09-13.csv,"{""source_project"": ""2trading"", ""source_family"": ""Rotation-stop research ledger"", ""strategy_code"": ""RMSE2"", ""strategy_name"": ""RMSE×2 하단 평균회귀"", ""market"": """", ""version"": ""Rotation-stop WF v1 | current_h50_unlimited__natural_only | one-way cost 0.10%""}",FILTER_REQUIRED_CHECK_EQUIVALENT_VERSIONS,,NOT_LINKED,,,NOT_RECORDED_BEFORE_RUN,2009-12-31,2026-08-10,2029.0,0.0095913573293763,0.0099980330964069,Rotation-stop WF v1 | current_h50_unlimited__natural_only | one-way cost 0.10%,Unique selected-trade ledger.,기존 결과,
2trading,Rotation-stop research ledger,RMSE2,RMSE×2 하단 평균회귀,,Rotation-stop WF v1 | dynamic_h10_max1__natural_only | one-way cost 0.10%,477da9b9520a869adc0e02bd,LEGACY_IMPORTED_NOT_CORE_V6,results/expanded_strategy_results_2026-09-13.csv,74,89e81614857d58c36670973de74eab6234ea582f5ad1c5800904826d7902d0c6,results/expanded_actual_trade_records_2026-09-13.csv,"{""source_project"": ""2trading"", ""source_family"": ""Rotation-stop research ledger"", ""strategy_code"": ""RMSE2"", ""strategy_name"": ""RMSE×2 하단 평균회귀"", ""market"": """", ""version"": ""Rotation-stop WF v1 | dynamic_h10_max1__natural_only | one-way cost 0.10%""}",FILTER_REQUIRED_CHECK_EQUIVALENT_VERSIONS,,NOT_LINKED,,,NOT_RECORDED_BEFORE_RUN,2009-12-31,2026-08-10,3326.0,0.0043302570601521,0.0089204216479474,Rotation-stop WF v1 | dynamic_h10_max1__natural_only | one-way cost 0.10%,Unique selected-trade ledger.,기존 결과,
2trading,Rotation-stop research ledger,RMSE2,RMSE×2 하단 평균회귀,,Rotation-stop WF v1 | dynamic_h10_unlimited__natural_only | one-way cost 0.10%,375cd3b9c2f3dd3fded8acd4,LEGACY_IMPORTED_NOT_CORE_V6,results/expanded_strategy_results_2026-09-13.csv,75,89e81614857d58c36670973de74eab6234ea582f5ad1c5800904826d7902d0c6,results/expanded_actual_trade_records_2026-09-13.csv,"{""source_project"": ""2trading"", ""source_family"": ""Rotation-stop research ledger"", ""strategy_code"": ""RMSE2"", ""strategy_name"": ""RMSE×2 하단 평균회귀"", ""market"": """", ""version"": ""Rotation-stop WF v1 | dynamic_h10_unlimited__natural_only | one-way cost 0.10%""}",FILTER_REQUIRED_CHECK_EQUIVALENT_VERSIONS,,NOT_LINKED,,,NOT_RECORDED_BEFORE_RUN,2009-12-31,2026-08-10,3640.0,0.004880033368199,0.0084459076506511,Rotation-stop WF v1 | dynamic_h10_unlimited__natural_only | one-way cost 0.10%,Unique selected-trade ledger.,기존 결과,
2trading,Rotation-stop research ledger,RMSE2,RMSE×2 하단 평균회귀,,Rotation-stop WF v1 | dynamic_h25_max1__natural_only | one-way cost 0.10%,f3b2582125ec80fbdae3e512,LEGACY_IMPORTED_NOT_CORE_V6,results/expanded_strategy_results_2026-09-13.csv,76,89e81614857d58c36670973de74eab6234ea582f5ad1c5800904826d7902d0c6,results/expanded_actual_trade_records_2026-09-13.csv,"{""source_project"": ""2trading"", ""source_family"": ""Rotation-stop research ledger"", ""strategy_code"": ""RMSE2"", ""strategy_name"": ""RMSE×2 하단 평균회귀"", ""market"": """", ""version"": ""Rotation-stop WF v1 | dynamic_h25_max1__natural_only | one-way cost 0.10%""}",FILTER_REQUIRED_CHECK_EQUIVALENT_VERSIONS,,NOT_LINKED,,,NOT_RECORDED_BEFORE_RUN,2009-12-31,2026-08-10,2791.0,0.0052160185247492,0.0109100209526515,Rotation-stop WF v1 | dynamic_h25_max1__natural_only | one-way cost 0.10%,Unique selected-trade ledger.,기존 결과,
2trading,Rotation-stop research ledger,RMSE2,RMSE×2 하단 평균회귀,,Rotation-stop WF v1 | dynamic_h25_max1_loser__natural_only | one-way cost 0.10%,8ad5778bfab2fa43c21484e2,LEGACY_IMPORTED_NOT_CORE_V6,results/expanded_strategy_results_2026-09-13.csv,77,89e81614857d58c36670973de74eab6234ea582f5ad1c5800904826d7902d0c6,results/expanded_actual_trade_records_2026-09-13.csv,"{""source_project"": ""2trading"", ""source_family"": ""Rotation-stop research ledger"", ""strategy_code"": ""RMSE2"", ""strategy_name"": ""RMSE×2 하단 평균회귀"", ""market"": """", ""version"": ""Rotation-stop WF v1 | dynamic_h25_max1_loser__natural_only | one-way cost 0.10%""}",FILTER_REQUIRED_CHECK_EQUIVALENT_VERSIONS,,NOT_LINKED,,,NOT_RECORDED_BEFORE_RUN,2009-12-31,2026-08-10,2376.0,0.0075745170396905,0.0112267017650946,Rotation-stop WF v1 | dynamic_h25_max1_loser__natural_only | one-way cost 0.10%,Unique selected-trade ledger.,기존 결과,
2trading,Rotation-stop research ledger,RMSE2,RMSE×2 하단 평균회귀,,Rotation-stop WF v1 | dynamic_h25_max1_stale20__natural_only | one-way cost 0.10%,bdd7bc1123c84ba17b6bf203,LEGACY_IMPORTED_NOT_CORE_V6,results/expanded_strategy_results_2026-09-13.csv,78,89e81614857d58c36670973de74eab6234ea582f5ad1c5800904826d7902d0c6,results/expanded_actual_trade_records_2026-09-13.csv,"{""source_project"": ""2trading"", ""source_family"": ""Rotation-stop research ledger"", ""strategy_code"": ""RMSE2"", ""strategy_name"": ""RMSE×2 하단 평균회귀"", ""market"": """", ""version"": ""Rotation-stop WF v1 | dynamic_h25_max1_stale20__natural_only | one-way cost 0.10%""}",FILTER_REQUIRED_CHECK_EQUIVALENT_VERSIONS,,NOT_LINKED,,,NOT_RECORDED_BEFORE_RUN,2009-12-31,2026-08-10,1884.0,0.0079098643508178,0.0145518478956362,Rotation-stop WF v1 | dynamic_h25_max1_stale20__natural_only | one-way cost 0.10%,Unique selected-trade ledger.,기존 결과,
2trading,Rotation-stop research ledger,RMSE2,RMSE×2 하단 평균회귀,,Rotation-stop WF v1 | dynamic_h25_unlimited__natural_only | one-way cost 0.10%,c19b866ce58ecafb9cbd7611,LEGACY_IMPORTED_NOT_CORE_V6,results/expanded_strategy_results_2026-09-13.csv,79,89e81614857d58c36670973de74eab6234ea582f5ad1c5800904826d7902d0c6,results/expanded_actual_trade_records_2026-09-13.csv,"{""source_project"": ""2trading"", ""source_family"": ""Rotation-stop research ledger"", ""strategy_code"": ""RMSE2"", ""strategy_name"": ""RMSE×2 하단 평균회귀"", ""market"": """", ""version"": ""Rotation-stop WF v1 | dynamic_h25_unlimited__natural_only | one-way cost 0.10%""}",FILTER_REQUIRED_CHECK_EQUIVALENT_VERSIONS,,NOT_LINKED,,,NOT_RECORDED_BEFORE_RUN,2009-12-31,2026-08-10,2873.0,0.0053840529156486,0.0101170075005401,Rotation-stop WF v1 | dynamic_h25_unlimited__natural_only | one-way cost 0.10%,Unique selected-trade ledger.,기존 결과,
2trading,Rotation-stop research ledger,RMSE2,RMSE×2 하단 평균회귀,,Rotation-stop WF v1 | dynamic_h50_max1__natural_only | one-way cost 0.10%,644026a5134e0f17e374f07b,LEGACY_IMPORTED_NOT_CORE_V6,results/expanded_strategy_results_2026-09-13.csv,80,89e81614857d58c36670973de74eab6234ea582f5ad1c5800904826d7902d0c6,results/expanded_actual_trade_records_2026-09-13.csv,"{""source_project"": ""2trading"", ""source_family"": ""Rotation-stop research ledger"", ""strategy_code"": ""RMSE2"", ""strategy_name"": ""RMSE×2 하단 평균회귀"", ""market"": """", ""version"": ""Rotation-stop WF v1 | dynamic_h50_max1__natural_only | one-way cost 0.10%""}",FILTER_REQUIRED_CHECK_EQUIVALENT_VERSIONS,,NOT_LINKED,,,NOT_RECORDED_BEFORE_RUN,2009-12-31,2026-08-10,2170.0,0.0073507919750291,0.0120701438878194,Rotation-stop WF v1 | dynamic_h50_max1__natural_only | one-way cost 0.10%,Unique selected-trade ledger.,기존 결과,
2trading,Rotation-stop research ledger,RMSE2,RMSE×2 하단 평균회귀,,Rotation-stop WF v1 | dynamic_h50_unlimited__natural_only | one-way cost 0.10%,445f3564b7a53a850f9a9403,LEGACY_IMPORTED_NOT_CORE_V6,results/expanded_strategy_results_2026-09-13.csv,81,89e81614857d58c36670973de74eab6234ea582f5ad1c5800904826d7902d0c6,results/expanded_actual_trade_records_2026-09-13.csv,"{""source_project"": ""2trading"", ""source_family"": ""Rotation-stop research ledger"", ""strategy_code"": ""RMSE2"", ""strategy_name"": ""RMSE×2 하단 평균회귀"", ""market"": """", ""version"": ""Rotation-stop WF v1 | dynamic_h50_unlimited__natural_only | one-way cost 0.10%""}",FILTER_REQUIRED_CHECK_EQUIVALENT_VERSIONS,,NOT_LINKED,,,NOT_RECORDED_BEFORE_RUN,2009-12-31,2026-08-10,2164.0,0.0069867900860762,0.0120175827459706,Rotation-stop WF v1 | dynamic_h50_unlimited__natural_only | one-way cost 0.10%,Unique selected-trade ledger.,기존 결과,
2trading,Rotation-stop research ledger,RMSE2,RMSE×2 하단 평균회귀,,Rotation-stop WF v1 | no_rotation__breakeven_1r | one-way cost 0.10%,4ef1364b4369d1ce451e46b1,LEGACY_IMPORTED_NOT_CORE_V6,results/expanded_strategy_results_2026-09-13.csv,82,89e81614857d58c36670973de74eab6234ea582f5ad1c5800904826d7902d0c6,results/expanded_actual_trade_records_2026-09-13.csv,"{""source_project"": ""2trading"", ""source_family"": ""Rotation-stop research ledger"", ""strategy_code"": ""RMSE2"", ""strategy_name"": ""RMSE×2 하단 평균회귀"", ""market"": """", ""version"": ""Rotation-stop WF v1 | no_rotation__breakeven_1r | one-way cost 0.10%""}",FILTER_REQUIRED_CHECK_EQUIVALENT_VERSIONS,,NOT_LINKED,,,NOT_RECORDED_BEFORE_RUN,2009-12-31,2026-08-10,1506.0,0.0119013417885962,0.015624606501673,Rotation-stop WF v1 | no_rotation__breakeven_1r | one-way cost 0.10%,Unique selected-trade ledger.,기존 결과,
2trading,Rotation-stop research ledger,RMSE2,RMSE×2 하단 평균회귀,,Rotation-stop WF v1 | no_rotation__breakeven_2r | one-way cost 0.10%,ed8e5b4abc1708651a4cf7ea,LEGACY_IMPORTED_NOT_CORE_V6,results/expanded_strategy_results_2026-09-13.csv,83,89e81614857d58c36670973de74eab6234ea582f5ad1c5800904826d7902d0c6,results/expanded_actual_trade_records_2026-09-13.csv,"{""source_project"": ""2trading"", ""source_family"": ""Rotation-stop research ledger"", ""strategy_code"": ""RMSE2"", ""strategy_name"": ""RMSE×2 하단 평균회귀"", ""market"": """", ""version"": ""Rotation-stop WF v1 | no_rotation__breakeven_2r | one-way cost 0.10%""}",FILTER_REQUIRED_CHECK_EQUIVALENT_VERSIONS,,NOT_LINKED,,,NOT_RECORDED_BEFORE_RUN,2009-12-31,2026-08-10,1437.0,0.0140578322373828,0.0173864308346258,Rotation-stop WF v1 | no_rotation__breakeven_2r | one-way cost 0.10%,Unique selected-trade ledger.,기존 결과,
2trading,Rotation-stop research ledger,RMSE2,RMSE×2 하단 평균회귀,,Rotation-stop WF v1 | no_rotation__chandelier_2atr | one-way cost 0.10%,ec066a16fffdf736bb90dbd0,LEGACY_IMPORTED_NOT_CORE_V6,results/expanded_strategy_results_2026-09-13.csv,84,89e81614857d58c36670973de74eab6234ea582f5ad1c5800904826d7902d0c6,results/expanded_actual_trade_records_2026-09-13.csv,"{""source_project"": ""2trading"", ""source_family"": ""Rotation-stop research ledger"", ""strategy_code"": ""RMSE2"", ""strategy_name"": ""RMSE×2 하단 평균회귀"", ""market"": """", ""version"": ""Rotation-stop WF v1 | no_rotation__chandelier_2atr | one-way cost 0.10%""}",FILTER_REQUIRED_CHECK_EQUIVALENT_VERSIONS,,NOT_LINKED,,,NOT_RECORDED_BEFORE_RUN,2009-12-31,2026-08-10,3426.0,0.0043665791226575,0.0087974050784725,Rotation-stop WF v1 | no_rotation__chandelier_2atr | one-way cost 0.10%,Unique selected-trade ledger.,기존 결과,
2trading,Rotation-stop research ledger,RMSE2,RMSE×2 하단 평균회귀,,Rotation-stop WF v1 | no_rotation__chandelier_3atr | one-way cost 0.10%,866040b134a46269bb19a1aa,LEGACY_IMPORTED_NOT_CORE_V6,results/expanded_strategy_results_2026-09-13.csv,85,89e81614857d58c36670973de74eab6234ea582f5ad1c5800904826d7902d0c6,results/expanded_actual_trade_records_2026-09-13.csv,"{""source_project"": ""2trading"", ""source_family"": ""Rotation-stop research ledger"", ""strategy_code"": ""RMSE2"", ""strategy_name"": ""RMSE×2 하단 평균회귀"", ""market"": """", ""version"": ""Rotation-stop WF v1 | no_rotation__chandelier_3atr | one-way cost 0.10%""}",FILTER_REQUIRED_CHECK_EQUIVALENT_VERSIONS,,NOT_LINKED,,,NOT_RECORDED_BEFORE_RUN,2009-12-31,2026-08-10,2528.0,0.0073390100264099,0.012465616319858,Rotation-stop WF v1 | no_rotation__chandelier_3atr | one-way cost 0.10%,Unique selected-trade ledger.,기존 결과,
2trading,Rotation-stop research ledger,RMSE2,RMSE×2 하단 평균회귀,,Rotation-stop WF v1 | no_rotation__chandelier_4atr | one-way cost 0.10%,d808b41081a87de026dcae07,LEGACY_IMPORTED_NOT_CORE_V6,results/expanded_strategy_results_2026-09-13.csv,86,89e81614857d58c36670973de74eab6234ea582f5ad1c5800904826d7902d0c6,results/expanded_actual_trade_records_2026-09-13.csv,"{""source_project"": ""2trading"", ""source_family"": ""Rotation-stop research ledger"", ""strategy_code"": ""RMSE2"", ""strategy_name"": ""RMSE×2 하단 평균회귀"", ""market"": """", ""version"": ""Rotation-stop WF v1 | no_rotation__chandelier_4atr | one-way cost 0.10%""}",FILTER_REQUIRED_CHECK_EQUIVALENT_VERSIONS,,NOT_LINKED,,,NOT_RECORDED_BEFORE_RUN,2009-12-31,2026-08-10,2175.0,0.0078901643271837,0.0151101503816106,Rotation-stop WF v1 | no_rotation__chandelier_4atr | one-way cost 0.10%,Unique selected-trade ledger.,기존 결과,
2trading,Rotation-stop research ledger,RMSE2,RMSE×2 하단 평균회귀,,Rotation-stop WF v1 | no_rotation__ema20_close_exit | one-way cost 0.10%,ff36b61577d4a1d009f3cffe,LEGACY_IMPORTED_NOT_CORE_V6,results/expanded_strategy_results_2026-09-13.csv,87,89e81614857d58c36670973de74eab6234ea582f5ad1c5800904826d7902d0c6,results/expanded_actual_trade_records_2026-09-13.csv,"{""source_project"": ""2trading"", ""source_family"": ""Rotation-stop research ledger"", ""strategy_code"": ""RMSE2"", ""strategy_name"": ""RMSE×2 하단 평균회귀"", ""market"": """", ""version"": ""Rotation-stop WF v1 | no_rotation__ema20_close_exit | one-way cost 0.10%""}",FILTER_REQUIRED_CHECK_EQUIVALENT_VERSIONS,,NOT_LINKED,,,NOT_RECORDED_BEFORE_RUN,2009-12-31,2026-08-10,10831.0,0.0011834982592856,0.0012794152025663,Rotation-stop WF v1 | no_rotation__ema20_close_exit | one-way cost 0.10%,Unique selected-trade ledger.,기존 결과,
2trading,Rotation-stop research ledger,RMSE2,RMSE×2 하단 평균회귀,,Rotation-stop WF v1 | no_rotation__entry_atr_1p5 | one-way cost 0.10%,fce8061d73d93e97e8e17e0b,LEGACY_IMPORTED_NOT_CORE_V6,results/expanded_strategy_results_2026-09-13.csv,88,89e81614857d58c36670973de74eab6234ea582f5ad1c5800904826d7902d0c6,results/expanded_actual_trade_records_2026-09-13.csv,"{""source_project"": ""2trading"", ""source_family"": ""Rotation-stop research ledger"", ""strategy_code"": ""RMSE2"", ""strategy_name"": ""RMSE×2 하단 평균회귀"", ""market"": """", ""version"": ""Rotation-stop WF v1 | no_rotation__entry_atr_1p5 | one-way cost 0.10%""}",FILTER_REQUIRED_CHECK_EQUIVALENT_VERSIONS,,NOT_LINKED,,,NOT_RECORDED_BEFORE_RUN,2009-12-31,2026-08-10,3333.0,0.0042271701035407,0.00775192253606,Rotation-stop WF v1 | no_rotation__entry_atr_1p5 | one-way cost 0.10%,Unique selected-trade ledger.,기존 결과,
2trading,Rotation-stop research ledger,RMSE2,RMSE×2 하단 평균회귀,,Rotation-stop WF v1 | no_rotation__entry_atr_2p0 | one-way cost 0.10%,285041dbe6bbca2faf7b417a,LEGACY_IMPORTED_NOT_CORE_V6,results/expanded_strategy_results_2026-09-13.csv,89,89e81614857d58c36670973de74eab6234ea582f5ad1c5800904826d7902d0c6,results/expanded_actual_trade_records_2026-09-13.csv,"{""source_project"": ""2trading"", ""source_family"": ""Rotation-stop research ledger"", ""strategy_code"": ""RMSE2"", ""strategy_name"": ""RMSE×2 하단 평균회귀"", ""market"": """", ""version"": ""Rotation-stop WF v1 | no_rotation__entry_atr_2p0 | one-way cost 0.10%""}",FILTER_REQUIRED_CHECK_EQUIVALENT_VERSIONS,,NOT_LINKED,,,NOT_RECORDED_BEFORE_RUN,2009-12-31,2026-08-10,2710.0,0.005870020607675,0.011456456760743,Rotation-stop WF v1 | no_rotation__entry_atr_2p0 | one-way cost 0.10%,Unique selected-trade ledger.,기존 결과,
2trading,Rotation-stop research ledger,RMSE2,RMSE×2 하단 평균회귀,,Rotation-stop WF v1 | no_rotation__entry_atr_3p0 | one-way cost 0.10%,38f41bd50d70a4888d95b7f5,LEGACY_IMPORTED_NOT_CORE_V6,results/expanded_strategy_results_2026-09-13.csv,90,89e81614857d58c36670973de74eab6234ea582f5ad1c5800904826d7902d0c6,results/expanded_actual_trade_records_2026-09-13.csv,"{""source_project"": ""2trading"", ""source_family"": ""Rotation-stop research ledger"", ""strategy_code"": ""RMSE2"", ""strategy_name"": ""RMSE×2 하단 평균회귀"", ""market"": """", ""version"": ""Rotation-stop WF v1 | no_rotation__entry_atr_3p0 | one-way cost 0.10%""}",FILTER_REQUIRED_CHECK_EQUIVALENT_VERSIONS,,NOT_LINKED,,,NOT_RECORDED_BEFORE_RUN,2009-12-31,2026-08-10,2118.0,0.0096360449304969,0.0155581978845625,Rotation-stop WF v1 | no_rotation__entry_atr_3p0 | one-way cost 0.10%,Unique selected-trade ledger.,기존 결과,
2trading,Rotation-stop research ledger,RMSE2,RMSE×2 하단 평균회귀,,Rotation-stop WF v1 | no_rotation__hard_12pct | one-way cost 0.10%,54b9bc6f1f9e754b365745fa,LEGACY_IMPORTED_NOT_CORE_V6,results/expanded_strategy_results_2026-09-13.csv,91,89e81614857d58c36670973de74eab6234ea582f5ad1c5800904826d7902d0c6,results/expanded_actual_trade_records_2026-09-13.csv,"{""source_project"": ""2trading"", ""source_family"": ""Rotation-stop research ledger"", ""strategy_code"": ""RMSE2"", ""strategy_name"": ""RMSE×2 하단 평균회귀"", ""market"": """", ""version"": ""Rotation-stop WF v1 | no_rotation__hard_12pct | one-way cost 0.10%""}",FILTER_REQUIRED_CHECK_EQUIVALENT_VERSIONS,,NOT_LINKED,,,NOT_RECORDED_BEFORE_RUN,2009-12-31,2026-08-10,1805.0,0.0100767997590224,0.0159036818406346,Rotation-stop WF v1 | no_rotation__hard_12pct | one-way cost 0.10%,Unique selected-trade ledger.,기존 결과,
2trading,Rotation-stop research ledger,RMSE2,RMSE×2 하단 평균회귀,,Rotation-stop WF v1 | no_rotation__hard_5pct | one-way cost 0.10%,1221598bb7b676219ed2a4ce,LEGACY_IMPORTED_NOT_CORE_V6,results/expanded_strategy_results_2026-09-13.csv,92,89e81614857d58c36670973de74eab6234ea582f5ad1c5800904826d7902d0c6,results/expanded_actual_trade_records_2026-09-13.csv,"{""source_project"": ""2trading"", ""source_family"": ""Rotation-stop research ledger"", ""strategy_code"": ""RMSE2"", ""strategy_name"": ""RMSE×2 하단 평균회귀"", ""market"": """", ""version"": ""Rotation-stop WF v1 | no_rotation__hard_5pct | one-way cost 0.10%""}",FILTER_REQUIRED_CHECK_EQUIVALENT_VERSIONS,,NOT_LINKED,,,NOT_RECORDED_BEFORE_RUN,2009-12-31,2026-08-10,2898.0,0.0052537133084858,0.0101777282807923,Rotation-stop WF v1 | no_rotation__hard_5pct | one-way cost 0.10%,Unique selected-trade ledger.,기존 결과,
2trading,Rotation-stop research ledger,RMSE2,RMSE×2 하단 평균회귀,,Rotation-stop WF v1 | no_rotation__hard_8pct | one-way cost 0.10%,8413c42cdb58e3251dad8dea,LEGACY_IMPORTED_NOT_CORE_V6,results/expanded_strategy_results_2026-09-13.csv,93,89e81614857d58c36670973de74eab6234ea582f5ad1c5800904826d7902d0c6,results/expanded_actual_trade_records_2026-09-13.csv,"{""source_project"": ""2trading"", ""source_family"": ""Rotation-stop research ledger"", ""strategy_code"": ""RMSE2"", ""strategy_name"": ""RMSE×2 하단 평균회귀"", ""market"": """", ""version"": ""Rotation-stop WF v1 | no_rotation__hard_8pct | one-way cost 0.10%""}",FILTER_REQUIRED_CHECK_EQUIVALENT_VERSIONS,,NOT_LINKED,,,NOT_RECORDED_BEFORE_RUN,2009-12-31,2026-08-10,2100.0,0.008585752501049,0.0153262120788187,Rotation-stop WF v1 | no_rotation__hard_8pct | one-way cost 0.10%,Unique selected-trade ledger.,기존 결과,
2trading,Rotation-stop research ledger,RMSE2,RMSE×2 하단 평균회귀,,Rotation-stop WF v1 | no_rotation__natural_only | one-way cost 0.10%,4d11290d895eacc7a40f5f2e,LEGACY_IMPORTED_NOT_CORE_V6,results/expanded_strategy_results_2026-09-13.csv,94,89e81614857d58c36670973de74eab6234ea582f5ad1c5800904826d7902d0c6,results/expanded_actual_trade_records_2026-09-13.csv,"{""source_project"": ""2trading"", ""source_family"": ""Rotation-stop research ledger"", ""strategy_code"": ""RMSE2"", ""strategy_name"": ""RMSE×2 하단 평균회귀"", ""market"": """", ""version"": ""Rotation-stop WF v1 | no_rotation__natural_only | one-way cost 0.10%""}",FILTER_REQUIRED_CHECK_EQUIVALENT_VERSIONS,,NOT_LINKED,,,NOT_RECORDED_BEFORE_RUN,2009-12-31,2026-08-10,1432.0,0.0144867892131394,0.0176131900666032,Rotation-stop WF v1 | no_rotation__natural_only | one-way cost 0.10%,Unique selected-trade ledger.,기존 결과,
2trading,Rotation-stop research ledger,RMSE2,RMSE×2 하단 평균회귀,,Rotation-stop WF v1 | no_rotation__time_10_nonpositive | one-way cost 0.10%,aa74928ba5561e74a0070a6a,LEGACY_IMPORTED_NOT_CORE_V6,results/expanded_strategy_results_2026-09-13.csv,95,89e81614857d58c36670973de74eab6234ea582f5ad1c5800904826d7902d0c6,results/expanded_actual_trade_records_2026-09-13.csv,"{""source_project"": ""2trading"", ""source_family"": ""Rotation-stop research ledger"", ""strategy_code"": ""RMSE2"", ""strategy_name"": ""RMSE×2 하단 평균회귀"", ""market"": """", ""version"": ""Rotation-stop WF v1 | no_rotation__time_10_nonpositive | one-way cost 0.10%""}",FILTER_REQUIRED_CHECK_EQUIVALENT_VERSIONS,,NOT_LINKED,,,NOT_RECORDED_BEFORE_RUN,2009-12-31,2026-08-10,2943.0,0.0069218031439029,0.0096724299741184,Rotation-stop WF v1 | no_rotation__time_10_nonpositive | one-way cost 0.10%,Unique selected-trade ledger.,기존 결과,
2trading,Rotation-stop research ledger,RMSE2,RMSE×2 하단 평균회귀,,Rotation-stop WF v1 | no_rotation__time_20_nonpositive | one-way cost 0.10%,987c9eabd27085696308f72a,LEGACY_IMPORTED_NOT_CORE_V6,results/expanded_strategy_results_2026-09-13.csv,96,89e81614857d58c36670973de74eab6234ea582f5ad1c5800904826d7902d0c6,results/expanded_actual_trade_records_2026-09-13.csv,"{""source_project"": ""2trading"", ""source_family"": ""Rotation-stop research ledger"", ""strategy_code"": ""RMSE2"", ""strategy_name"": ""RMSE×2 하단 평균회귀"", ""market"": """", ""version"": ""Rotation-stop WF v1 | no_rotation__time_20_nonpositive | one-way cost 0.10%""}",FILTER_REQUIRED_CHECK_EQUIVALENT_VERSIONS,,NOT_LINKED,,,NOT_RECORDED_BEFORE_RUN,2009-12-31,2026-08-10,2122.0,0.0093603506082614,0.0132487460530854,Rotation-stop WF v1 | no_rotation__time_20_nonpositive | one-way cost 0.10%,Unique selected-trade ledger.,기존 결과,
2trading,Rotation-stop research ledger,S13,S13 NR7 돌파,,Rotation-stop WF v1 | atr_h10_max1__natural_only | one-way cost 0.10%,c00ada6839ef636b806d4785,LEGACY_IMPORTED_NOT_CORE_V6,results/expanded_strategy_results_2026-09-13.csv,97,89e81614857d58c36670973de74eab6234ea582f5ad1c5800904826d7902d0c6,results/expanded_actual_trade_records_2026-09-13.csv,"{""source_project"": ""2trading"", ""source_family"": ""Rotation-stop research ledger"", ""strategy_code"": ""S13"", ""strategy_name"": ""S13 NR7 돌파"", ""market"": """", ""version"": ""Rotation-stop WF v1 | atr_h10_max1__natural_only | one-way cost 0.10%""}",FILTER_REQUIRED_CHECK_EQUIVALENT_VERSIONS,,NOT_LINKED,,,NOT_RECORDED_BEFORE_RUN,2010-01-04,2026-08-10,1382.0,0.0299806072442788,-0.0271619541370546,Rotation-stop WF v1 | atr_h10_max1__natural_only | one-way cost 0.10%,Unique selected-trade ledger.,기존 결과,
2trading,Rotation-stop research ledger,S13,S13 NR7 돌파,,Rotation-stop WF v1 | atr_h10_unlimited__natural_only | one-way cost 0.10%,c750e17874f11f0295a1ca05,LEGACY_IMPORTED_NOT_CORE_V6,results/expanded_strategy_results_2026-09-13.csv,98,89e81614857d58c36670973de74eab6234ea582f5ad1c5800904826d7902d0c6,results/expanded_actual_trade_records_2026-09-13.csv,"{""source_project"": ""2trading"", ""source_family"": ""Rotation-stop research ledger"", ""strategy_code"": ""S13"", ""strategy_name"": ""S13 NR7 돌파"", ""market"": """", ""version"": ""Rotation-stop WF v1 | atr_h10_unlimited__natural_only | one-way cost 0.10%""}",FILTER_REQUIRED_CHECK_EQUIVALENT_VERSIONS,,NOT_LINKED,,,NOT_RECORDED_BEFORE_RUN,2010-01-04,2026-08-10,1408.0,0.0264754646219836,-0.0334246127722234,Rotation-stop WF v1 | atr_h10_unlimited__natural_only | one-way cost 0.10%,Unique selected-trade ledger.,기존 결과,
2trading,Rotation-stop research ledger,S13,S13 NR7 돌파,,Rotation-stop WF v1 | atr_h25_max1__natural_only | one-way cost 0.10%,30992a96f07ad13b86b537d9,LEGACY_IMPORTED_NOT_CORE_V6,results/expanded_strategy_results_2026-09-13.csv,99,89e81614857d58c36670973de74eab6234ea582f5ad1c5800904826d7902d0c6,results/expanded_actual_trade_records_2026-09-13.csv,"{""source_project"": ""2trading"", ""source_family"": ""Rotation-stop research ledger"", ""strategy_code"": ""S13"", ""strategy_name"": ""S13 NR7 돌파"", ""market"": """", ""version"": ""Rotation-stop WF v1 | atr_h25_max1__natural_only | one-way cost 0.10%""}",FILTER_REQUIRED_CHECK_EQUIVALENT_VERSIONS,,NOT_LINKED,,,NOT_RECORDED_BEFORE_RUN,2010-01-04,2026-08-10,1374.0,0.0257387891608139,-0.0421636363992973,Rotation-stop WF v1 | atr_h25_max1__natural_only | one-way cost 0.10%,Unique selected-trade ledger.,기존 결과,
2trading,Rotation-stop research ledger,S13,S13 NR7 돌파,,Rotation-stop WF v1 | atr_h25_unlimited__breakeven_2r | one-way cost 0.10%,6b8421b97badf5dec7eaeba5,LEGACY_IMPORTED_NOT_CORE_V6,results/expanded_strategy_results_2026-09-13.csv,100,89e81614857d58c36670973de74eab6234ea582f5ad1c5800904826d7902d0c6,results/expanded_actual_trade_records_2026-09-13.csv,"{""source_project"": ""2trading"", ""source_family"": ""Rotation-stop research ledger"", ""strategy_code"": ""S13"", ""strategy_name"": ""S13 NR7 돌파"", ""market"": """", ""version"": ""Rotation-stop WF v1 | atr_h25_unlimited__breakeven_2r | one-way cost 0.10%""}",FILTER_REQUIRED_CHECK_EQUIVALENT_VERSIONS,,NOT_LINKED,,,NOT_RECORDED_BEFORE_RUN,2010-01-04,2026-08-10,1361.0,0.0284957208625969,-0.0382308359656664,Rotation-stop WF v1 | atr_h25_unlimited__breakeven_2r | one-way cost 0.10%,Identical selected-trade ledgers collapsed; all historical version labels retained.,기존 결과,
2trading,Rotation-stop research ledger,S13,S13 NR7 돌파,,Rotation-stop WF v1 | atr_h25_unlimited__chandelier_4atr | one-way cost 0.10%,1a7cd7c548f525ae899b535c,LEGACY_IMPORTED_NOT_CORE_V6,results/expanded_strategy_results_2026-09-13.csv,101,89e81614857d58c36670973de74eab6234ea582f5ad1c5800904826d7902d0c6,results/expanded_actual_trade_records_2026-09-13.csv,"{""source_project"": ""2trading"", ""source_family"": ""Rotation-stop research ledger"", ""strategy_code"": ""S13"", ""strategy_name"": ""S13 NR7 돌파"", ""market"": """", ""version"": ""Rotation-stop WF v1 | atr_h25_unlimited__chandelier_4atr | one-way cost 0.10%""}",FILTER_REQUIRED_CHECK_EQUIVALENT_VERSIONS,,NOT_LINKED,,,NOT_RECORDED_BEFORE_RUN,2010-01-04,2026-08-10,1752.0,0.0225897436095554,-0.0270055042428473,Rotation-stop WF v1 | atr_h25_unlimited__chandelier_4atr | one-way cost 0.10%,Unique selected-trade ledger.,기존 결과,
2trading,Rotation-stop research ledger,S13,S13 NR7 돌파,,Rotation-stop WF v1 | atr_h25_unlimited__entry_atr_2p0 | one-way cost 0.10%,cbd846800c625c918115de67,LEGACY_IMPORTED_NOT_CORE_V6,results/expanded_strategy_results_2026-09-13.csv,102,89e81614857d58c36670973de74eab6234ea582f5ad1c5800904826d7902d0c6,results/expanded_actual_trade_records_2026-09-13.csv,"{""source_project"": ""2trading"", ""source_family"": ""Rotation-stop research ledger"", ""strategy_code"": ""S13"", ""strategy_name"": ""S13 NR7 돌파"", ""market"": """", ""version"": ""Rotation-stop WF v1 | atr_h25_unlimited__entry_atr_2p0 | one-way cost 0.10%""}",FILTER_REQUIRED_CHECK_EQUIVALENT_VERSIONS,,NOT_LINKED,,,NOT_RECORDED_BEFORE_RUN,2010-01-04,2026-08-10,1615.0,0.0257244099456152,-0.0477721699509116,Rotation-stop WF v1 | atr_h25_unlimited__entry_atr_2p0 | one-way cost 0.10%,Unique selected-trade ledger.,기존 결과,
2trading,Rotation-stop research ledger,S13,S13 NR7 돌파,,Rotation-stop WF v1 | atr_h25_unlimited__entry_atr_3p0 | one-way cost 0.10%,1f85885f69bccb884980e085,LEGACY_IMPORTED_NOT_CORE_V6,results/expanded_strategy_results_2026-09-13.csv,103,89e81614857d58c36670973de74eab6234ea582f5ad1c5800904826d7902d0c6,results/expanded_actual_trade_records_2026-09-13.csv,"{""source_project"": ""2trading"", ""source_family"": ""Rotation-stop research ledger"", ""strategy_code"": ""S13"", ""strategy_name"": ""S13 NR7 돌파"", ""market"": """", ""version"": ""Rotation-stop WF v1 | atr_h25_unlimited__entry_atr_3p0 | one-way cost 0.10%""}",FILTER_REQUIRED_CHECK_EQUIVALENT_VERSIONS,,NOT_LINKED,,,NOT_RECORDED_BEFORE_RUN,2010-01-04,2026-08-10,1309.0,0.0288266753575115,-0.0305454138553503,Rotation-stop WF v1 | atr_h25_unlimited__entry_atr_3p0 | one-way cost 0.10%,Unique selected-trade ledger.,기존 결과,
2trading,Rotation-stop research ledger,S13,S13 NR7 돌파,,Rotation-stop WF v1 | atr_h25_unlimited__hard_5pct | one-way cost 0.10%,9e1de45a6c427b92f4477d1e,LEGACY_IMPORTED_NOT_CORE_V6,results/expanded_strategy_results_2026-09-13.csv,104,89e81614857d58c36670973de74eab6234ea582f5ad1c5800904826d7902d0c6,results/expanded_actual_trade_records_2026-09-13.csv,"{""source_project"": ""2trading"", ""source_family"": ""Rotation-stop research ledger"", ""strategy_code"": ""S13"", ""strategy_name"": ""S13 NR7 돌파"", ""market"": """", ""version"": ""Rotation-stop WF v1 | atr_h25_unlimited__hard_5pct | one-way cost 0.10%""}",FILTER_REQUIRED_CHECK_EQUIVALENT_VERSIONS,,NOT_LINKED,,,NOT_RECORDED_BEFORE_RUN,2010-01-04,2026-08-10,2333.0,0.0108730414322383,-0.05,Rotation-stop WF v1 | atr_h25_unlimited__hard_5pct | one-way cost 0.10%,Unique selected-trade ledger.,기존 결과,
2trading,Rotation-stop research ledger,S13,S13 NR7 돌파,,Rotation-stop WF v1 | atr_h25_unlimited__hard_8pct | one-way cost 0.10%,13d4affd8f26c26161367921,LEGACY_IMPORTED_NOT_CORE_V6,results/expanded_strategy_results_2026-09-13.csv,105,89e81614857d58c36670973de74eab6234ea582f5ad1c5800904826d7902d0c6,results/expanded_actual_trade_records_2026-09-13.csv,"{""source_project"": ""2trading"", ""source_family"": ""Rotation-stop research ledger"", ""strategy_code"": ""S13"", ""strategy_name"": ""S13 NR7 돌파"", ""market"": """", ""version"": ""Rotation-stop WF v1 | atr_h25_unlimited__hard_8pct | one-way cost 0.10%""}",FILTER_REQUIRED_CHECK_EQUIVALENT_VERSIONS,,NOT_LINKED,,,NOT_RECORDED_BEFORE_RUN,2010-01-04,2026-08-10,1658.0,0.0151257382230294,-0.0747396404936746,Rotation-stop WF v1 | atr_h25_unlimited__hard_8pct | one-way cost 0.10%,Unique selected-trade ledger.,기존 결과,
2trading,Rotation-stop research ledger,S13,S13 NR7 돌파,,Rotation-stop WF v1 | atr_h25_unlimited__time_20_nonpositive | one-way cost 0.10%,70648682462bee829e0e7746,LEGACY_IMPORTED_NOT_CORE_V6,results/expanded_strategy_results_2026-09-13.csv,106,89e81614857d58c36670973de74eab6234ea582f5ad1c5800904826d7902d0c6,results/expanded_actual_trade_records_2026-09-13.csv,"{""source_project"": ""2trading"", ""source_family"": ""Rotation-stop research ledger"", ""strategy_code"": ""S13"", ""strategy_name"": ""S13 NR7 돌파"", ""market"": """", ""version"": ""Rotation-stop WF v1 | atr_h25_unlimited__time_20_nonpositive | one-way cost 0.10%""}",FILTER_REQUIRED_CHECK_EQUIVALENT_VERSIONS,,NOT_LINKED,,,NOT_RECORDED_BEFORE_RUN,2010-01-04,2026-08-10,1835.0,0.0219177880801724,-0.0168632206712863,Rotation-stop WF v1 | atr_h25_unlimited__time_20_nonpositive | one-way cost 0.10%,Unique selected-trade ledger.,기존 결과,
2trading,Rotation-stop research ledger,S13,S13 NR7 돌파,,Rotation-stop WF v1 | atr_h50_max1__natural_only | one-way cost 0.10%,8014254c7a2089a747b4d994,LEGACY_IMPORTED_NOT_CORE_V6,results/expanded_strategy_results_2026-09-13.csv,107,89e81614857d58c36670973de74eab6234ea582f5ad1c5800904826d7902d0c6,results/expanded_actual_trade_records_2026-09-13.csv,"{""source_project"": ""2trading"", ""source_family"": ""Rotation-stop research ledger"", ""strategy_code"": ""S13"", ""strategy_name"": ""S13 NR7 돌파"", ""market"": """", ""version"": ""Rotation-stop WF v1 | atr_h50_max1__natural_only | one-way cost 0.10%""}",FILTER_REQUIRED_CHECK_EQUIVALENT_VERSIONS,,NOT_LINKED,,,NOT_RECORDED_BEFORE_RUN,2010-01-04,2026-08-10,1357.0,0.0265171968408405,-0.0447103012238945,Rotation-stop WF v1 | atr_h50_max1__natural_only | one-way cost 0.10%,Unique selected-trade ledger.,기존 결과,
2trading,Rotation-stop research ledger,S13,S13 NR7 돌파,,Rotation-stop WF v1 | atr_h50_unlimited__natural_only | one-way cost 0.10%,647a2f87f956a31259e13f54,LEGACY_IMPORTED_NOT_CORE_V6,results/expanded_strategy_results_2026-09-13.csv,108,89e81614857d58c36670973de74eab6234ea582f5ad1c5800904826d7902d0c6,results/expanded_actual_trade_records_2026-09-13.csv,"{""source_project"": ""2trading"", ""source_family"": ""Rotation-stop research ledger"", ""strategy_code"": ""S13"", ""strategy_name"": ""S13 NR7 돌파"", ""market"": """", ""version"": ""Rotation-stop WF v1 | atr_h50_unlimited__natural_only | one-way cost 0.10%""}",FILTER_REQUIRED_CHECK_EQUIVALENT_VERSIONS,,NOT_LINKED,,,NOT_RECORDED_BEFORE_RUN,2010-01-04,2026-08-10,1368.0,0.0245550314683362,-0.0454186677300537,Rotation-stop WF v1 | atr_h50_unlimited__natural_only | one-way cost 0.10%,Unique selected-trade ledger.,기존 결과,
2trading,Rotation-stop research ledger,S13,S13 NR7 돌파,,Rotation-stop WF v1 | composite_h10_max1__natural_only | one-way cost 0.10%,35c9fd54b96ee1c7465df3b0,LEGACY_IMPORTED_NOT_CORE_V6,results/expanded_strategy_results_2026-09-13.csv,109,89e81614857d58c36670973de74eab6234ea582f5ad1c5800904826d7902d0c6,results/expanded_actual_trade_records_2026-09-13.csv,"{""source_project"": ""2trading"", ""source_family"": ""Rotation-stop research ledger"", ""strategy_code"": ""S13"", ""strategy_name"": ""S13 NR7 돌파"", ""market"": """", ""version"": ""Rotation-stop WF v1 | composite_h10_max1__natural_only | one-way cost 0.10%""}",FILTER_REQUIRED_CHECK_EQUIVALENT_VERSIONS,,NOT_LINKED,,,NOT_RECORDED_BEFORE_RUN,2010-01-04,2026-08-10,1584.0,0.0233312551287929,-0.0093718230645538,Rotation-stop WF v1 | composite_h10_max1__natural_only | one-way cost 0.10%,Unique selected-trade ledger.,기존 결과,
2trading,Rotation-stop research ledger,S13,S13 NR7 돌파,,Rotation-stop WF v1 | composite_h10_unlimited__chandelier_4atr | one-way cost 0.10%,033c886e039288f71cbe4710,LEGACY_IMPORTED_NOT_CORE_V6,results/expanded_strategy_results_2026-09-13.csv,110,89e81614857d58c36670973de74eab6234ea582f5ad1c5800904826d7902d0c6,results/expanded_actual_trade_records_2026-09-13.csv,"{""source_project"": ""2trading"", ""source_family"": ""Rotation-stop research ledger"", ""strategy_code"": ""S13"", ""strategy_name"": ""S13 NR7 돌파"", ""market"": """", ""version"": ""Rotation-stop WF v1 | composite_h10_unlimited__chandelier_4atr | one-way cost 0.10%""}",FILTER_REQUIRED_CHECK_EQUIVALENT_VERSIONS,,NOT_LINKED,,,NOT_RECORDED_BEFORE_RUN,2010-01-04,2026-08-10,1938.0,0.0152948177168798,-0.0241089597181713,Rotation-stop WF v1 | composite_h10_unlimited__chandelier_4atr | one-way cost 0.10%,Unique selected-trade ledger.,기존 결과,
2trading,Rotation-stop research ledger,S13,S13 NR7 돌파,,Rotation-stop WF v1 | composite_h10_unlimited__entry_atr_2p0 | one-way cost 0.10%,967bfedfa23e940c1f4e64f2,LEGACY_IMPORTED_NOT_CORE_V6,results/expanded_strategy_results_2026-09-13.csv,111,89e81614857d58c36670973de74eab6234ea582f5ad1c5800904826d7902d0c6,results/expanded_actual_trade_records_2026-09-13.csv,"{""source_project"": ""2trading"", ""source_family"": ""Rotation-stop research ledger"", ""strategy_code"": ""S13"", ""strategy_name"": ""S13 NR7 돌파"", ""market"": """", ""version"": ""Rotation-stop WF v1 | composite_h10_unlimited__entry_atr_2p0 | one-way cost 0.10%""}",FILTER_REQUIRED_CHECK_EQUIVALENT_VERSIONS,,NOT_LINKED,,,NOT_RECORDED_BEFORE_RUN,2010-01-04,2026-08-10,1857.0,0.0238722813742409,-0.0289215415915518,Rotation-stop WF v1 | composite_h10_unlimited__entry_atr_2p0 | one-way cost 0.10%,Unique selected-trade ledger.,기존 결과,
2trading,Rotation-stop research ledger,S13,S13 NR7 돌파,,Rotation-stop WF v1 | composite_h10_unlimited__hard_8pct | one-way cost 0.10%,a675c36aa0f04581a18c274d,LEGACY_IMPORTED_NOT_CORE_V6,results/expanded_strategy_results_2026-09-13.csv,112,89e81614857d58c36670973de74eab6234ea582f5ad1c5800904826d7902d0c6,results/expanded_actual_trade_records_2026-09-13.csv,"{""source_project"": ""2trading"", ""source_family"": ""Rotation-stop research ledger"", ""strategy_code"": ""S13"", ""strategy_name"": ""S13 NR7 돌파"", ""market"": """", ""version"": ""Rotation-stop WF v1 | composite_h10_unlimited__hard_8pct | one-way cost 0.10%""}",FILTER_REQUIRED_CHECK_EQUIVALENT_VERSIONS,,NOT_LINKED,,,NOT_RECORDED_BEFORE_RUN,2010-01-04,2026-08-10,1868.0,0.0150317346323624,-0.0464736372027078,Rotation-stop WF v1 | composite_h10_unlimited__hard_8pct | one-way cost 0.10%,Unique selected-trade ledger.,기존 결과,
2trading,Rotation-stop research ledger,S13,S13 NR7 돌파,,Rotation-stop WF v1 | composite_h10_unlimited__natural_only | one-way cost 0.10%,672ead975eaa29f6068dd642,LEGACY_IMPORTED_NOT_CORE_V6,results/expanded_strategy_results_2026-09-13.csv,113,89e81614857d58c36670973de74eab6234ea582f5ad1c5800904826d7902d0c6,results/expanded_actual_trade_records_2026-09-13.csv,"{""source_project"": ""2trading"", ""source_family"": ""Rotation-stop research ledger"", ""strategy_code"": ""S13"", ""strategy_name"": ""S13 NR7 돌파"", ""market"": """", ""version"": ""Rotation-stop WF v1 | composite_h10_unlimited__natural_only | one-way cost 0.10%""}",FILTER_REQUIRED_CHECK_EQUIVALENT_VERSIONS,,NOT_LINKED,,,NOT_RECORDED_BEFORE_RUN,2010-01-04,2026-08-10,1614.0,0.0216784097731886,-0.0075109786343138,Rotation-stop WF v1 | composite_h10_unlimited__natural_only | one-way cost 0.10%,Unique selected-trade ledger.,기존 결과,
2trading,Rotation-stop research ledger,S13,S13 NR7 돌파,,Rotation-stop WF v1 | composite_h25_max1__chandelier_4atr | one-way cost 0.10%,421045fa0d627592471bf757,LEGACY_IMPORTED_NOT_CORE_V6,results/expanded_strategy_results_2026-09-13.csv,114,89e81614857d58c36670973de74eab6234ea582f5ad1c5800904826d7902d0c6,results/expanded_actual_trade_records_2026-09-13.csv,"{""source_project"": ""2trading"", ""source_family"": ""Rotation-stop research ledger"", ""strategy_code"": ""S13"", ""strategy_name"": ""S13 NR7 돌파"", ""market"": """", ""version"": ""Rotation-stop WF v1 | composite_h25_max1__chandelier_4atr | one-way cost 0.10%""}",FILTER_REQUIRED_CHECK_EQUIVALENT_VERSIONS,,NOT_LINKED,,,NOT_RECORDED_BEFORE_RUN,2010-01-04,2026-08-10,1794.0,0.0139162686273216,-0.029579688163108,Rotation-stop WF v1 | composite_h25_max1__chandelier_4atr | one-way cost 0.10%,Unique selected-trade ledger.,기존 결과,
2trading,Rotation-stop research ledger,S13,S13 NR7 돌파,,Rotation-stop WF v1 | composite_h25_max1__entry_atr_2p0 | one-way cost 0.10%,c7dd9982ba43807f39a46f3b,LEGACY_IMPORTED_NOT_CORE_V6,results/expanded_strategy_results_2026-09-13.csv,115,89e81614857d58c36670973de74eab6234ea582f5ad1c5800904826d7902d0c6,results/expanded_actual_trade_records_2026-09-13.csv,"{""source_project"": ""2trading"", ""source_family"": ""Rotation-stop research ledger"", ""strategy_code"": ""S13"", ""strategy_name"": ""S13 NR7 돌파"", ""market"": """", ""version"": ""Rotation-stop WF v1 | composite_h25_max1__entry_atr_2p0 | one-way cost 0.10%""}",FILTER_REQUIRED_CHECK_EQUIVALENT_VERSIONS,,NOT_LINKED,,,NOT_RECORDED_BEFORE_RUN,2010-01-04,2026-08-10,1732.0,0.0186719206919571,-0.0412870793600485,Rotation-stop WF v1 | composite_h25_max1__entry_atr_2p0 | one-way cost 0.10%,Unique selected-trade ledger.,기존 결과,
2trading,Rotation-stop research ledger,S13,S13 NR7 돌파,,Rotation-stop WF v1 | composite_h25_max1__natural_only | one-way cost 0.10%,1fbd0009adfb55a4ac29e969,LEGACY_IMPORTED_NOT_CORE_V6,results/expanded_strategy_results_2026-09-13.csv,116,89e81614857d58c36670973de74eab6234ea582f5ad1c5800904826d7902d0c6,results/expanded_actual_trade_records_2026-09-13.csv,"{""source_project"": ""2trading"", ""source_family"": ""Rotation-stop research ledger"", ""strategy_code"": ""S13"", ""strategy_name"": ""S13 NR7 돌파"", ""market"": """", ""version"": ""Rotation-stop WF v1 | composite_h25_max1__natural_only | one-way cost 0.10%""}",FILTER_REQUIRED_CHECK_EQUIVALENT_VERSIONS,,NOT_LINKED,,,NOT_RECORDED_BEFORE_RUN,2010-01-04,2026-08-10,1505.0,0.0236928116076486,-0.0373382618101898,Rotation-stop WF v1 | composite_h25_max1__natural_only | one-way cost 0.10%,Unique selected-trade ledger.,기존 결과,
2trading,Rotation-stop research ledger,S13,S13 NR7 돌파,,Rotation-stop WF v1 | composite_h25_max1__time_20_nonpositive | one-way cost 0.10%,385bfb93d0ac71565b3372ce,LEGACY_IMPORTED_NOT_CORE_V6,results/expanded_strategy_results_2026-09-13.csv,117,89e81614857d58c36670973de74eab6234ea582f5ad1c5800904826d7902d0c6,results/expanded_actual_trade_records_2026-09-13.csv,"{""source_project"": ""2trading"", ""source_family"": ""Rotation-stop research ledger"", ""strategy_code"": ""S13"", ""strategy_name"": ""S13 NR7 돌파"", ""market"": """", ""version"": ""Rotation-stop WF v1 | composite_h25_max1__time_20_nonpositive | one-way cost 0.10%""}",FILTER_REQUIRED_CHECK_EQUIVALENT_VERSIONS,,NOT_LINKED,,,NOT_RECORDED_BEFORE_RUN,2010-01-04,2026-08-10,1857.0,0.0194854569025578,-0.0162111347048117,Rotation-stop WF v1 | composite_h25_max1__time_20_nonpositive | one-way cost 0.10%,Unique selected-trade ledger.,기존 결과,
2trading,Rotation-stop research ledger,S13,S13 NR7 돌파,,Rotation-stop WF v1 | composite_h25_max1_loser__natural_only | one-way cost 0.10%,a408d3f1af45e2b5e8e6758c,LEGACY_IMPORTED_NOT_CORE_V6,results/expanded_strategy_results_2026-09-13.csv,118,89e81614857d58c36670973de74eab6234ea582f5ad1c5800904826d7902d0c6,results/expanded_actual_trade_records_2026-09-13.csv,"{""source_project"": ""2trading"", ""source_family"": ""Rotation-stop research ledger"", ""strategy_code"": ""S13"", ""strategy_name"": ""S13 NR7 돌파"", ""market"": """", ""version"": ""Rotation-stop WF v1 | composite_h25_max1_loser__natural_only | one-way cost 0.10%""}",FILTER_REQUIRED_CHECK_EQUIVALENT_VERSIONS,,NOT_LINKED,,,NOT_RECORDED_BEFORE_RUN,2010-01-04,2026-08-10,1413.0,0.0238971009107926,-0.0418089931796056,Rotation-stop WF v1 | composite_h25_max1_loser__natural_only | one-way cost 0.10%,Unique selected-trade ledger.,기존 결과,
2trading,Rotation-stop research ledger,S13,S13 NR7 돌파,,Rotation-stop WF v1 | composite_h25_max1_stale20__breakeven_1r | one-way cost 0.10%,9b3465eb18be5d9a1ae2bb63,LEGACY_IMPORTED_NOT_CORE_V6,results/expanded_strategy_results_2026-09-13.csv,119,89e81614857d58c36670973de74eab6234ea582f5ad1c5800904826d7902d0c6,results/expanded_actual_trade_records_2026-09-13.csv,"{""source_project"": ""2trading"", ""source_family"": ""Rotation-stop research ledger"", ""strategy_code"": ""S13"", ""strategy_name"": ""S13 NR7 돌파"", ""market"": """", ""version"": ""Rotation-stop WF v1 | composite_h25_max1_stale20__breakeven_1r | one-way cost 0.10%""}",FILTER_REQUIRED_CHECK_EQUIVALENT_VERSIONS,,NOT_LINKED,,,NOT_RECORDED_BEFORE_RUN,2010-01-04,2026-08-10,1601.0,0.0217642622424798,0.0,Rotation-stop WF v1 | composite_h25_max1_stale20__breakeven_1r | one-way cost 0.10%,Unique selected-trade ledger.,기존 결과,
2trading,Rotation-stop research ledger,S13,S13 NR7 돌파,,Rotation-stop WF v1 | composite_h25_max1_stale20__breakeven_2r | one-way cost 0.10%,ac556f223a41b33f607d319c,LEGACY_IMPORTED_NOT_CORE_V6,results/expanded_strategy_results_2026-09-13.csv,120,89e81614857d58c36670973de74eab6234ea582f5ad1c5800904826d7902d0c6,results/expanded_actual_trade_records_2026-09-13.csv,"{""source_project"": ""2trading"", ""source_family"": ""Rotation-stop research ledger"", ""strategy_code"": ""S13"", ""strategy_name"": ""S13 NR7 돌파"", ""market"": """", ""version"": ""Rotation-stop WF v1 | composite_h25_max1_stale20__breakeven_2r | one-way cost 0.10%""}",FILTER_REQUIRED_CHECK_EQUIVALENT_VERSIONS,,NOT_LINKED,,,NOT_RECORDED_BEFORE_RUN,2010-01-04,2026-08-10,1398.0,0.0235365654265835,-0.0427624675046269,Rotation-stop WF v1 | composite_h25_max1_stale20__breakeven_2r | one-way cost 0.10%,Identical selected-trade ledgers collapsed; all historical version labels retained.,기존 결과,
2trading,Rotation-stop research ledger,S13,S13 NR7 돌파,,Rotation-stop WF v1 | composite_h25_max1_stale20__chandelier_3atr | one-way cost 0.10%,2792e142ba0f30b77b45fdc5,LEGACY_IMPORTED_NOT_CORE_V6,results/expanded_strategy_results_2026-09-13.csv,121,89e81614857d58c36670973de74eab6234ea582f5ad1c5800904826d7902d0c6,results/expanded_actual_trade_records_2026-09-13.csv,"{""source_project"": ""2trading"", ""source_family"": ""Rotation-stop research ledger"", ""strategy_code"": ""S13"", ""strategy_name"": ""S13 NR7 돌파"", ""market"": """", ""version"": ""Rotation-stop WF v1 | composite_h25_max1_stale20__chandelier_3atr | one-way cost 0.10%""}",FILTER_REQUIRED_CHECK_EQUIVALENT_VERSIONS,,NOT_LINKED,,,NOT_RECORDED_BEFORE_RUN,2010-01-04,2026-08-10,2143.0,0.0105929526083085,-0.0215926249558352,Rotation-stop WF v1 | composite_h25_max1_stale20__chandelier_3atr | one-way cost 0.10%,Unique selected-trade ledger.,기존 결과,
2trading,Rotation-stop research ledger,S13,S13 NR7 돌파,,Rotation-stop WF v1 | composite_h25_max1_stale20__time_20_nonpositive | one-way cost 0.10%,599e29df69f022ebbcbfb317,LEGACY_IMPORTED_NOT_CORE_V6,results/expanded_strategy_results_2026-09-13.csv,122,89e81614857d58c36670973de74eab6234ea582f5ad1c5800904826d7902d0c6,results/expanded_actual_trade_records_2026-09-13.csv,"{""source_project"": ""2trading"", ""source_family"": ""Rotation-stop research ledger"", ""strategy_code"": ""S13"", ""strategy_name"": ""S13 NR7 돌파"", ""market"": """", ""version"": ""Rotation-stop WF v1 | composite_h25_max1_stale20__time_20_nonpositive | one-way cost 0.10%""}",FILTER_REQUIRED_CHECK_EQUIVALENT_VERSIONS,,NOT_LINKED,,,NOT_RECORDED_BEFORE_RUN,2010-01-04,2026-08-10,1765.0,0.0174138112319723,-0.017736516328719,Rotation-stop WF v1 | composite_h25_max1_stale20__time_20_nonpositive | one-way cost 0.10%,Unique selected-trade ledger.,기존 결과,
2trading,Rotation-stop research ledger,S13,S13 NR7 돌파,,Rotation-stop WF v1 | composite_h25_unlimited__breakeven_1r | one-way cost 0.10%,93304c090375636b84d7c6a5,LEGACY_IMPORTED_NOT_CORE_V6,results/expanded_strategy_results_2026-09-13.csv,123,89e81614857d58c36670973de74eab6234ea582f5ad1c5800904826d7902d0c6,results/expanded_actual_trade_records_2026-09-13.csv,"{""source_project"": ""2trading"", ""source_family"": ""Rotation-stop research ledger"", ""strategy_code"": ""S13"", ""strategy_name"": ""S13 NR7 돌파"", ""market"": """", ""version"": ""Rotation-stop WF v1 | composite_h25_unlimited__breakeven_1r | one-way cost 0.10%""}",FILTER_REQUIRED_CHECK_EQUIVALENT_VERSIONS,,NOT_LINKED,,,NOT_RECORDED_BEFORE_RUN,2010-01-04,2026-08-10,1652.0,0.0192986634861607,0.0,Rotation-stop WF v1 | composite_h25_unlimited__breakeven_1r | one-way cost 0.10%,Unique selected-trade ledger.,기존 결과,
2trading,Rotation-stop research ledger,S13,S13 NR7 돌파,,Rotation-stop WF v1 | composite_h25_unlimited__breakeven_2r | one-way cost 0.10%,b6f08c8f159b567548a1576f,LEGACY_IMPORTED_NOT_CORE_V6,results/expanded_strategy_results_2026-09-13.csv,124,89e81614857d58c36670973de74eab6234ea582f5ad1c5800904826d7902d0c6,results/expanded_actual_trade_records_2026-09-13.csv,"{""source_project"": ""2trading"", ""source_family"": ""Rotation-stop research ledger"", ""strategy_code"": ""S13"", ""strategy_name"": ""S13 NR7 돌파"", ""market"": """", ""version"": ""Rotation-stop WF v1 | composite_h25_unlimited__breakeven_2r | one-way cost 0.10%""}",FILTER_REQUIRED_CHECK_EQUIVALENT_VERSIONS,,NOT_LINKED,,,NOT_RECORDED_BEFORE_RUN,2010-01-04,2026-08-10,1488.0,0.0237893034796355,-0.0379340395993645,Rotation-stop WF v1 | composite_h25_unlimited__breakeven_2r | one-way cost 0.10%,Identical selected-trade ledgers collapsed; all historical version labels retained.,기존 결과,
2trading,Rotation-stop research ledger,S13,S13 NR7 돌파,,Rotation-stop WF v1 | composite_h25_unlimited__chandelier_3atr | one-way cost 0.10%,ec15e8a043d8f147218c8752,LEGACY_IMPORTED_NOT_CORE_V6,results/expanded_strategy_results_2026-09-13.csv,125,89e81614857d58c36670973de74eab6234ea582f5ad1c5800904826d7902d0c6,results/expanded_actual_trade_records_2026-09-13.csv,"{""source_project"": ""2trading"", ""source_family"": ""Rotation-stop research ledger"", ""strategy_code"": ""S13"", ""strategy_name"": ""S13 NR7 돌파"", ""market"": """", ""version"": ""Rotation-stop WF v1 | composite_h25_unlimited__chandelier_3atr | one-way cost 0.10%""}",FILTER_REQUIRED_CHECK_EQUIVALENT_VERSIONS,,NOT_LINKED,,,NOT_RECORDED_BEFORE_RUN,2010-01-04,2026-08-10,2171.0,0.0111203680833888,-0.0205640643518795,Rotation-stop WF v1 | composite_h25_unlimited__chandelier_3atr | one-way cost 0.10%,Unique selected-trade ledger.,기존 결과,
2trading,Rotation-stop research ledger,S13,S13 NR7 돌파,,Rotation-stop WF v1 | composite_h25_unlimited__hard_5pct | one-way cost 0.10%,1bafc3b63f04ce4a50db0a29,LEGACY_IMPORTED_NOT_CORE_V6,results/expanded_strategy_results_2026-09-13.csv,126,89e81614857d58c36670973de74eab6234ea582f5ad1c5800904826d7902d0c6,results/expanded_actual_trade_records_2026-09-13.csv,"{""source_project"": ""2trading"", ""source_family"": ""Rotation-stop research ledger"", ""strategy_code"": ""S13"", ""strategy_name"": ""S13 NR7 돌파"", ""market"": """", ""version"": ""Rotation-stop WF v1 | composite_h25_unlimited__hard_5pct | one-way cost 0.10%""}",FILTER_REQUIRED_CHECK_EQUIVALENT_VERSIONS,,NOT_LINKED,,,NOT_RECORDED_BEFORE_RUN,2010-01-04,2026-08-10,2221.0,0.007928162547871,-0.0499999999999999,Rotation-stop WF v1 | composite_h25_unlimited__hard_5pct | one-way cost 0.10%,Unique selected-trade ledger.,기존 결과,
2trading,Rotation-stop research ledger,S13,S13 NR7 돌파,,Rotation-stop WF v1 | composite_h25_unlimited__hard_8pct | one-way cost 0.10%,2ceec11bc63797d1310da942,LEGACY_IMPORTED_NOT_CORE_V6,results/expanded_strategy_results_2026-09-13.csv,127,89e81614857d58c36670973de74eab6234ea582f5ad1c5800904826d7902d0c6,results/expanded_actual_trade_records_2026-09-13.csv,"{""source_project"": ""2trading"", ""source_family"": ""Rotation-stop research ledger"", ""strategy_code"": ""S13"", ""strategy_name"": ""S13 NR7 돌파"", ""market"": """", ""version"": ""Rotation-stop WF v1 | composite_h25_unlimited__hard_8pct | one-way cost 0.10%""}",FILTER_REQUIRED_CHECK_EQUIVALENT_VERSIONS,,NOT_LINKED,,,NOT_RECORDED_BEFORE_RUN,2010-01-04,2026-08-10,1706.0,0.0171520388437973,-0.0518280716196598,Rotation-stop WF v1 | composite_h25_unlimited__hard_8pct | one-way cost 0.10%,Unique selected-trade ledger.,기존 결과,
2trading,Rotation-stop research ledger,S13,S13 NR7 돌파,,Rotation-stop WF v1 | composite_h25_unlimited__time_20_nonpositive | one-way cost 0.10%,3c6ed16823c8890bd372ebb8,LEGACY_IMPORTED_NOT_CORE_V6,results/expanded_strategy_results_2026-09-13.csv,128,89e81614857d58c36670973de74eab6234ea582f5ad1c5800904826d7902d0c6,results/expanded_actual_trade_records_2026-09-13.csv,"{""source_project"": ""2trading"", ""source_family"": ""Rotation-stop research ledger"", ""strategy_code"": ""S13"", ""strategy_name"": ""S13 NR7 돌파"", ""market"": """", ""version"": ""Rotation-stop WF v1 | composite_h25_unlimited__time_20_nonpositive | one-way cost 0.10%""}",FILTER_REQUIRED_CHECK_EQUIVALENT_VERSIONS,,NOT_LINKED,,,NOT_RECORDED_BEFORE_RUN,2010-01-04,2026-08-10,1878.0,0.0175562909045034,-0.0167650624854918,Rotation-stop WF v1 | composite_h25_unlimited__time_20_nonpositive | one-way cost 0.10%,Unique selected-trade ledger.,기존 결과,
2trading,Rotation-stop research ledger,S13,S13 NR7 돌파,,Rotation-stop WF v1 | composite_h50_max1__natural_only | one-way cost 0.10%,43416f2ac426bd3d1ffb6142,LEGACY_IMPORTED_NOT_CORE_V6,results/expanded_strategy_results_2026-09-13.csv,129,89e81614857d58c36670973de74eab6234ea582f5ad1c5800904826d7902d0c6,results/expanded_actual_trade_records_2026-09-13.csv,"{""source_project"": ""2trading"", ""source_family"": ""Rotation-stop research ledger"", ""strategy_code"": ""S13"", ""strategy_name"": ""S13 NR7 돌파"", ""market"": """", ""version"": ""Rotation-stop WF v1 | composite_h50_max1__natural_only | one-way cost 0.10%""}",FILTER_REQUIRED_CHECK_EQUIVALENT_VERSIONS,,NOT_LINKED,,,NOT_RECORDED_BEFORE_RUN,2010-01-04,2026-08-10,1384.0,0.0211811311458969,-0.0452961292897119,Rotation-stop WF v1 | composite_h50_max1__natural_only | one-way cost 0.10%,Unique selected-trade ledger.,기존 결과,
2trading,Rotation-stop research ledger,S13,S13 NR7 돌파,,Rotation-stop WF v1 | composite_h50_unlimited__natural_only | one-way cost 0.10%,505edbc5ff43639ce1f5a573,LEGACY_IMPORTED_NOT_CORE_V6,results/expanded_strategy_results_2026-09-13.csv,130,89e81614857d58c36670973de74eab6234ea582f5ad1c5800904826d7902d0c6,results/expanded_actual_trade_records_2026-09-13.csv,"{""source_project"": ""2trading"", ""source_family"": ""Rotation-stop research ledger"", ""strategy_code"": ""S13"", ""strategy_name"": ""S13 NR7 돌파"", ""market"": """", ""version"": ""Rotation-stop WF v1 | composite_h50_unlimited__natural_only | one-way cost 0.10%""}",FILTER_REQUIRED_CHECK_EQUIVALENT_VERSIONS,,NOT_LINKED,,,NOT_RECORDED_BEFORE_RUN,2010-01-04,2026-08-10,1384.0,0.0212129301874862,-0.0452961292897119,Rotation-stop WF v1 | composite_h50_unlimited__natural_only | one-way cost 0.10%,Unique selected-trade ledger.,기존 결과,
2trading,Rotation-stop research ledger,S13,S13 NR7 돌파,,Rotation-stop WF v1 | current_h10_max1__natural_only | one-way cost 0.10%,033f1703121587883320cdd8,LEGACY_IMPORTED_NOT_CORE_V6,results/expanded_strategy_results_2026-09-13.csv,131,89e81614857d58c36670973de74eab6234ea582f5ad1c5800904826d7902d0c6,results/expanded_actual_trade_records_2026-09-13.csv,"{""source_project"": ""2trading"", ""source_family"": ""Rotation-stop research ledger"", ""strategy_code"": ""S13"", ""strategy_name"": ""S13 NR7 돌파"", ""market"": """", ""version"": ""Rotation-stop WF v1 | current_h10_max1__natural_only | one-way cost 0.10%""}",FILTER_REQUIRED_CHECK_EQUIVALENT_VERSIONS,,NOT_LINKED,,,NOT_RECORDED_BEFORE_RUN,2010-01-04,2026-08-10,1576.0,0.0196779936927265,-0.0297274292824734,Rotation-stop WF v1 | current_h10_max1__natural_only | one-way cost 0.10%,Unique selected-trade ledger.,기존 결과,
2trading,Rotation-stop research ledger,S13,S13 NR7 돌파,,Rotation-stop WF v1 | current_h10_unlimited__natural_only | one-way cost 0.10%,4a853850257ffee827015780,LEGACY_IMPORTED_NOT_CORE_V6,results/expanded_strategy_results_2026-09-13.csv,132,89e81614857d58c36670973de74eab6234ea582f5ad1c5800904826d7902d0c6,results/expanded_actual_trade_records_2026-09-13.csv,"{""source_project"": ""2trading"", ""source_family"": ""Rotation-stop research ledger"", ""strategy_code"": ""S13"", ""strategy_name"": ""S13 NR7 돌파"", ""market"": """", ""version"": ""Rotation-stop WF v1 | current_h10_unlimited__natural_only | one-way cost 0.10%""}",FILTER_REQUIRED_CHECK_EQUIVALENT_VERSIONS,,NOT_LINKED,,,NOT_RECORDED_BEFORE_RUN,2010-01-04,2026-08-10,1565.0,0.0183723783247163,-0.0282770476107581,Rotation-stop WF v1 | current_h10_unlimited__natural_only | one-way cost 0.10%,Unique selected-trade ledger.,기존 결과,
2trading,Rotation-stop research ledger,S13,S13 NR7 돌파,,Rotation-stop WF v1 | current_h25_max1__natural_only | one-way cost 0.10%,07fbb5f081c2dc4cb47b462d,LEGACY_IMPORTED_NOT_CORE_V6,results/expanded_strategy_results_2026-09-13.csv,133,89e81614857d58c36670973de74eab6234ea582f5ad1c5800904826d7902d0c6,results/expanded_actual_trade_records_2026-09-13.csv,"{""source_project"": ""2trading"", ""source_family"": ""Rotation-stop research ledger"", ""strategy_code"": ""S13"", ""strategy_name"": ""S13 NR7 돌파"", ""market"": """", ""version"": ""Rotation-stop WF v1 | current_h25_max1__natural_only | one-way cost 0.10%""}",FILTER_REQUIRED_CHECK_EQUIVALENT_VERSIONS,,NOT_LINKED,,,NOT_RECORDED_BEFORE_RUN,2010-01-04,2026-08-10,1506.0,0.0190837314561982,-0.0339147917466013,Rotation-stop WF v1 | current_h25_max1__natural_only | one-way cost 0.10%,Unique selected-trade ledger.,기존 결과,
2trading,Rotation-stop research ledger,S13,S13 NR7 돌파,,Rotation-stop WF v1 | current_h25_unlimited__natural_only | one-way cost 0.10%,adc064d85c351c05eaf3fb25,LEGACY_IMPORTED_NOT_CORE_V6,results/expanded_strategy_results_2026-09-13.csv,134,89e81614857d58c36670973de74eab6234ea582f5ad1c5800904826d7902d0c6,results/expanded_actual_trade_records_2026-09-13.csv,"{""source_project"": ""2trading"", ""source_family"": ""Rotation-stop research ledger"", ""strategy_code"": ""S13"", ""strategy_name"": ""S13 NR7 돌파"", ""market"": """", ""version"": ""Rotation-stop WF v1 | current_h25_unlimited__natural_only | one-way cost 0.10%""}",FILTER_REQUIRED_CHECK_EQUIVALENT_VERSIONS,,NOT_LINKED,,,NOT_RECORDED_BEFORE_RUN,2010-01-04,2026-08-10,1533.0,0.0174850080064814,-0.0330083848962261,Rotation-stop WF v1 | current_h25_unlimited__natural_only | one-way cost 0.10%,Unique selected-trade ledger.,기존 결과,
2trading,Rotation-stop research ledger,S13,S13 NR7 돌파,,Rotation-stop WF v1 | current_h50_max1__natural_only | one-way cost 0.10%,6b6cba9496c4cbee662c9b47,LEGACY_IMPORTED_NOT_CORE_V6,results/expanded_strategy_results_2026-09-13.csv,135,89e81614857d58c36670973de74eab6234ea582f5ad1c5800904826d7902d0c6,results/expanded_actual_trade_records_2026-09-13.csv,"{""source_project"": ""2trading"", ""source_family"": ""Rotation-stop research ledger"", ""strategy_code"": ""S13"", ""strategy_name"": ""S13 NR7 돌파"", ""market"": """", ""version"": ""Rotation-stop WF v1 | current_h50_max1__natural_only | one-way cost 0.10%""}",FILTER_REQUIRED_CHECK_EQUIVALENT_VERSIONS,,NOT_LINKED,,,NOT_RECORDED_BEFORE_RUN,2010-01-04,2026-08-10,1478.0,0.0173319463585079,-0.0365433001156053,Rotation-stop WF v1 | current_h50_max1__natural_only | one-way cost 0.10%,Unique selected-trade ledger.,기존 결과,
2trading,Rotation-stop research ledger,S13,S13 NR7 돌파,,Rotation-stop WF v1 | current_h50_unlimited__breakeven_2r | one-way cost 0.10%,7c9ffff46b3ce2bfe6957ec3,LEGACY_IMPORTED_NOT_CORE_V6,results/expanded_strategy_results_2026-09-13.csv,136,89e81614857d58c36670973de74eab6234ea582f5ad1c5800904826d7902d0c6,results/expanded_actual_trade_records_2026-09-13.csv,"{""source_project"": ""2trading"", ""source_family"": ""Rotation-stop research ledger"", ""strategy_code"": ""S13"", ""strategy_name"": ""S13 NR7 돌파"", ""market"": """", ""version"": ""Rotation-stop WF v1 | current_h50_unlimited__breakeven_2r | one-way cost 0.10%""}",FILTER_REQUIRED_CHECK_EQUIVALENT_VERSIONS,,NOT_LINKED,,,NOT_RECORDED_BEFORE_RUN,2010-01-04,2026-08-10,1492.0,0.022726773006911,-0.0327484762152431,Rotation-stop WF v1 | current_h50_unlimited__breakeven_2r | one-way cost 0.10%,Identical selected-trade ledgers collapsed; all historical version labels retained.,기존 결과,
2trading,Rotation-stop research ledger,S13,S13 NR7 돌파,,Rotation-stop WF v1 | current_h50_unlimited__chandelier_3atr | one-way cost 0.10%,95662581d861b847d9686be6,LEGACY_IMPORTED_NOT_CORE_V6,results/expanded_strategy_results_2026-09-13.csv,137,89e81614857d58c36670973de74eab6234ea582f5ad1c5800904826d7902d0c6,results/expanded_actual_trade_records_2026-09-13.csv,"{""source_project"": ""2trading"", ""source_family"": ""Rotation-stop research ledger"", ""strategy_code"": ""S13"", ""strategy_name"": ""S13 NR7 돌파"", ""market"": """", ""version"": ""Rotation-stop WF v1 | current_h50_unlimited__chandelier_3atr | one-way cost 0.10%""}",FILTER_REQUIRED_CHECK_EQUIVALENT_VERSIONS,,NOT_LINKED,,,NOT_RECORDED_BEFORE_RUN,2010-01-04,2026-08-10,2197.0,0.0105565428323518,-0.0170979972263668,Rotation-stop WF v1 | current_h50_unlimited__chandelier_3atr | one-way cost 0.10%,Unique selected-trade ledger.,기존 결과,
2trading,Rotation-stop research ledger,S13,S13 NR7 돌파,,Rotation-stop WF v1 | current_h50_unlimited__entry_atr_2p0 | one-way cost 0.10%,749dd76f1ced755040eb4e00,LEGACY_IMPORTED_NOT_CORE_V6,results/expanded_strategy_results_2026-09-13.csv,138,89e81614857d58c36670973de74eab6234ea582f5ad1c5800904826d7902d0c6,results/expanded_actual_trade_records_2026-09-13.csv,"{""source_project"": ""2trading"", ""source_family"": ""Rotation-stop research ledger"", ""strategy_code"": ""S13"", ""strategy_name"": ""S13 NR7 돌파"", ""market"": """", ""version"": ""Rotation-stop WF v1 | current_h50_unlimited__entry_atr_2p0 | one-way cost 0.10%""}",FILTER_REQUIRED_CHECK_EQUIVALENT_VERSIONS,,NOT_LINKED,,,NOT_RECORDED_BEFORE_RUN,2010-01-04,2026-08-10,1783.0,0.0167539530250383,-0.0346219885808075,Rotation-stop WF v1 | current_h50_unlimited__entry_atr_2p0 | one-way cost 0.10%,Unique selected-trade ledger.,기존 결과,
2trading,Rotation-stop research ledger,S13,S13 NR7 돌파,,Rotation-stop WF v1 | current_h50_unlimited__hard_5pct | one-way cost 0.10%,bbd171e787ff4274105cfef5,LEGACY_IMPORTED_NOT_CORE_V6,results/expanded_strategy_results_2026-09-13.csv,139,89e81614857d58c36670973de74eab6234ea582f5ad1c5800904826d7902d0c6,results/expanded_actual_trade_records_2026-09-13.csv,"{""source_project"": ""2trading"", ""source_family"": ""Rotation-stop research ledger"", ""strategy_code"": ""S13"", ""strategy_name"": ""S13 NR7 돌파"", ""market"": """", ""version"": ""Rotation-stop WF v1 | current_h50_unlimited__hard_5pct | one-way cost 0.10%""}",FILTER_REQUIRED_CHECK_EQUIVALENT_VERSIONS,,NOT_LINKED,,,NOT_RECORDED_BEFORE_RUN,2010-01-04,2026-08-10,2084.0,0.0108920248077482,-0.0499999999999999,Rotation-stop WF v1 | current_h50_unlimited__hard_5pct | one-way cost 0.10%,Unique selected-trade ledger.,기존 결과,
2trading,Rotation-stop research ledger,S13,S13 NR7 돌파,,Rotation-stop WF v1 | current_h50_unlimited__time_20_nonpositive | one-way cost 0.10%,ed1b047145fa018b9128be9a,LEGACY_IMPORTED_NOT_CORE_V6,results/expanded_strategy_results_2026-09-13.csv,140,89e81614857d58c36670973de74eab6234ea582f5ad1c5800904826d7902d0c6,results/expanded_actual_trade_records_2026-09-13.csv,"{""source_project"": ""2trading"", ""source_family"": ""Rotation-stop research ledger"", ""strategy_code"": ""S13"", ""strategy_name"": ""S13 NR7 돌파"", ""market"": """", ""version"": ""Rotation-stop WF v1 | current_h50_unlimited__time_20_nonpositive | one-way cost 0.10%""}",FILTER_REQUIRED_CHECK_EQUIVALENT_VERSIONS,,NOT_LINKED,,,NOT_RECORDED_BEFORE_RUN,2010-01-04,2026-08-10,1910.0,0.0165081693241507,-0.0152073896416383,Rotation-stop WF v1 | current_h50_unlimited__time_20_nonpositive | one-way cost 0.10%,Unique selected-trade ledger.,기존 결과,
2trading,Rotation-stop research ledger,S13,S13 NR7 돌파,,Rotation-stop WF v1 | dynamic_h10_max1__natural_only | one-way cost 0.10%,184625e3d43e09e0dbec9571,LEGACY_IMPORTED_NOT_CORE_V6,results/expanded_strategy_results_2026-09-13.csv,141,89e81614857d58c36670973de74eab6234ea582f5ad1c5800904826d7902d0c6,results/expanded_actual_trade_records_2026-09-13.csv,"{""source_project"": ""2trading"", ""source_family"": ""Rotation-stop research ledger"", ""strategy_code"": ""S13"", ""strategy_name"": ""S13 NR7 돌파"", ""market"": """", ""version"": ""Rotation-stop WF v1 | dynamic_h10_max1__natural_only | one-way cost 0.10%""}",FILTER_REQUIRED_CHECK_EQUIVALENT_VERSIONS,,NOT_LINKED,,,NOT_RECORDED_BEFORE_RUN,2010-01-04,2026-08-10,1689.0,0.0196276623068478,-0.020776824143264,Rotation-stop WF v1 | dynamic_h10_max1__natural_only | one-way cost 0.10%,Unique selected-trade ledger.,기존 결과,
2trading,Rotation-stop research ledger,S13,S13 NR7 돌파,,Rotation-stop WF v1 | dynamic_h10_unlimited__natural_only | one-way cost 0.10%,2720332e6f958eee91d5f3ba,LEGACY_IMPORTED_NOT_CORE_V6,results/expanded_strategy_results_2026-09-13.csv,142,89e81614857d58c36670973de74eab6234ea582f5ad1c5800904826d7902d0c6,results/expanded_actual_trade_records_2026-09-13.csv,"{""source_project"": ""2trading"", ""source_family"": ""Rotation-stop research ledger"", ""strategy_code"": ""S13"", ""strategy_name"": ""S13 NR7 돌파"", ""market"": """", ""version"": ""Rotation-stop WF v1 | dynamic_h10_unlimited__natural_only | one-way cost 0.10%""}",FILTER_REQUIRED_CHECK_EQUIVALENT_VERSIONS,,NOT_LINKED,,,NOT_RECORDED_BEFORE_RUN,2010-01-04,2026-08-10,1769.0,0.0196720565453678,-0.0090102476265829,Rotation-stop WF v1 | dynamic_h10_unlimited__natural_only | one-way cost 0.10%,Unique selected-trade ledger.,기존 결과,
2trading,Rotation-stop research ledger,S13,S13 NR7 돌파,,Rotation-stop WF v1 | dynamic_h25_max1__natural_only | one-way cost 0.10%,d4782271398a96212e1ad480,LEGACY_IMPORTED_NOT_CORE_V6,results/expanded_strategy_results_2026-09-13.csv,143,89e81614857d58c36670973de74eab6234ea582f5ad1c5800904826d7902d0c6,results/expanded_actual_trade_records_2026-09-13.csv,"{""source_project"": ""2trading"", ""source_family"": ""Rotation-stop research ledger"", ""strategy_code"": ""S13"", ""strategy_name"": ""S13 NR7 돌파"", ""market"": """", ""version"": ""Rotation-stop WF v1 | dynamic_h25_max1__natural_only | one-way cost 0.10%""}",FILTER_REQUIRED_CHECK_EQUIVALENT_VERSIONS,,NOT_LINKED,,,NOT_RECORDED_BEFORE_RUN,2010-01-04,2026-08-10,1656.0,0.0210500233153505,-0.0159937758830508,Rotation-stop WF v1 | dynamic_h25_max1__natural_only | one-way cost 0.10%,Unique selected-trade ledger.,기존 결과,
2trading,Rotation-stop research ledger,S13,S13 NR7 돌파,,Rotation-stop WF v1 | dynamic_h25_max1_loser__breakeven_2r | one-way cost 0.10%,fc15f1badab0e4bc0e21bde9,LEGACY_IMPORTED_NOT_CORE_V6,results/expanded_strategy_results_2026-09-13.csv,144,89e81614857d58c36670973de74eab6234ea582f5ad1c5800904826d7902d0c6,results/expanded_actual_trade_records_2026-09-13.csv,"{""source_project"": ""2trading"", ""source_family"": ""Rotation-stop research ledger"", ""strategy_code"": ""S13"", ""strategy_name"": ""S13 NR7 돌파"", ""market"": """", ""version"": ""Rotation-stop WF v1 | dynamic_h25_max1_loser__breakeven_2r | one-way cost 0.10%""}",FILTER_REQUIRED_CHECK_EQUIVALENT_VERSIONS,,NOT_LINKED,,,NOT_RECORDED_BEFORE_RUN,2010-01-04,2026-08-10,1466.0,0.0223541759263859,-0.0268366664759538,Rotation-stop WF v1 | dynamic_h25_max1_loser__breakeven_2r | one-way cost 0.10%,Identical selected-trade ledgers collapsed; all historical version labels retained.,기존 결과,
2trading,Rotation-stop research ledger,S13,S13 NR7 돌파,,Rotation-stop WF v1 | dynamic_h25_max1_loser__entry_atr_3p0 | one-way cost 0.10%,41181d3409599e96fded4e1e,LEGACY_IMPORTED_NOT_CORE_V6,results/expanded_strategy_results_2026-09-13.csv,145,89e81614857d58c36670973de74eab6234ea582f5ad1c5800904826d7902d0c6,results/expanded_actual_trade_records_2026-09-13.csv,"{""source_project"": ""2trading"", ""source_family"": ""Rotation-stop research ledger"", ""strategy_code"": ""S13"", ""strategy_name"": ""S13 NR7 돌파"", ""market"": """", ""version"": ""Rotation-stop WF v1 | dynamic_h25_max1_loser__entry_atr_3p0 | one-way cost 0.10%""}",FILTER_REQUIRED_CHECK_EQUIVALENT_VERSIONS,,NOT_LINKED,,,NOT_RECORDED_BEFORE_RUN,2010-01-04,2026-08-10,1512.0,0.0225373116900652,-0.0324759887835607,Rotation-stop WF v1 | dynamic_h25_max1_loser__entry_atr_3p0 | one-way cost 0.10%,Unique selected-trade ledger.,기존 결과,
2trading,Rotation-stop research ledger,S13,S13 NR7 돌파,,Rotation-stop WF v1 | dynamic_h25_max1_loser__hard_8pct | one-way cost 0.10%,2393c9980e1320449935d304,LEGACY_IMPORTED_NOT_CORE_V6,results/expanded_strategy_results_2026-09-13.csv,146,89e81614857d58c36670973de74eab6234ea582f5ad1c5800904826d7902d0c6,results/expanded_actual_trade_records_2026-09-13.csv,"{""source_project"": ""2trading"", ""source_family"": ""Rotation-stop research ledger"", ""strategy_code"": ""S13"", ""strategy_name"": ""S13 NR7 돌파"", ""market"": """", ""version"": ""Rotation-stop WF v1 | dynamic_h25_max1_loser__hard_8pct | one-way cost 0.10%""}",FILTER_REQUIRED_CHECK_EQUIVALENT_VERSIONS,,NOT_LINKED,,,NOT_RECORDED_BEFORE_RUN,2010-01-04,2026-08-10,1668.0,0.0141959237132501,-0.0464803353643551,Rotation-stop WF v1 | dynamic_h25_max1_loser__hard_8pct | one-way cost 0.10%,Unique selected-trade ledger.,기존 결과,
2trading,Rotation-stop research ledger,S13,S13 NR7 돌파,,Rotation-stop WF v1 | dynamic_h25_max1_loser__time_20_nonpositive | one-way cost 0.10%,32682d5c27796e7728fe3763,LEGACY_IMPORTED_NOT_CORE_V6,results/expanded_strategy_results_2026-09-13.csv,147,89e81614857d58c36670973de74eab6234ea582f5ad1c5800904826d7902d0c6,results/expanded_actual_trade_records_2026-09-13.csv,"{""source_project"": ""2trading"", ""source_family"": ""Rotation-stop research ledger"", ""strategy_code"": ""S13"", ""strategy_name"": ""S13 NR7 돌파"", ""market"": """", ""version"": ""Rotation-stop WF v1 | dynamic_h25_max1_loser__time_20_nonpositive | one-way cost 0.10%""}",FILTER_REQUIRED_CHECK_EQUIVALENT_VERSIONS,,NOT_LINKED,,,NOT_RECORDED_BEFORE_RUN,2010-01-04,2026-08-10,1818.0,0.0195397284982227,-0.0135871493077822,Rotation-stop WF v1 | dynamic_h25_max1_loser__time_20_nonpositive | one-way cost 0.10%,Unique selected-trade ledger.,기존 결과,
2trading,Rotation-stop research ledger,S13,S13 NR7 돌파,,Rotation-stop WF v1 | dynamic_h25_max1_stale20__chandelier_4atr | one-way cost 0.10%,75fd6c2c8b9088d219529066,LEGACY_IMPORTED_NOT_CORE_V6,results/expanded_strategy_results_2026-09-13.csv,148,89e81614857d58c36670973de74eab6234ea582f5ad1c5800904826d7902d0c6,results/expanded_actual_trade_records_2026-09-13.csv,"{""source_project"": ""2trading"", ""source_family"": ""Rotation-stop research ledger"", ""strategy_code"": ""S13"", ""strategy_name"": ""S13 NR7 돌파"", ""market"": """", ""version"": ""Rotation-stop WF v1 | dynamic_h25_max1_stale20__chandelier_4atr | one-way cost 0.10%""}",FILTER_REQUIRED_CHECK_EQUIVALENT_VERSIONS,,NOT_LINKED,,,NOT_RECORDED_BEFORE_RUN,2010-01-04,2026-08-10,1726.0,0.0191715282966719,-0.0260201375799936,Rotation-stop WF v1 | dynamic_h25_max1_stale20__chandelier_4atr | one-way cost 0.10%,Unique selected-trade ledger.,기존 결과,
2trading,Rotation-stop research ledger,S13,S13 NR7 돌파,,Rotation-stop WF v1 | dynamic_h25_max1_stale20__entry_atr_2p0 | one-way cost 0.10%,6b1f36d699dfae8d4fd83b81,LEGACY_IMPORTED_NOT_CORE_V6,results/expanded_strategy_results_2026-09-13.csv,149,89e81614857d58c36670973de74eab6234ea582f5ad1c5800904826d7902d0c6,results/expanded_actual_trade_records_2026-09-13.csv,"{""source_project"": ""2trading"", ""source_family"": ""Rotation-stop research ledger"", ""strategy_code"": ""S13"", ""strategy_name"": ""S13 NR7 돌파"", ""market"": """", ""version"": ""Rotation-stop WF v1 | dynamic_h25_max1_stale20__entry_atr_2p0 | one-way cost 0.10%""}",FILTER_REQUIRED_CHECK_EQUIVALENT_VERSIONS,,NOT_LINKED,,,NOT_RECORDED_BEFORE_RUN,2010-01-04,2026-08-10,1656.0,0.0200150312384644,-0.0392855110642945,Rotation-stop WF v1 | dynamic_h25_max1_stale20__entry_atr_2p0 | one-way cost 0.10%,Unique selected-trade ledger.,기존 결과,
2trading,Rotation-stop research ledger,S13,S13 NR7 돌파,,Rotation-stop WF v1 | dynamic_h25_max1_stale20__natural_only | one-way cost 0.10%,1afee484d9a598bc00b5e3d1,LEGACY_IMPORTED_NOT_CORE_V6,results/expanded_strategy_results_2026-09-13.csv,150,89e81614857d58c36670973de74eab6234ea582f5ad1c5800904826d7902d0c6,results/expanded_actual_trade_records_2026-09-13.csv,"{""source_project"": ""2trading"", ""source_family"": ""Rotation-stop research ledger"", ""strategy_code"": ""S13"", ""strategy_name"": ""S13 NR7 돌파"", ""market"": """", ""version"": ""Rotation-stop WF v1 | dynamic_h25_max1_stale20__natural_only | one-way cost 0.10%""}",FILTER_REQUIRED_CHECK_EQUIVALENT_VERSIONS,,NOT_LINKED,,,NOT_RECORDED_BEFORE_RUN,2010-01-04,2026-08-10,1410.0,0.0236647407685597,-0.0334322242071928,Rotation-stop WF v1 | dynamic_h25_max1_stale20__natural_only | one-way cost 0.10%,Unique selected-trade ledger.,기존 결과,
2trading,Rotation-stop research ledger,S13,S13 NR7 돌파,,Rotation-stop WF v1 | dynamic_h25_max1_stale20__time_20_nonpositive | one-way cost 0.10%,c69afe1b469bb891f429763a,LEGACY_IMPORTED_NOT_CORE_V6,results/expanded_strategy_results_2026-09-13.csv,151,89e81614857d58c36670973de74eab6234ea582f5ad1c5800904826d7902d0c6,results/expanded_actual_trade_records_2026-09-13.csv,"{""source_project"": ""2trading"", ""source_family"": ""Rotation-stop research ledger"", ""strategy_code"": ""S13"", ""strategy_name"": ""S13 NR7 돌파"", ""market"": """", ""version"": ""Rotation-stop WF v1 | dynamic_h25_max1_stale20__time_20_nonpositive | one-way cost 0.10%""}",FILTER_REQUIRED_CHECK_EQUIVALENT_VERSIONS,,NOT_LINKED,,,NOT_RECORDED_BEFORE_RUN,2010-01-04,2026-08-10,1795.0,0.0179081574886483,-0.0158904611247859,Rotation-stop WF v1 | dynamic_h25_max1_stale20__time_20_nonpositive | one-way cost 0.10%,Unique selected-trade ledger.,기존 결과,
2trading,Rotation-stop research ledger,S13,S13 NR7 돌파,,Rotation-stop WF v1 | dynamic_h25_unlimited__natural_only | one-way cost 0.10%,f5a3fb73f17936a968b48b73,LEGACY_IMPORTED_NOT_CORE_V6,results/expanded_strategy_results_2026-09-13.csv,152,89e81614857d58c36670973de74eab6234ea582f5ad1c5800904826d7902d0c6,results/expanded_actual_trade_records_2026-09-13.csv,"{""source_project"": ""2trading"", ""source_family"": ""Rotation-stop research ledger"", ""strategy_code"": ""S13"", ""strategy_name"": ""S13 NR7 돌파"", ""market"": """", ""version"": ""Rotation-stop WF v1 | dynamic_h25_unlimited__natural_only | one-way cost 0.10%""}",FILTER_REQUIRED_CHECK_EQUIVALENT_VERSIONS,,NOT_LINKED,,,NOT_RECORDED_BEFORE_RUN,2010-01-04,2026-08-10,1643.0,0.0197816922626531,-0.0203063648621611,Rotation-stop WF v1 | dynamic_h25_unlimited__natural_only | one-way cost 0.10%,Unique selected-trade ledger.,기존 결과,
2trading,Rotation-stop research ledger,S13,S13 NR7 돌파,,Rotation-stop WF v1 | dynamic_h50_max1__natural_only | one-way cost 0.10%,0da8ac91fe0ecde96a1d1c6e,LEGACY_IMPORTED_NOT_CORE_V6,results/expanded_strategy_results_2026-09-13.csv,153,89e81614857d58c36670973de74eab6234ea582f5ad1c5800904826d7902d0c6,results/expanded_actual_trade_records_2026-09-13.csv,"{""source_project"": ""2trading"", ""source_family"": ""Rotation-stop research ledger"", ""strategy_code"": ""S13"", ""strategy_name"": ""S13 NR7 돌파"", ""market"": """", ""version"": ""Rotation-stop WF v1 | dynamic_h50_max1__natural_only | one-way cost 0.10%""}",FILTER_REQUIRED_CHECK_EQUIVALENT_VERSIONS,,NOT_LINKED,,,NOT_RECORDED_BEFORE_RUN,2010-01-04,2026-08-10,1578.0,0.0216661505346362,-0.022887290929999,Rotation-stop WF v1 | dynamic_h50_max1__natural_only | one-way cost 0.10%,Unique selected-trade ledger.,기존 결과,
2trading,Rotation-stop research ledger,S13,S13 NR7 돌파,,Rotation-stop WF v1 | dynamic_h50_unlimited__breakeven_1r | one-way cost 0.10%,0be43ebc76f502a1907f9eb0,LEGACY_IMPORTED_NOT_CORE_V6,results/expanded_strategy_results_2026-09-13.csv,154,89e81614857d58c36670973de74eab6234ea582f5ad1c5800904826d7902d0c6,results/expanded_actual_trade_records_2026-09-13.csv,"{""source_project"": ""2trading"", ""source_family"": ""Rotation-stop research ledger"", ""strategy_code"": ""S13"", ""strategy_name"": ""S13 NR7 돌파"", ""market"": """", ""version"": ""Rotation-stop WF v1 | dynamic_h50_unlimited__breakeven_1r | one-way cost 0.10%""}",FILTER_REQUIRED_CHECK_EQUIVALENT_VERSIONS,,NOT_LINKED,,,NOT_RECORDED_BEFORE_RUN,2010-01-04,2026-08-10,1760.0,0.016774476780728,0.0,Rotation-stop WF v1 | dynamic_h50_unlimited__breakeven_1r | one-way cost 0.10%,Unique selected-trade ledger.,기존 결과,
2trading,Rotation-stop research ledger,S13,S13 NR7 돌파,,Rotation-stop WF v1 | dynamic_h50_unlimited__breakeven_2r | one-way cost 0.10%,0c41e171100b01006a6d522a,LEGACY_IMPORTED_NOT_CORE_V6,results/expanded_strategy_results_2026-09-13.csv,155,89e81614857d58c36670973de74eab6234ea582f5ad1c5800904826d7902d0c6,results/expanded_actual_trade_records_2026-09-13.csv,"{""source_project"": ""2trading"", ""source_family"": ""Rotation-stop research ledger"", ""strategy_code"": ""S13"", ""strategy_name"": ""S13 NR7 돌파"", ""market"": """", ""version"": ""Rotation-stop WF v1 | dynamic_h50_unlimited__breakeven_2r | one-way cost 0.10%""}",FILTER_REQUIRED_CHECK_EQUIVALENT_VERSIONS,,NOT_LINKED,,,NOT_RECORDED_BEFORE_RUN,2010-01-04,2026-08-10,1589.0,0.022712768301776,-0.0160427654081671,Rotation-stop WF v1 | dynamic_h50_unlimited__breakeven_2r | one-way cost 0.10%,Identical selected-trade ledgers collapsed; all historical version labels retained.,기존 결과,
2trading,Rotation-stop research ledger,S13,S13 NR7 돌파,,Rotation-stop WF v1 | dynamic_h50_unlimited__chandelier_3atr | one-way cost 0.10%,e76c0ecc14e227f9da3a1bca,LEGACY_IMPORTED_NOT_CORE_V6,results/expanded_strategy_results_2026-09-13.csv,156,89e81614857d58c36670973de74eab6234ea582f5ad1c5800904826d7902d0c6,results/expanded_actual_trade_records_2026-09-13.csv,"{""source_project"": ""2trading"", ""source_family"": ""Rotation-stop research ledger"", ""strategy_code"": ""S13"", ""strategy_name"": ""S13 NR7 돌파"", ""market"": """", ""version"": ""Rotation-stop WF v1 | dynamic_h50_unlimited__chandelier_3atr | one-way cost 0.10%""}",FILTER_REQUIRED_CHECK_EQUIVALENT_VERSIONS,,NOT_LINKED,,,NOT_RECORDED_BEFORE_RUN,2010-01-04,2026-08-10,2208.0,0.0137609305199973,-0.0148199836077028,Rotation-stop WF v1 | dynamic_h50_unlimited__chandelier_3atr | one-way cost 0.10%,Unique selected-trade ledger.,기존 결과,
2trading,Rotation-stop research ledger,S13,S13 NR7 돌파,,Rotation-stop WF v1 | dynamic_h50_unlimited__chandelier_4atr | one-way cost 0.10%,ca7e0cb347a0d9153f8e4156,LEGACY_IMPORTED_NOT_CORE_V6,results/expanded_strategy_results_2026-09-13.csv,157,89e81614857d58c36670973de74eab6234ea582f5ad1c5800904826d7902d0c6,results/expanded_actual_trade_records_2026-09-13.csv,"{""source_project"": ""2trading"", ""source_family"": ""Rotation-stop research ledger"", ""strategy_code"": ""S13"", ""strategy_name"": ""S13 NR7 돌파"", ""market"": """", ""version"": ""Rotation-stop WF v1 | dynamic_h50_unlimited__chandelier_4atr | one-way cost 0.10%""}",FILTER_REQUIRED_CHECK_EQUIVALENT_VERSIONS,,NOT_LINKED,,,NOT_RECORDED_BEFORE_RUN,2010-01-04,2026-08-10,1821.0,0.0150906208504861,-0.0233301840169831,Rotation-stop WF v1 | dynamic_h50_unlimited__chandelier_4atr | one-way cost 0.10%,Unique selected-trade ledger.,기존 결과,
2trading,Rotation-stop research ledger,S13,S13 NR7 돌파,,Rotation-stop WF v1 | dynamic_h50_unlimited__entry_atr_2p0 | one-way cost 0.10%,cb028ac3ad5245e982867b13,LEGACY_IMPORTED_NOT_CORE_V6,results/expanded_strategy_results_2026-09-13.csv,158,89e81614857d58c36670973de74eab6234ea582f5ad1c5800904826d7902d0c6,results/expanded_actual_trade_records_2026-09-13.csv,"{""source_project"": ""2trading"", ""source_family"": ""Rotation-stop research ledger"", ""strategy_code"": ""S13"", ""strategy_name"": ""S13 NR7 돌파"", ""market"": """", ""version"": ""Rotation-stop WF v1 | dynamic_h50_unlimited__entry_atr_2p0 | one-way cost 0.10%""}",FILTER_REQUIRED_CHECK_EQUIVALENT_VERSIONS,,NOT_LINKED,,,NOT_RECORDED_BEFORE_RUN,2010-01-04,2026-08-10,1826.0,0.0197723260747082,-0.0366537293769581,Rotation-stop WF v1 | dynamic_h50_unlimited__entry_atr_2p0 | one-way cost 0.10%,Unique selected-trade ledger.,기존 결과,
2trading,Rotation-stop research ledger,S13,S13 NR7 돌파,,Rotation-stop WF v1 | dynamic_h50_unlimited__entry_atr_3p0 | one-way cost 0.10%,c43ed284e7fa37cc4f8a9078,LEGACY_IMPORTED_NOT_CORE_V6,results/expanded_strategy_results_2026-09-13.csv,159,89e81614857d58c36670973de74eab6234ea582f5ad1c5800904826d7902d0c6,results/expanded_actual_trade_records_2026-09-13.csv,"{""source_project"": ""2trading"", ""source_family"": ""Rotation-stop research ledger"", ""strategy_code"": ""S13"", ""strategy_name"": ""S13 NR7 돌파"", ""market"": """", ""version"": ""Rotation-stop WF v1 | dynamic_h50_unlimited__entry_atr_3p0 | one-way cost 0.10%""}",FILTER_REQUIRED_CHECK_EQUIVALENT_VERSIONS,,NOT_LINKED,,,NOT_RECORDED_BEFORE_RUN,2010-01-04,2026-08-10,1614.0,0.0200722548803813,-0.0170669058238309,Rotation-stop WF v1 | dynamic_h50_unlimited__entry_atr_3p0 | one-way cost 0.10%,Unique selected-trade ledger.,기존 결과,
2trading,Rotation-stop research ledger,S13,S13 NR7 돌파,,Rotation-stop WF v1 | dynamic_h50_unlimited__hard_5pct | one-way cost 0.10%,c570c3403825728041cda42b,LEGACY_IMPORTED_NOT_CORE_V6,results/expanded_strategy_results_2026-09-13.csv,160,89e81614857d58c36670973de74eab6234ea582f5ad1c5800904826d7902d0c6,results/expanded_actual_trade_records_2026-09-13.csv,"{""source_project"": ""2trading"", ""source_family"": ""Rotation-stop research ledger"", ""strategy_code"": ""S13"", ""strategy_name"": ""S13 NR7 돌파"", ""market"": """", ""version"": ""Rotation-stop WF v1 | dynamic_h50_unlimited__hard_5pct | one-way cost 0.10%""}",FILTER_REQUIRED_CHECK_EQUIVALENT_VERSIONS,,NOT_LINKED,,,NOT_RECORDED_BEFORE_RUN,2010-01-04,2026-08-10,2123.0,0.0109612381338106,-0.0499999999999999,Rotation-stop WF v1 | dynamic_h50_unlimited__hard_5pct | one-way cost 0.10%,Unique selected-trade ledger.,기존 결과,
2trading,Rotation-stop research ledger,S13,S13 NR7 돌파,,Rotation-stop WF v1 | dynamic_h50_unlimited__hard_8pct | one-way cost 0.10%,d7a19d7f5598f558535a8759,LEGACY_IMPORTED_NOT_CORE_V6,results/expanded_strategy_results_2026-09-13.csv,161,89e81614857d58c36670973de74eab6234ea582f5ad1c5800904826d7902d0c6,results/expanded_actual_trade_records_2026-09-13.csv,"{""source_project"": ""2trading"", ""source_family"": ""Rotation-stop research ledger"", ""strategy_code"": ""S13"", ""strategy_name"": ""S13 NR7 돌파"", ""market"": """", ""version"": ""Rotation-stop WF v1 | dynamic_h50_unlimited__hard_8pct | one-way cost 0.10%""}",FILTER_REQUIRED_CHECK_EQUIVALENT_VERSIONS,,NOT_LINKED,,,NOT_RECORDED_BEFORE_RUN,2010-01-04,2026-08-10,1730.0,0.0179857418417712,-0.0361930090664515,Rotation-stop WF v1 | dynamic_h50_unlimited__hard_8pct | one-way cost 0.10%,Unique selected-trade ledger.,기존 결과,
2trading,Rotation-stop research ledger,S13,S13 NR7 돌파,,Rotation-stop WF v1 | dynamic_h50_unlimited__time_20_nonpositive | one-way cost 0.10%,60afdc8436bcd760bbdbddbe,LEGACY_IMPORTED_NOT_CORE_V6,results/expanded_strategy_results_2026-09-13.csv,162,89e81614857d58c36670973de74eab6234ea582f5ad1c5800904826d7902d0c6,results/expanded_actual_trade_records_2026-09-13.csv,"{""source_project"": ""2trading"", ""source_family"": ""Rotation-stop research ledger"", ""strategy_code"": ""S13"", ""strategy_name"": ""S13 NR7 돌파"", ""market"": """", ""version"": ""Rotation-stop WF v1 | dynamic_h50_unlimited__time_20_nonpositive | one-way cost 0.10%""}",FILTER_REQUIRED_CHECK_EQUIVALENT_VERSIONS,,NOT_LINKED,,,NOT_RECORDED_BEFORE_RUN,2010-01-04,2026-08-10,1905.0,0.0159608172021967,-0.0153196466377263,Rotation-stop WF v1 | dynamic_h50_unlimited__time_20_nonpositive | one-way cost 0.10%,Unique selected-trade ledger.,기존 결과,
2trading,Rotation-stop research ledger,S13,S13 NR7 돌파,,Rotation-stop WF v1 | no_rotation__breakeven_1r | one-way cost 0.10%,dc1563d87ec1a3516c428715,LEGACY_IMPORTED_NOT_CORE_V6,results/expanded_strategy_results_2026-09-13.csv,163,89e81614857d58c36670973de74eab6234ea582f5ad1c5800904826d7902d0c6,results/expanded_actual_trade_records_2026-09-13.csv,"{""source_project"": ""2trading"", ""source_family"": ""Rotation-stop research ledger"", ""strategy_code"": ""S13"", ""strategy_name"": ""S13 NR7 돌파"", ""market"": """", ""version"": ""Rotation-stop WF v1 | no_rotation__breakeven_1r | one-way cost 0.10%""}",FILTER_REQUIRED_CHECK_EQUIVALENT_VERSIONS,,NOT_LINKED,,,NOT_RECORDED_BEFORE_RUN,2010-01-04,2026-08-10,1658.0,0.0162675312140702,0.0,Rotation-stop WF v1 | no_rotation__breakeven_1r | one-way cost 0.10%,Unique selected-trade ledger.,기존 결과,
2trading,Rotation-stop research ledger,S13,S13 NR7 돌파,,Rotation-stop WF v1 | no_rotation__breakeven_2r | one-way cost 0.10%,f8d59fb9274741b6966bc1b6,LEGACY_IMPORTED_NOT_CORE_V6,results/expanded_strategy_results_2026-09-13.csv,164,89e81614857d58c36670973de74eab6234ea582f5ad1c5800904826d7902d0c6,results/expanded_actual_trade_records_2026-09-13.csv,"{""source_project"": ""2trading"", ""source_family"": ""Rotation-stop research ledger"", ""strategy_code"": ""S13"", ""strategy_name"": ""S13 NR7 돌파"", ""market"": """", ""version"": ""Rotation-stop WF v1 | no_rotation__breakeven_2r | one-way cost 0.10%""}",FILTER_REQUIRED_CHECK_EQUIVALENT_VERSIONS,,NOT_LINKED,,,NOT_RECORDED_BEFORE_RUN,2010-01-04,2026-08-10,1466.0,0.0196870734538865,-0.0379674506959069,Rotation-stop WF v1 | no_rotation__breakeven_2r | one-way cost 0.10%,Identical selected-trade ledgers collapsed; all historical version labels retained.,기존 결과,
2trading,Rotation-stop research ledger,S13,S13 NR7 돌파,,Rotation-stop WF v1 | no_rotation__chandelier_2atr | one-way cost 0.10%,877de8d460e7778fdebb6514,LEGACY_IMPORTED_NOT_CORE_V6,results/expanded_strategy_results_2026-09-13.csv,165,89e81614857d58c36670973de74eab6234ea582f5ad1c5800904826d7902d0c6,results/expanded_actual_trade_records_2026-09-13.csv,"{""source_project"": ""2trading"", ""source_family"": ""Rotation-stop research ledger"", ""strategy_code"": ""S13"", ""strategy_name"": ""S13 NR7 돌파"", ""market"": """", ""version"": ""Rotation-stop WF v1 | no_rotation__chandelier_2atr | one-way cost 0.10%""}",FILTER_REQUIRED_CHECK_EQUIVALENT_VERSIONS,,NOT_LINKED,,,NOT_RECORDED_BEFORE_RUN,2010-01-04,2026-08-10,3250.0,0.0051144727959272,-0.0135281861275971,Rotation-stop WF v1 | no_rotation__chandelier_2atr | one-way cost 0.10%,Unique selected-trade ledger.,기존 결과,
2trading,Rotation-stop research ledger,S13,S13 NR7 돌파,,Rotation-stop WF v1 | no_rotation__chandelier_3atr | one-way cost 0.10%,f4af64d52a0b8f09b422aadc,LEGACY_IMPORTED_NOT_CORE_V6,results/expanded_strategy_results_2026-09-13.csv,166,89e81614857d58c36670973de74eab6234ea582f5ad1c5800904826d7902d0c6,results/expanded_actual_trade_records_2026-09-13.csv,"{""source_project"": ""2trading"", ""source_family"": ""Rotation-stop research ledger"", ""strategy_code"": ""S13"", ""strategy_name"": ""S13 NR7 돌파"", ""market"": """", ""version"": ""Rotation-stop WF v1 | no_rotation__chandelier_3atr | one-way cost 0.10%""}",FILTER_REQUIRED_CHECK_EQUIVALENT_VERSIONS,,NOT_LINKED,,,NOT_RECORDED_BEFORE_RUN,2010-01-04,2026-08-10,2168.0,0.0110651932818937,-0.0166220968477768,Rotation-stop WF v1 | no_rotation__chandelier_3atr | one-way cost 0.10%,Unique selected-trade ledger.,기존 결과,
2trading,Rotation-stop research ledger,S13,S13 NR7 돌파,,Rotation-stop WF v1 | no_rotation__chandelier_4atr | one-way cost 0.10%,905910d56d3e744ee245ba26,LEGACY_IMPORTED_NOT_CORE_V6,results/expanded_strategy_results_2026-09-13.csv,167,89e81614857d58c36670973de74eab6234ea582f5ad1c5800904826d7902d0c6,results/expanded_actual_trade_records_2026-09-13.csv,"{""source_project"": ""2trading"", ""source_family"": ""Rotation-stop research ledger"", ""strategy_code"": ""S13"", ""strategy_name"": ""S13 NR7 돌파"", ""market"": """", ""version"": ""Rotation-stop WF v1 | no_rotation__chandelier_4atr | one-way cost 0.10%""}",FILTER_REQUIRED_CHECK_EQUIVALENT_VERSIONS,,NOT_LINKED,,,NOT_RECORDED_BEFORE_RUN,2010-01-04,2026-08-10,1805.0,0.0135583470339762,-0.0276099256361993,Rotation-stop WF v1 | no_rotation__chandelier_4atr | one-way cost 0.10%,Unique selected-trade ledger.,기존 결과,
2trading,Rotation-stop research ledger,S13,S13 NR7 돌파,,Rotation-stop WF v1 | no_rotation__ema20_close_exit | one-way cost 0.10%,7125347fbcf3ec00753cfc43,LEGACY_IMPORTED_NOT_CORE_V6,results/expanded_strategy_results_2026-09-13.csv,168,89e81614857d58c36670973de74eab6234ea582f5ad1c5800904826d7902d0c6,results/expanded_actual_trade_records_2026-09-13.csv,"{""source_project"": ""2trading"", ""source_family"": ""Rotation-stop research ledger"", ""strategy_code"": ""S13"", ""strategy_name"": ""S13 NR7 돌파"", ""market"": """", ""version"": ""Rotation-stop WF v1 | no_rotation__ema20_close_exit | one-way cost 0.10%""}",FILTER_REQUIRED_CHECK_EQUIVALENT_VERSIONS,,NOT_LINKED,,,NOT_RECORDED_BEFORE_RUN,2010-01-04,2026-08-10,4191.0,0.0049823172695908,-0.0084506535929516,Rotation-stop WF v1 | no_rotation__ema20_close_exit | one-way cost 0.10%,Unique selected-trade ledger.,기존 결과,
2trading,Rotation-stop research ledger,S13,S13 NR7 돌파,,Rotation-stop WF v1 | no_rotation__entry_atr_1p5 | one-way cost 0.10%,57376475eefb17592c342aa1,LEGACY_IMPORTED_NOT_CORE_V6,results/expanded_strategy_results_2026-09-13.csv,169,89e81614857d58c36670973de74eab6234ea582f5ad1c5800904826d7902d0c6,results/expanded_actual_trade_records_2026-09-13.csv,"{""source_project"": ""2trading"", ""source_family"": ""Rotation-stop research ledger"", ""strategy_code"": ""S13"", ""strategy_name"": ""S13 NR7 돌파"", ""market"": """", ""version"": ""Rotation-stop WF v1 | no_rotation__entry_atr_1p5 | one-way cost 0.10%""}",FILTER_REQUIRED_CHECK_EQUIVALENT_VERSIONS,,NOT_LINKED,,,NOT_RECORDED_BEFORE_RUN,2010-01-04,2026-08-10,2182.0,0.0083171845791624,-0.0320629151478243,Rotation-stop WF v1 | no_rotation__entry_atr_1p5 | one-way cost 0.10%,Unique selected-trade ledger.,기존 결과,
2trading,Rotation-stop research ledger,S13,S13 NR7 돌파,,Rotation-stop WF v1 | no_rotation__entry_atr_2p0 | one-way cost 0.10%,0dd26930f5044c87e67e2c05,LEGACY_IMPORTED_NOT_CORE_V6,results/expanded_strategy_results_2026-09-13.csv,170,89e81614857d58c36670973de74eab6234ea582f5ad1c5800904826d7902d0c6,results/expanded_actual_trade_records_2026-09-13.csv,"{""source_project"": ""2trading"", ""source_family"": ""Rotation-stop research ledger"", ""strategy_code"": ""S13"", ""strategy_name"": ""S13 NR7 돌파"", ""market"": """", ""version"": ""Rotation-stop WF v1 | no_rotation__entry_atr_2p0 | one-way cost 0.10%""}",FILTER_REQUIRED_CHECK_EQUIVALENT_VERSIONS,,NOT_LINKED,,,NOT_RECORDED_BEFORE_RUN,2010-01-04,2026-08-10,1734.0,0.0162173100445152,-0.036827137633271,Rotation-stop WF v1 | no_rotation__entry_atr_2p0 | one-way cost 0.10%,Unique selected-trade ledger.,기존 결과,
2trading,Rotation-stop research ledger,S13,S13 NR7 돌파,,Rotation-stop WF v1 | no_rotation__entry_atr_3p0 | one-way cost 0.10%,b2425883971474db3e6d22a4,LEGACY_IMPORTED_NOT_CORE_V6,results/expanded_strategy_results_2026-09-13.csv,171,89e81614857d58c36670973de74eab6234ea582f5ad1c5800904826d7902d0c6,results/expanded_actual_trade_records_2026-09-13.csv,"{""source_project"": ""2trading"", ""source_family"": ""Rotation-stop research ledger"", ""strategy_code"": ""S13"", ""strategy_name"": ""S13 NR7 돌파"", ""market"": """", ""version"": ""Rotation-stop WF v1 | no_rotation__entry_atr_3p0 | one-way cost 0.10%""}",FILTER_REQUIRED_CHECK_EQUIVALENT_VERSIONS,,NOT_LINKED,,,NOT_RECORDED_BEFORE_RUN,2010-01-04,2026-08-10,1451.0,0.017097629750174,-0.0420583849597478,Rotation-stop WF v1 | no_rotation__entry_atr_3p0 | one-way cost 0.10%,Unique selected-trade ledger.,기존 결과,
2trading,Rotation-stop research ledger,S13,S13 NR7 돌파,,Rotation-stop WF v1 | no_rotation__hard_12pct | one-way cost 0.10%,ef6fa36da5691de7f1ccc814,LEGACY_IMPORTED_NOT_CORE_V6,results/expanded_strategy_results_2026-09-13.csv,172,89e81614857d58c36670973de74eab6234ea582f5ad1c5800904826d7902d0c6,results/expanded_actual_trade_records_2026-09-13.csv,"{""source_project"": ""2trading"", ""source_family"": ""Rotation-stop research ledger"", ""strategy_code"": ""S13"", ""strategy_name"": ""S13 NR7 돌파"", ""market"": """", ""version"": ""Rotation-stop WF v1 | no_rotation__hard_12pct | one-way cost 0.10%""}",FILTER_REQUIRED_CHECK_EQUIVALENT_VERSIONS,,NOT_LINKED,,,NOT_RECORDED_BEFORE_RUN,2010-01-04,2026-08-10,1492.0,0.0131304816988536,-0.0395759652804109,Rotation-stop WF v1 | no_rotation__hard_12pct | one-way cost 0.10%,Unique selected-trade ledger.,기존 결과,
2trading,Rotation-stop research ledger,S13,S13 NR7 돌파,,Rotation-stop WF v1 | no_rotation__hard_5pct | one-way cost 0.10%,8f0a2c328beb602a51d77c77,LEGACY_IMPORTED_NOT_CORE_V6,results/expanded_strategy_results_2026-09-13.csv,173,89e81614857d58c36670973de74eab6234ea582f5ad1c5800904826d7902d0c6,results/expanded_actual_trade_records_2026-09-13.csv,"{""source_project"": ""2trading"", ""source_family"": ""Rotation-stop research ledger"", ""strategy_code"": ""S13"", ""strategy_name"": ""S13 NR7 돌파"", ""market"": """", ""version"": ""Rotation-stop WF v1 | no_rotation__hard_5pct | one-way cost 0.10%""}",FILTER_REQUIRED_CHECK_EQUIVALENT_VERSIONS,,NOT_LINKED,,,NOT_RECORDED_BEFORE_RUN,2010-01-04,2026-08-10,2018.0,0.0096086726893739,-0.0499999999999999,Rotation-stop WF v1 | no_rotation__hard_5pct | one-way cost 0.10%,Unique selected-trade ledger.,기존 결과,
2trading,Rotation-stop research ledger,S13,S13 NR7 돌파,,Rotation-stop WF v1 | no_rotation__hard_8pct | one-way cost 0.10%,25feea41898bed00d791f076,LEGACY_IMPORTED_NOT_CORE_V6,results/expanded_strategy_results_2026-09-13.csv,174,89e81614857d58c36670973de74eab6234ea582f5ad1c5800904826d7902d0c6,results/expanded_actual_trade_records_2026-09-13.csv,"{""source_project"": ""2trading"", ""source_family"": ""Rotation-stop research ledger"", ""strategy_code"": ""S13"", ""strategy_name"": ""S13 NR7 돌파"", ""market"": """", ""version"": ""Rotation-stop WF v1 | no_rotation__hard_8pct | one-way cost 0.10%""}",FILTER_REQUIRED_CHECK_EQUIVALENT_VERSIONS,,NOT_LINKED,,,NOT_RECORDED_BEFORE_RUN,2010-01-04,2026-08-10,1637.0,0.0119313308961835,-0.0439560410393239,Rotation-stop WF v1 | no_rotation__hard_8pct | one-way cost 0.10%,Unique selected-trade ledger.,기존 결과,
2trading,Rotation-stop research ledger,S13,S13 NR7 돌파,,Rotation-stop WF v1 | no_rotation__time_10_nonpositive | one-way cost 0.10%,6129b17ce1ecc8d0debc0935,LEGACY_IMPORTED_NOT_CORE_V6,results/expanded_strategy_results_2026-09-13.csv,175,89e81614857d58c36670973de74eab6234ea582f5ad1c5800904826d7902d0c6,results/expanded_actual_trade_records_2026-09-13.csv,"{""source_project"": ""2trading"", ""source_family"": ""Rotation-stop research ledger"", ""strategy_code"": ""S13"", ""strategy_name"": ""S13 NR7 돌파"", ""market"": """", ""version"": ""Rotation-stop WF v1 | no_rotation__time_10_nonpositive | one-way cost 0.10%""}",FILTER_REQUIRED_CHECK_EQUIVALENT_VERSIONS,,NOT_LINKED,,,NOT_RECORDED_BEFORE_RUN,2010-01-04,2026-08-10,2380.0,0.0084720866947285,-0.0119994586862717,Rotation-stop WF v1 | no_rotation__time_10_nonpositive | one-way cost 0.10%,Unique selected-trade ledger.,기존 결과,
2trading,Rotation-stop research ledger,S13,S13 NR7 돌파,,Rotation-stop WF v1 | no_rotation__time_20_nonpositive | one-way cost 0.10%,5b6126d44fde333792ac9987,LEGACY_IMPORTED_NOT_CORE_V6,results/expanded_strategy_results_2026-09-13.csv,176,89e81614857d58c36670973de74eab6234ea582f5ad1c5800904826d7902d0c6,results/expanded_actual_trade_records_2026-09-13.csv,"{""source_project"": ""2trading"", ""source_family"": ""Rotation-stop research ledger"", ""strategy_code"": ""S13"", ""strategy_name"": ""S13 NR7 돌파"", ""market"": """", ""version"": ""Rotation-stop WF v1 | no_rotation__time_20_nonpositive | one-way cost 0.10%""}",FILTER_REQUIRED_CHECK_EQUIVALENT_VERSIONS,,NOT_LINKED,,,NOT_RECORDED_BEFORE_RUN,2010-01-04,2026-08-10,1882.0,0.0172246180628027,-0.0153606595361675,Rotation-stop WF v1 | no_rotation__time_20_nonpositive | one-way cost 0.10%,Unique selected-trade ledger.,기존 결과,
2trading,Rotation-stop research ledger,S3,S3 Darvas Box 돌파,,Rotation-stop WF v1 | atr_h10_max1__natural_only | one-way cost 0.10%,4202c5b30d908c073cfd0888,LEGACY_IMPORTED_NOT_CORE_V6,results/expanded_strategy_results_2026-09-13.csv,177,89e81614857d58c36670973de74eab6234ea582f5ad1c5800904826d7902d0c6,results/expanded_actual_trade_records_2026-09-13.csv,"{""source_project"": ""2trading"", ""source_family"": ""Rotation-stop research ledger"", ""strategy_code"": ""S3"", ""strategy_name"": ""S3 Darvas Box 돌파"", ""market"": """", ""version"": ""Rotation-stop WF v1 | atr_h10_max1__natural_only | one-way cost 0.10%""}",FILTER_REQUIRED_CHECK_EQUIVALENT_VERSIONS,,NOT_LINKED,,,NOT_RECORDED_BEFORE_RUN,2010-01-04,2026-08-10,845.0,0.0588734209332985,0.0227683107708533,Rotation-stop WF v1 | atr_h10_max1__natural_only | one-way cost 0.10%,Identical selected-trade ledgers collapsed; all historical version labels retained.,기존 결과,
2trading,Rotation-stop research ledger,S3,S3 Darvas Box 돌파,,Rotation-stop WF v1 | atr_h10_unlimited__natural_only | one-way cost 0.10%,f3c1555086eba14efab35eb1,LEGACY_IMPORTED_NOT_CORE_V6,results/expanded_strategy_results_2026-09-13.csv,178,89e81614857d58c36670973de74eab6234ea582f5ad1c5800904826d7902d0c6,results/expanded_actual_trade_records_2026-09-13.csv,"{""source_project"": ""2trading"", ""source_family"": ""Rotation-stop research ledger"", ""strategy_code"": ""S3"", ""strategy_name"": ""S3 Darvas Box 돌파"", ""market"": """", ""version"": ""Rotation-stop WF v1 | atr_h10_unlimited__natural_only | one-way cost 0.10%""}",FILTER_REQUIRED_CHECK_EQUIVALENT_VERSIONS,,NOT_LINKED,,,NOT_RECORDED_BEFORE_RUN,2010-01-04,2026-08-10,842.0,0.060026751940536,0.016131088292519,Rotation-stop WF v1 | atr_h10_unlimited__natural_only | one-way cost 0.10%,Identical selected-trade ledgers collapsed; all historical version labels retained.,기존 결과,
2trading,Rotation-stop research ledger,S3,S3 Darvas Box 돌파,,Rotation-stop WF v1 | atr_h25_max1__chandelier_4atr | one-way cost 0.10%,5ad507969a24cd0c40e848bd,LEGACY_IMPORTED_NOT_CORE_V6,results/expanded_strategy_results_2026-09-13.csv,179,89e81614857d58c36670973de74eab6234ea582f5ad1c5800904826d7902d0c6,results/expanded_actual_trade_records_2026-09-13.csv,"{""source_project"": ""2trading"", ""source_family"": ""Rotation-stop research ledger"", ""strategy_code"": ""S3"", ""strategy_name"": ""S3 Darvas Box 돌파"", ""market"": """", ""version"": ""Rotation-stop WF v1 | atr_h25_max1__chandelier_4atr | one-way cost 0.10%""}",FILTER_REQUIRED_CHECK_EQUIVALENT_VERSIONS,,NOT_LINKED,,,NOT_RECORDED_BEFORE_RUN,2010-01-04,2026-08-10,1204.0,0.0342406695201322,-0.020331712720834,Rotation-stop WF v1 | atr_h25_max1__chandelier_4atr | one-way cost 0.10%,Identical selected-trade ledgers collapsed; all historical version labels retained.,기존 결과,
2trading,Rotation-stop research ledger,S3,S3 Darvas Box 돌파,,Rotation-stop WF v1 | atr_h25_max1__ema20_close_exit | one-way cost 0.10%,55ee96315987412cb60faf77,LEGACY_IMPORTED_NOT_CORE_V6,results/expanded_strategy_results_2026-09-13.csv,180,89e81614857d58c36670973de74eab6234ea582f5ad1c5800904826d7902d0c6,results/expanded_actual_trade_records_2026-09-13.csv,"{""source_project"": ""2trading"", ""source_family"": ""Rotation-stop research ledger"", ""strategy_code"": ""S3"", ""strategy_name"": ""S3 Darvas Box 돌파"", ""market"": """", ""version"": ""Rotation-stop WF v1 | atr_h25_max1__ema20_close_exit | one-way cost 0.10%""}",FILTER_REQUIRED_CHECK_EQUIVALENT_VERSIONS,,NOT_LINKED,,,NOT_RECORDED_BEFORE_RUN,2010-01-04,2026-08-10,2062.0,0.0206181244955642,-0.0146335504109895,Rotation-stop WF v1 | atr_h25_max1__ema20_close_exit | one-way cost 0.10%,Identical selected-trade ledgers collapsed; all historical version labels retained.,기존 결과,
2trading,Rotation-stop research ledger,S3,S3 Darvas Box 돌파,,Rotation-stop WF v1 | atr_h25_max1__entry_atr_3p0 | one-way cost 0.10%,1bac01f926aef1271f37dd07,LEGACY_IMPORTED_NOT_CORE_V6,results/expanded_strategy_results_2026-09-13.csv,181,89e81614857d58c36670973de74eab6234ea582f5ad1c5800904826d7902d0c6,results/expanded_actual_trade_records_2026-09-13.csv,"{""source_project"": ""2trading"", ""source_family"": ""Rotation-stop research ledger"", ""strategy_code"": ""S3"", ""strategy_name"": ""S3 Darvas Box 돌파"", ""market"": """", ""version"": ""Rotation-stop WF v1 | atr_h25_max1__entry_atr_3p0 | one-way cost 0.10%""}",FILTER_REQUIRED_CHECK_EQUIVALENT_VERSIONS,,NOT_LINKED,,,NOT_RECORDED_BEFORE_RUN,2010-01-04,2026-08-10,974.0,0.0417614184996688,-0.0473619348826314,Rotation-stop WF v1 | atr_h25_max1__entry_atr_3p0 | one-way cost 0.10%,Identical selected-trade ledgers collapsed; all historical version labels retained.,기존 결과,
2trading,Rotation-stop research ledger,S3,S3 Darvas Box 돌파,,Rotation-stop WF v1 | atr_h25_max1__natural_only | one-way cost 0.10%,91f8a0852a3922f3ddbfcd13,LEGACY_IMPORTED_NOT_CORE_V6,results/expanded_strategy_results_2026-09-13.csv,182,89e81614857d58c36670973de74eab6234ea582f5ad1c5800904826d7902d0c6,results/expanded_actual_trade_records_2026-09-13.csv,"{""source_project"": ""2trading"", ""source_family"": ""Rotation-stop research ledger"", ""strategy_code"": ""S3"", ""strategy_name"": ""S3 Darvas Box 돌파"", ""market"": """", ""version"": ""Rotation-stop WF v1 | atr_h25_max1__natural_only | one-way cost 0.10%""}",FILTER_REQUIRED_CHECK_EQUIVALENT_VERSIONS,,NOT_LINKED,,,NOT_RECORDED_BEFORE_RUN,2010-01-04,2026-08-10,815.0,0.0676968187998264,0.0350170762964265,Rotation-stop WF v1 | atr_h25_max1__natural_only | one-way cost 0.10%,Identical selected-trade ledgers collapsed; all historical version labels retained.,기존 결과,
2trading,Rotation-stop research ledger,S3,S3 Darvas Box 돌파,,Rotation-stop WF v1 | atr_h25_max1__time_10_nonpositive | one-way cost 0.10%,4916d0490d5e301184f1218b,LEGACY_IMPORTED_NOT_CORE_V6,results/expanded_strategy_results_2026-09-13.csv,183,89e81614857d58c36670973de74eab6234ea582f5ad1c5800904826d7902d0c6,results/expanded_actual_trade_records_2026-09-13.csv,"{""source_project"": ""2trading"", ""source_family"": ""Rotation-stop research ledger"", ""strategy_code"": ""S3"", ""strategy_name"": ""S3 Darvas Box 돌파"", ""market"": """", ""version"": ""Rotation-stop WF v1 | atr_h25_max1__time_10_nonpositive | one-way cost 0.10%""}",FILTER_REQUIRED_CHECK_EQUIVALENT_VERSIONS,,NOT_LINKED,,,NOT_RECORDED_BEFORE_RUN,2010-01-04,2026-08-10,1616.0,0.0295013337848942,-0.0146018323470995,Rotation-stop WF v1 | atr_h25_max1__time_10_nonpositive | one-way cost 0.10%,Identical selected-trade ledgers collapsed; all historical version labels retained.,기존 결과,
2trading,Rotation-stop research ledger,S3,S3 Darvas Box 돌파,,Rotation-stop WF v1 | atr_h25_unlimited__natural_only | one-way cost 0.10%,706608d8db4bf73ee5731ca1,LEGACY_IMPORTED_NOT_CORE_V6,results/expanded_strategy_results_2026-09-13.csv,184,89e81614857d58c36670973de74eab6234ea582f5ad1c5800904826d7902d0c6,results/expanded_actual_trade_records_2026-09-13.csv,"{""source_project"": ""2trading"", ""source_family"": ""Rotation-stop research ledger"", ""strategy_code"": ""S3"", ""strategy_name"": ""S3 Darvas Box 돌파"", ""market"": """", ""version"": ""Rotation-stop WF v1 | atr_h25_unlimited__natural_only | one-way cost 0.10%""}",FILTER_REQUIRED_CHECK_EQUIVALENT_VERSIONS,,NOT_LINKED,,,NOT_RECORDED_BEFORE_RUN,2010-01-04,2026-08-10,815.0,0.0624355563341664,0.0280854060596493,Rotation-stop WF v1 | atr_h25_unlimited__natural_only | one-way cost 0.10%,Identical selected-trade ledgers collapsed; all historical version labels retained.,기존 결과,
2trading,Rotation-stop research ledger,S3,S3 Darvas Box 돌파,,Rotation-stop WF v1 | atr_h25_unlimited__time_10_nonpositive | one-way cost 0.10%,ad7f0923bd6d6fe4fe9d66a3,LEGACY_IMPORTED_NOT_CORE_V6,results/expanded_strategy_results_2026-09-13.csv,185,89e81614857d58c36670973de74eab6234ea582f5ad1c5800904826d7902d0c6,results/expanded_actual_trade_records_2026-09-13.csv,"{""source_project"": ""2trading"", ""source_family"": ""Rotation-stop research ledger"", ""strategy_code"": ""S3"", ""strategy_name"": ""S3 Darvas Box 돌파"", ""market"": """", ""version"": ""Rotation-stop WF v1 | atr_h25_unlimited__time_10_nonpositive | one-way cost 0.10%""}",FILTER_REQUIRED_CHECK_EQUIVALENT_VERSIONS,,NOT_LINKED,,,NOT_RECORDED_BEFORE_RUN,2010-01-04,2026-08-10,1609.0,0.032169475112779,-0.0144719155986657,Rotation-stop WF v1 | atr_h25_unlimited__time_10_nonpositive | one-way cost 0.10%,Unique selected-trade ledger.,기존 결과,
2trading,Rotation-stop research ledger,S3,S3 Darvas Box 돌파,,Rotation-stop WF v1 | atr_h50_max1__natural_only | one-way cost 0.10%,be223704801675ea024fde4d,LEGACY_IMPORTED_NOT_CORE_V6,results/expanded_strategy_results_2026-09-13.csv,186,89e81614857d58c36670973de74eab6234ea582f5ad1c5800904826d7902d0c6,results/expanded_actual_trade_records_2026-09-13.csv,"{""source_project"": ""2trading"", ""source_family"": ""Rotation-stop research ledger"", ""strategy_code"": ""S3"", ""strategy_name"": ""S3 Darvas Box 돌파"", ""market"": """", ""version"": ""Rotation-stop WF v1 | atr_h50_max1__natural_only | one-way cost 0.10%""}",FILTER_REQUIRED_CHECK_EQUIVALENT_VERSIONS,,NOT_LINKED,,,NOT_RECORDED_BEFORE_RUN,2010-01-04,2026-08-10,794.0,0.0649571766548209,0.0267718899152461,Rotation-stop WF v1 | atr_h50_max1__natural_only | one-way cost 0.10%,Identical selected-trade ledgers collapsed; all historical version labels retained.,기존 결과,
2trading,Rotation-stop research ledger,S3,S3 Darvas Box 돌파,,Rotation-stop WF v1 | atr_h50_unlimited__natural_only | one-way cost 0.10%,f037d8cd34b2d54fc276a9d6,LEGACY_IMPORTED_NOT_CORE_V6,results/expanded_strategy_results_2026-09-13.csv,187,89e81614857d58c36670973de74eab6234ea582f5ad1c5800904826d7902d0c6,results/expanded_actual_trade_records_2026-09-13.csv,"{""source_project"": ""2trading"", ""source_family"": ""Rotation-stop research ledger"", ""strategy_code"": ""S3"", ""strategy_name"": ""S3 Darvas Box 돌파"", ""market"": """", ""version"": ""Rotation-stop WF v1 | atr_h50_unlimited__natural_only | one-way cost 0.10%""}",FILTER_REQUIRED_CHECK_EQUIVALENT_VERSIONS,,NOT_LINKED,,,NOT_RECORDED_BEFORE_RUN,2010-01-04,2026-08-10,804.0,0.0649603625828178,0.0324571653975522,Rotation-stop WF v1 | atr_h50_unlimited__natural_only | one-way cost 0.10%,Identical selected-trade ledgers collapsed; all historical version labels retained.,기존 결과,
2trading,Rotation-stop research ledger,S3,S3 Darvas Box 돌파,,Rotation-stop WF v1 | composite_h10_max1__natural_only | one-way cost 0.10%,54916ba807829111cf3d48bd,LEGACY_IMPORTED_NOT_CORE_V6,results/expanded_strategy_results_2026-09-13.csv,188,89e81614857d58c36670973de74eab6234ea582f5ad1c5800904826d7902d0c6,results/expanded_actual_trade_records_2026-09-13.csv,"{""source_project"": ""2trading"", ""source_family"": ""Rotation-stop research ledger"", ""strategy_code"": ""S3"", ""strategy_name"": ""S3 Darvas Box 돌파"", ""market"": """", ""version"": ""Rotation-stop WF v1 | composite_h10_max1__natural_only | one-way cost 0.10%""}",FILTER_REQUIRED_CHECK_EQUIVALENT_VERSIONS,,NOT_LINKED,,,NOT_RECORDED_BEFORE_RUN,2010-01-04,2026-08-10,886.0,0.0445555985884695,0.0172077009310797,Rotation-stop WF v1 | composite_h10_max1__natural_only | one-way cost 0.10%,Unique selected-trade ledger.,기존 결과,
2trading,Rotation-stop research ledger,S3,S3 Darvas Box 돌파,,Rotation-stop WF v1 | composite_h10_unlimited__natural_only | one-way cost 0.10%,e364b53834993fc18321b08a,LEGACY_IMPORTED_NOT_CORE_V6,results/expanded_strategy_results_2026-09-13.csv,189,89e81614857d58c36670973de74eab6234ea582f5ad1c5800904826d7902d0c6,results/expanded_actual_trade_records_2026-09-13.csv,"{""source_project"": ""2trading"", ""source_family"": ""Rotation-stop research ledger"", ""strategy_code"": ""S3"", ""strategy_name"": ""S3 Darvas Box 돌파"", ""market"": """", ""version"": ""Rotation-stop WF v1 | composite_h10_unlimited__natural_only | one-way cost 0.10%""}",FILTER_REQUIRED_CHECK_EQUIVALENT_VERSIONS,,NOT_LINKED,,,NOT_RECORDED_BEFORE_RUN,2010-01-04,2026-08-10,873.0,0.0381930181552589,0.0155937989043806,Rotation-stop WF v1 | composite_h10_unlimited__natural_only | one-way cost 0.10%,Unique selected-trade ledger.,기존 결과,
2trading,Rotation-stop research ledger,S3,S3 Darvas Box 돌파,,Rotation-stop WF v1 | composite_h25_max1__natural_only | one-way cost 0.10%,440f3455912902a0cbf63d3e,LEGACY_IMPORTED_NOT_CORE_V6,results/expanded_strategy_results_2026-09-13.csv,190,89e81614857d58c36670973de74eab6234ea582f5ad1c5800904826d7902d0c6,results/expanded_actual_trade_records_2026-09-13.csv,"{""source_project"": ""2trading"", ""source_family"": ""Rotation-stop research ledger"", ""strategy_code"": ""S3"", ""strategy_name"": ""S3 Darvas Box 돌파"", ""market"": """", ""version"": ""Rotation-stop WF v1 | composite_h25_max1__natural_only | one-way cost 0.10%""}",FILTER_REQUIRED_CHECK_EQUIVALENT_VERSIONS,,NOT_LINKED,,,NOT_RECORDED_BEFORE_RUN,2010-01-04,2026-08-10,821.0,0.0390278942996981,0.0113567988701321,Rotation-stop WF v1 | composite_h25_max1__natural_only | one-way cost 0.10%,Unique selected-trade ledger.,기존 결과,
2trading,Rotation-stop research ledger,S3,S3 Darvas Box 돌파,,Rotation-stop WF v1 | composite_h25_max1_loser__natural_only | one-way cost 0.10%,6334c41fd3496a202f5d93d1,LEGACY_IMPORTED_NOT_CORE_V6,results/expanded_strategy_results_2026-09-13.csv,191,89e81614857d58c36670973de74eab6234ea582f5ad1c5800904826d7902d0c6,results/expanded_actual_trade_records_2026-09-13.csv,"{""source_project"": ""2trading"", ""source_family"": ""Rotation-stop research ledger"", ""strategy_code"": ""S3"", ""strategy_name"": ""S3 Darvas Box 돌파"", ""market"": """", ""version"": ""Rotation-stop WF v1 | composite_h25_max1_loser__natural_only | one-way cost 0.10%""}",FILTER_REQUIRED_CHECK_EQUIVALENT_VERSIONS,,NOT_LINKED,,,NOT_RECORDED_BEFORE_RUN,2010-01-04,2026-08-10,791.0,0.0468460573976666,0.01168833179445,Rotation-stop WF v1 | composite_h25_max1_loser__natural_only | one-way cost 0.10%,Unique selected-trade ledger.,기존 결과,
2trading,Rotation-stop research ledger,S3,S3 Darvas Box 돌파,,Rotation-stop WF v1 | composite_h25_max1_stale20__natural_only | one-way cost 0.10%,cd70056dd5457d47f7a25493,LEGACY_IMPORTED_NOT_CORE_V6,results/expanded_strategy_results_2026-09-13.csv,192,89e81614857d58c36670973de74eab6234ea582f5ad1c5800904826d7902d0c6,results/expanded_actual_trade_records_2026-09-13.csv,"{""source_project"": ""2trading"", ""source_family"": ""Rotation-stop research ledger"", ""strategy_code"": ""S3"", ""strategy_name"": ""S3 Darvas Box 돌파"", ""market"": """", ""version"": ""Rotation-stop WF v1 | composite_h25_max1_stale20__natural_only | one-way cost 0.10%""}",FILTER_REQUIRED_CHECK_EQUIVALENT_VERSIONS,,NOT_LINKED,,,NOT_RECORDED_BEFORE_RUN,2010-01-04,2026-08-10,778.0,0.043634470151657,0.0182872423633746,Rotation-stop WF v1 | composite_h25_max1_stale20__natural_only | one-way cost 0.10%,Unique selected-trade ledger.,기존 결과,
2trading,Rotation-stop research ledger,S3,S3 Darvas Box 돌파,,Rotation-stop WF v1 | composite_h25_unlimited__ema20_close_exit | one-way cost 0.10%,3b08cb142ca619a7acad6013,LEGACY_IMPORTED_NOT_CORE_V6,results/expanded_strategy_results_2026-09-13.csv,193,89e81614857d58c36670973de74eab6234ea582f5ad1c5800904826d7902d0c6,results/expanded_actual_trade_records_2026-09-13.csv,"{""source_project"": ""2trading"", ""source_family"": ""Rotation-stop research ledger"", ""strategy_code"": ""S3"", ""strategy_name"": ""S3 Darvas Box 돌파"", ""market"": """", ""version"": ""Rotation-stop WF v1 | composite_h25_unlimited__ema20_close_exit | one-way cost 0.10%""}",FILTER_REQUIRED_CHECK_EQUIVALENT_VERSIONS,,NOT_LINKED,,,NOT_RECORDED_BEFORE_RUN,2010-01-04,2026-08-10,1995.0,0.015347503168111,-0.0156727911964518,Rotation-stop WF v1 | composite_h25_unlimited__ema20_close_exit | one-way cost 0.10%,Unique selected-trade ledger.,기존 결과,
2trading,Rotation-stop research ledger,S3,S3 Darvas Box 돌파,,Rotation-stop WF v1 | composite_h25_unlimited__entry_atr_3p0 | one-way cost 0.10%,9f6f2248174da9b55b2155ee,LEGACY_IMPORTED_NOT_CORE_V6,results/expanded_strategy_results_2026-09-13.csv,194,89e81614857d58c36670973de74eab6234ea582f5ad1c5800904826d7902d0c6,results/expanded_actual_trade_records_2026-09-13.csv,"{""source_project"": ""2trading"", ""source_family"": ""Rotation-stop research ledger"", ""strategy_code"": ""S3"", ""strategy_name"": ""S3 Darvas Box 돌파"", ""market"": """", ""version"": ""Rotation-stop WF v1 | composite_h25_unlimited__entry_atr_3p0 | one-way cost 0.10%""}",FILTER_REQUIRED_CHECK_EQUIVALENT_VERSIONS,,NOT_LINKED,,,NOT_RECORDED_BEFORE_RUN,2010-01-04,2026-08-10,976.0,0.0402616097598573,-0.0327982335597498,Rotation-stop WF v1 | composite_h25_unlimited__entry_atr_3p0 | one-way cost 0.10%,Unique selected-trade ledger.,기존 결과,
2trading,Rotation-stop research ledger,S3,S3 Darvas Box 돌파,,Rotation-stop WF v1 | composite_h25_unlimited__natural_only | one-way cost 0.10%,8317d2323f12be497ce7f4f6,LEGACY_IMPORTED_NOT_CORE_V6,results/expanded_strategy_results_2026-09-13.csv,195,89e81614857d58c36670973de74eab6234ea582f5ad1c5800904826d7902d0c6,results/expanded_actual_trade_records_2026-09-13.csv,"{""source_project"": ""2trading"", ""source_family"": ""Rotation-stop research ledger"", ""strategy_code"": ""S3"", ""strategy_name"": ""S3 Darvas Box 돌파"", ""market"": """", ""version"": ""Rotation-stop WF v1 | composite_h25_unlimited__natural_only | one-way cost 0.10%""}",FILTER_REQUIRED_CHECK_EQUIVALENT_VERSIONS,,NOT_LINKED,,,NOT_RECORDED_BEFORE_RUN,2010-01-04,2026-08-10,818.0,0.0507139115505056,0.0189217470557349,Rotation-stop WF v1 | composite_h25_unlimited__natural_only | one-way cost 0.10%,Unique selected-trade ledger.,기존 결과,
2trading,Rotation-stop research ledger,S3,S3 Darvas Box 돌파,,Rotation-stop WF v1 | composite_h25_unlimited__time_10_nonpositive | one-way cost 0.10%,3fd88e70b58f8304bd798999,LEGACY_IMPORTED_NOT_CORE_V6,results/expanded_strategy_results_2026-09-13.csv,196,89e81614857d58c36670973de74eab6234ea582f5ad1c5800904826d7902d0c6,results/expanded_actual_trade_records_2026-09-13.csv,"{""source_project"": ""2trading"", ""source_family"": ""Rotation-stop research ledger"", ""strategy_code"": ""S3"", ""strategy_name"": ""S3 Darvas Box 돌파"", ""market"": """", ""version"": ""Rotation-stop WF v1 | composite_h25_unlimited__time_10_nonpositive | one-way cost 0.10%""}",FILTER_REQUIRED_CHECK_EQUIVALENT_VERSIONS,,NOT_LINKED,,,NOT_RECORDED_BEFORE_RUN,2010-01-04,2026-08-10,1640.0,0.0212646461130289,-0.0141925300345205,Rotation-stop WF v1 | composite_h25_unlimited__time_10_nonpositive | one-way cost 0.10%,Unique selected-trade ledger.,기존 결과,
2trading,Rotation-stop research ledger,S3,S3 Darvas Box 돌파,,Rotation-stop WF v1 | composite_h50_max1__natural_only | one-way cost 0.10%,6274229fb6651951d23757c3,LEGACY_IMPORTED_NOT_CORE_V6,results/expanded_strategy_results_2026-09-13.csv,197,89e81614857d58c36670973de74eab6234ea582f5ad1c5800904826d7902d0c6,results/expanded_actual_trade_records_2026-09-13.csv,"{""source_project"": ""2trading"", ""source_family"": ""Rotation-stop research ledger"", ""strategy_code"": ""S3"", ""strategy_name"": ""S3 Darvas Box 돌파"", ""market"": """", ""version"": ""Rotation-stop WF v1 | composite_h50_max1__natural_only | one-way cost 0.10%""}",FILTER_REQUIRED_CHECK_EQUIVALENT_VERSIONS,,NOT_LINKED,,,NOT_RECORDED_BEFORE_RUN,2010-01-04,2026-08-10,802.0,0.0390471325919881,0.0100794210963004,Rotation-stop WF v1 | composite_h50_max1__natural_only | one-way cost 0.10%,Unique selected-trade ledger.,기존 결과,
2trading,Rotation-stop research ledger,S3,S3 Darvas Box 돌파,,Rotation-stop WF v1 | composite_h50_unlimited__natural_only | one-way cost 0.10%,68b2ff345294592b95d5c3ab,LEGACY_IMPORTED_NOT_CORE_V6,results/expanded_strategy_results_2026-09-13.csv,198,89e81614857d58c36670973de74eab6234ea582f5ad1c5800904826d7902d0c6,results/expanded_actual_trade_records_2026-09-13.csv,"{""source_project"": ""2trading"", ""source_family"": ""Rotation-stop research ledger"", ""strategy_code"": ""S3"", ""strategy_name"": ""S3 Darvas Box 돌파"", ""market"": """", ""version"": ""Rotation-stop WF v1 | composite_h50_unlimited__natural_only | one-way cost 0.10%""}",FILTER_REQUIRED_CHECK_EQUIVALENT_VERSIONS,,NOT_LINKED,,,NOT_RECORDED_BEFORE_RUN,2010-01-04,2026-08-10,786.0,0.0436976003650173,0.0202769811150488,Rotation-stop WF v1 | composite_h50_unlimited__natural_only | one-way cost 0.10%,Unique selected-trade ledger.,기존 결과,
2trading,Rotation-stop research ledger,S3,S3 Darvas Box 돌파,,Rotation-stop WF v1 | dynamic_h10_max1__ema20_close_exit | one-way cost 0.10%,f163ad536f9117834f496c24,LEGACY_IMPORTED_NOT_CORE_V6,results/expanded_strategy_results_2026-09-13.csv,199,89e81614857d58c36670973de74eab6234ea582f5ad1c5800904826d7902d0c6,results/expanded_actual_trade_records_2026-09-13.csv,"{""source_project"": ""2trading"", ""source_family"": ""Rotation-stop research ledger"", ""strategy_code"": ""S3"", ""strategy_name"": ""S3 Darvas Box 돌파"", ""market"": """", ""version"": ""Rotation-stop WF v1 | dynamic_h10_max1__ema20_close_exit | one-way cost 0.10%""}",FILTER_REQUIRED_CHECK_EQUIVALENT_VERSIONS,,NOT_LINKED,,,NOT_RECORDED_BEFORE_RUN,2010-01-04,2026-08-10,1967.0,0.018108949855579,-0.0164494309921053,Rotation-stop WF v1 | dynamic_h10_max1__ema20_close_exit | one-way cost 0.10%,Unique selected-trade ledger.,기존 결과,
2trading,Rotation-stop research ledger,S3,S3 Darvas Box 돌파,,Rotation-stop WF v1 | dynamic_h10_max1__entry_atr_3p0 | one-way cost 0.10%,af8ab7d8a9494d8fa5064064,LEGACY_IMPORTED_NOT_CORE_V6,results/expanded_strategy_results_2026-09-13.csv,200,89e81614857d58c36670973de74eab6234ea582f5ad1c5800904826d7902d0c6,results/expanded_actual_trade_records_2026-09-13.csv,"{""source_project"": ""2trading"", ""source_family"": ""Rotation-stop research ledger"", ""strategy_code"": ""S3"", ""strategy_name"": ""S3 Darvas Box 돌파"", ""market"": """", ""version"": ""Rotation-stop WF v1 | dynamic_h10_max1__entry_atr_3p0 | one-way cost 0.10%""}",FILTER_REQUIRED_CHECK_EQUIVALENT_VERSIONS,,NOT_LINKED,,,NOT_RECORDED_BEFORE_RUN,2010-01-04,2026-08-10,988.0,0.0418220027408044,-0.036206314095039,Rotation-stop WF v1 | dynamic_h10_max1__entry_atr_3p0 | one-way cost 0.10%,Unique selected-trade ledger.,기존 결과,
2trading,Rotation-stop research ledger,S3,S3 Darvas Box 돌파,,Rotation-stop WF v1 | dynamic_h10_max1__natural_only | one-way cost 0.10%,fadb681e353c805fc3af8235,LEGACY_IMPORTED_NOT_CORE_V6,results/expanded_strategy_results_2026-09-13.csv,201,89e81614857d58c36670973de74eab6234ea582f5ad1c5800904826d7902d0c6,results/expanded_actual_trade_records_2026-09-13.csv,"{""source_project"": ""2trading"", ""source_family"": ""Rotation-stop research ledger"", ""strategy_code"": ""S3"", ""strategy_name"": ""S3 Darvas Box 돌파"", ""market"": """", ""version"": ""Rotation-stop WF v1 | dynamic_h10_max1__natural_only | one-way cost 0.10%""}",FILTER_REQUIRED_CHECK_EQUIVALENT_VERSIONS,,NOT_LINKED,,,NOT_RECORDED_BEFORE_RUN,2010-01-04,2026-08-10,844.0,0.0576173757487554,0.0233114697175104,Rotation-stop WF v1 | dynamic_h10_max1__natural_only | one-way cost 0.10%,Unique selected-trade ledger.,기존 결과,
2trading,Rotation-stop research ledger,S3,S3 Darvas Box 돌파,,Rotation-stop WF v1 | dynamic_h10_max1__time_10_nonpositive | one-way cost 0.10%,d6f62ef77b54d5c8693130ad,LEGACY_IMPORTED_NOT_CORE_V6,results/expanded_strategy_results_2026-09-13.csv,202,89e81614857d58c36670973de74eab6234ea582f5ad1c5800904826d7902d0c6,results/expanded_actual_trade_records_2026-09-13.csv,"{""source_project"": ""2trading"", ""source_family"": ""Rotation-stop research ledger"", ""strategy_code"": ""S3"", ""strategy_name"": ""S3 Darvas Box 돌파"", ""market"": """", ""version"": ""Rotation-stop WF v1 | dynamic_h10_max1__time_10_nonpositive | one-way cost 0.10%""}",FILTER_REQUIRED_CHECK_EQUIVALENT_VERSIONS,,NOT_LINKED,,,NOT_RECORDED_BEFORE_RUN,2010-01-04,2026-08-10,1626.0,0.0257518698636144,-0.0142234616946036,Rotation-stop WF v1 | dynamic_h10_max1__time_10_nonpositive | one-way cost 0.10%,Unique selected-trade ledger.,기존 결과,
2trading,Rotation-stop research ledger,S3,S3 Darvas Box 돌파,,Rotation-stop WF v1 | dynamic_h10_unlimited__ema20_close_exit | one-way cost 0.10%,d324146aef1d9b11ac19655f,LEGACY_IMPORTED_NOT_CORE_V6,results/expanded_strategy_results_2026-09-13.csv,203,89e81614857d58c36670973de74eab6234ea582f5ad1c5800904826d7902d0c6,results/expanded_actual_trade_records_2026-09-13.csv,"{""source_project"": ""2trading"", ""source_family"": ""Rotation-stop research ledger"", ""strategy_code"": ""S3"", ""strategy_name"": ""S3 Darvas Box 돌파"", ""market"": """", ""version"": ""Rotation-stop WF v1 | dynamic_h10_unlimited__ema20_close_exit | one-way cost 0.10%""}",FILTER_REQUIRED_CHECK_EQUIVALENT_VERSIONS,,NOT_LINKED,,,NOT_RECORDED_BEFORE_RUN,2010-01-04,2026-08-10,1988.0,0.0184138883931671,-0.016642883184309,Rotation-stop WF v1 | dynamic_h10_unlimited__ema20_close_exit | one-way cost 0.10%,Unique selected-trade ledger.,기존 결과,
2trading,Rotation-stop research ledger,S3,S3 Darvas Box 돌파,,Rotation-stop WF v1 | dynamic_h10_unlimited__entry_atr_3p0 | one-way cost 0.10%,9a5013f698365a6870d90e7b,LEGACY_IMPORTED_NOT_CORE_V6,results/expanded_strategy_results_2026-09-13.csv,204,89e81614857d58c36670973de74eab6234ea582f5ad1c5800904826d7902d0c6,results/expanded_actual_trade_records_2026-09-13.csv,"{""source_project"": ""2trading"", ""source_family"": ""Rotation-stop research ledger"", ""strategy_code"": ""S3"", ""strategy_name"": ""S3 Darvas Box 돌파"", ""market"": """", ""version"": ""Rotation-stop WF v1 | dynamic_h10_unlimited__entry_atr_3p0 | one-way cost 0.10%""}",FILTER_REQUIRED_CHECK_EQUIVALENT_VERSIONS,,NOT_LINKED,,,NOT_RECORDED_BEFORE_RUN,2010-01-04,2026-08-10,975.0,0.0451902868472749,-0.026215394376211,Rotation-stop WF v1 | dynamic_h10_unlimited__entry_atr_3p0 | one-way cost 0.10%,Unique selected-trade ledger.,기존 결과,
2trading,Rotation-stop research ledger,S3,S3 Darvas Box 돌파,,Rotation-stop WF v1 | dynamic_h10_unlimited__natural_only | one-way cost 0.10%,a7ab8035177ee4eeb4daba69,LEGACY_IMPORTED_NOT_CORE_V6,results/expanded_strategy_results_2026-09-13.csv,205,89e81614857d58c36670973de74eab6234ea582f5ad1c5800904826d7902d0c6,results/expanded_actual_trade_records_2026-09-13.csv,"{""source_project"": ""2trading"", ""source_family"": ""Rotation-stop research ledger"", ""strategy_code"": ""S3"", ""strategy_name"": ""S3 Darvas Box 돌파"", ""market"": """", ""version"": ""Rotation-stop WF v1 | dynamic_h10_unlimited__natural_only | one-way cost 0.10%""}",FILTER_REQUIRED_CHECK_EQUIVALENT_VERSIONS,,NOT_LINKED,,,NOT_RECORDED_BEFORE_RUN,2010-01-04,2026-08-10,872.0,0.0548985846116528,0.0166767743279907,Rotation-stop WF v1 | dynamic_h10_unlimited__natural_only | one-way cost 0.10%,Unique selected-trade ledger.,기존 결과,
2trading,Rotation-stop research ledger,S3,S3 Darvas Box 돌파,,Rotation-stop WF v1 | dynamic_h10_unlimited__time_10_nonpositive | one-way cost 0.10%,65c74f152ff5590c676fe166,LEGACY_IMPORTED_NOT_CORE_V6,results/expanded_strategy_results_2026-09-13.csv,206,89e81614857d58c36670973de74eab6234ea582f5ad1c5800904826d7902d0c6,results/expanded_actual_trade_records_2026-09-13.csv,"{""source_project"": ""2trading"", ""source_family"": ""Rotation-stop research ledger"", ""strategy_code"": ""S3"", ""strategy_name"": ""S3 Darvas Box 돌파"", ""market"": """", ""version"": ""Rotation-stop WF v1 | dynamic_h10_unlimited__time_10_nonpositive | one-way cost 0.10%""}",FILTER_REQUIRED_CHECK_EQUIVALENT_VERSIONS,,NOT_LINKED,,,NOT_RECORDED_BEFORE_RUN,2010-01-04,2026-08-10,1635.0,0.0271663238945958,-0.0140712589753637,Rotation-stop WF v1 | dynamic_h10_unlimited__time_10_nonpositive | one-way cost 0.10%,Unique selected-trade ledger.,기존 결과,
2trading,Rotation-stop research ledger,S3,S3 Darvas Box 돌파,,Rotation-stop WF v1 | dynamic_h25_max1__natural_only | one-way cost 0.10%,1a34288cd32bdb4b5f42eef4,LEGACY_IMPORTED_NOT_CORE_V6,results/expanded_strategy_results_2026-09-13.csv,207,89e81614857d58c36670973de74eab6234ea582f5ad1c5800904826d7902d0c6,results/expanded_actual_trade_records_2026-09-13.csv,"{""source_project"": ""2trading"", ""source_family"": ""Rotation-stop research ledger"", ""strategy_code"": ""S3"", ""strategy_name"": ""S3 Darvas Box 돌파"", ""market"": """", ""version"": ""Rotation-stop WF v1 | dynamic_h25_max1__natural_only | one-way cost 0.10%""}",FILTER_REQUIRED_CHECK_EQUIVALENT_VERSIONS,,NOT_LINKED,,,NOT_RECORDED_BEFORE_RUN,2010-01-04,2026-08-10,833.0,0.0674191598842379,0.0332811670434358,Rotation-stop WF v1 | dynamic_h25_max1__natural_only | one-way cost 0.10%,Unique selected-trade ledger.,기존 결과,
2trading,Rotation-stop research ledger,S3,S3 Darvas Box 돌파,,Rotation-stop WF v1 | dynamic_h25_max1_loser__natural_only | one-way cost 0.10%,a8d52b5015ae1e16d53dd4eb,LEGACY_IMPORTED_NOT_CORE_V6,results/expanded_strategy_results_2026-09-13.csv,208,89e81614857d58c36670973de74eab6234ea582f5ad1c5800904826d7902d0c6,results/expanded_actual_trade_records_2026-09-13.csv,"{""source_project"": ""2trading"", ""source_family"": ""Rotation-stop research ledger"", ""strategy_code"": ""S3"", ""strategy_name"": ""S3 Darvas Box 돌파"", ""market"": """", ""version"": ""Rotation-stop WF v1 | dynamic_h25_max1_loser__natural_only | one-way cost 0.10%""}",FILTER_REQUIRED_CHECK_EQUIVALENT_VERSIONS,,NOT_LINKED,,,NOT_RECORDED_BEFORE_RUN,2010-01-04,2026-08-10,811.0,0.0509882574356688,0.0014216113168776,Rotation-stop WF v1 | dynamic_h25_max1_loser__natural_only | one-way cost 0.10%,Unique selected-trade ledger.,기존 결과,
2trading,Rotation-stop research ledger,S3,S3 Darvas Box 돌파,,Rotation-stop WF v1 | dynamic_h25_max1_stale20__natural_only | one-way cost 0.10%,11480f982d383897026a185f,LEGACY_IMPORTED_NOT_CORE_V6,results/expanded_strategy_results_2026-09-13.csv,209,89e81614857d58c36670973de74eab6234ea582f5ad1c5800904826d7902d0c6,results/expanded_actual_trade_records_2026-09-13.csv,"{""source_project"": ""2trading"", ""source_family"": ""Rotation-stop research ledger"", ""strategy_code"": ""S3"", ""strategy_name"": ""S3 Darvas Box 돌파"", ""market"": """", ""version"": ""Rotation-stop WF v1 | dynamic_h25_max1_stale20__natural_only | one-way cost 0.10%""}",FILTER_REQUIRED_CHECK_EQUIVALENT_VERSIONS,,NOT_LINKED,,,NOT_RECORDED_BEFORE_RUN,2010-01-04,2026-08-10,801.0,0.0600633760678517,0.0189028563438409,Rotation-stop WF v1 | dynamic_h25_max1_stale20__natural_only | one-way cost 0.10%,Unique selected-trade ledger.,기존 결과,
2trading,Rotation-stop research ledger,S3,S3 Darvas Box 돌파,,Rotation-stop WF v1 | dynamic_h25_unlimited__chandelier_4atr | one-way cost 0.10%,9257e752a11107028b9b9153,LEGACY_IMPORTED_NOT_CORE_V6,results/expanded_strategy_results_2026-09-13.csv,210,89e81614857d58c36670973de74eab6234ea582f5ad1c5800904826d7902d0c6,results/expanded_actual_trade_records_2026-09-13.csv,"{""source_project"": ""2trading"", ""source_family"": ""Rotation-stop research ledger"", ""strategy_code"": ""S3"", ""strategy_name"": ""S3 Darvas Box 돌파"", ""market"": """", ""version"": ""Rotation-stop WF v1 | dynamic_h25_unlimited__chandelier_4atr | one-way cost 0.10%""}",FILTER_REQUIRED_CHECK_EQUIVALENT_VERSIONS,,NOT_LINKED,,,NOT_RECORDED_BEFORE_RUN,2010-01-04,2026-08-10,1187.0,0.0330348041470835,-0.022522573426413,Rotation-stop WF v1 | dynamic_h25_unlimited__chandelier_4atr | one-way cost 0.10%,Unique selected-trade ledger.,기존 결과,
2trading,Rotation-stop research ledger,S3,S3 Darvas Box 돌파,,Rotation-stop WF v1 | dynamic_h25_unlimited__ema20_close_exit | one-way cost 0.10%,55f91420f3b95ee0b08ce70c,LEGACY_IMPORTED_NOT_CORE_V6,results/expanded_strategy_results_2026-09-13.csv,211,89e81614857d58c36670973de74eab6234ea582f5ad1c5800904826d7902d0c6,results/expanded_actual_trade_records_2026-09-13.csv,"{""source_project"": ""2trading"", ""source_family"": ""Rotation-stop research ledger"", ""strategy_code"": ""S3"", ""strategy_name"": ""S3 Darvas Box 돌파"", ""market"": """", ""version"": ""Rotation-stop WF v1 | dynamic_h25_unlimited__ema20_close_exit | one-way cost 0.10%""}",FILTER_REQUIRED_CHECK_EQUIVALENT_VERSIONS,,NOT_LINKED,,,NOT_RECORDED_BEFORE_RUN,2010-01-04,2026-08-10,1969.0,0.018128947840785,-0.0167615240443478,Rotation-stop WF v1 | dynamic_h25_unlimited__ema20_close_exit | one-way cost 0.10%,Unique selected-trade ledger.,기존 결과,
2trading,Rotation-stop research ledger,S3,S3 Darvas Box 돌파,,Rotation-stop WF v1 | dynamic_h25_unlimited__entry_atr_3p0 | one-way cost 0.10%,1a1b06ba51f9155e97599d37,LEGACY_IMPORTED_NOT_CORE_V6,results/expanded_strategy_results_2026-09-13.csv,212,89e81614857d58c36670973de74eab6234ea582f5ad1c5800904826d7902d0c6,results/expanded_actual_trade_records_2026-09-13.csv,"{""source_project"": ""2trading"", ""source_family"": ""Rotation-stop research ledger"", ""strategy_code"": ""S3"", ""strategy_name"": ""S3 Darvas Box 돌파"", ""market"": """", ""version"": ""Rotation-stop WF v1 | dynamic_h25_unlimited__entry_atr_3p0 | one-way cost 0.10%""}",FILTER_REQUIRED_CHECK_EQUIVALENT_VERSIONS,,NOT_LINKED,,,NOT_RECORDED_BEFORE_RUN,2010-01-04,2026-08-10,987.0,0.043358392408801,-0.0335940891677165,Rotation-stop WF v1 | dynamic_h25_unlimited__entry_atr_3p0 | one-way cost 0.10%,Unique selected-trade ledger.,기존 결과,
2trading,Rotation-stop research ledger,S3,S3 Darvas Box 돌파,,Rotation-stop WF v1 | dynamic_h25_unlimited__natural_only | one-way cost 0.10%,e095a49b5a8aa4d2ea19be1c,LEGACY_IMPORTED_NOT_CORE_V6,results/expanded_strategy_results_2026-09-13.csv,213,89e81614857d58c36670973de74eab6234ea582f5ad1c5800904826d7902d0c6,results/expanded_actual_trade_records_2026-09-13.csv,"{""source_project"": ""2trading"", ""source_family"": ""Rotation-stop research ledger"", ""strategy_code"": ""S3"", ""strategy_name"": ""S3 Darvas Box 돌파"", ""market"": """", ""version"": ""Rotation-stop WF v1 | dynamic_h25_unlimited__natural_only | one-way cost 0.10%""}",FILTER_REQUIRED_CHECK_EQUIVALENT_VERSIONS,,NOT_LINKED,,,NOT_RECORDED_BEFORE_RUN,2010-01-04,2026-08-10,847.0,0.0539809200150208,0.0221043322503475,Rotation-stop WF v1 | dynamic_h25_unlimited__natural_only | one-way cost 0.10%,Unique selected-trade ledger.,기존 결과,
2trading,Rotation-stop research ledger,S3,S3 Darvas Box 돌파,,Rotation-stop WF v1 | dynamic_h25_unlimited__time_10_nonpositive | one-way cost 0.10%,039ed85c947fd7abc2aecb15,LEGACY_IMPORTED_NOT_CORE_V6,results/expanded_strategy_results_2026-09-13.csv,214,89e81614857d58c36670973de74eab6234ea582f5ad1c5800904826d7902d0c6,results/expanded_actual_trade_records_2026-09-13.csv,"{""source_project"": ""2trading"", ""source_family"": ""Rotation-stop research ledger"", ""strategy_code"": ""S3"", ""strategy_name"": ""S3 Darvas Box 돌파"", ""market"": """", ""version"": ""Rotation-stop WF v1 | dynamic_h25_unlimited__time_10_nonpositive | one-way cost 0.10%""}",FILTER_REQUIRED_CHECK_EQUIVALENT_VERSIONS,,NOT_LINKED,,,NOT_RECORDED_BEFORE_RUN,2010-01-04,2026-08-10,1631.0,0.0270934956095921,-0.0140562278477376,Rotation-stop WF v1 | dynamic_h25_unlimited__time_10_nonpositive | one-way cost 0.10%,Unique selected-trade ledger.,기존 결과,
2trading,Rotation-stop research ledger,S3,S3 Darvas Box 돌파,,Rotation-stop WF v1 | dynamic_h50_max1__natural_only | one-way cost 0.10%,f75ef3c4e98431f0f308a060,LEGACY_IMPORTED_NOT_CORE_V6,results/expanded_strategy_results_2026-09-13.csv,215,89e81614857d58c36670973de74eab6234ea582f5ad1c5800904826d7902d0c6,results/expanded_actual_trade_records_2026-09-13.csv,"{""source_project"": ""2trading"", ""source_family"": ""Rotation-stop research ledger"", ""strategy_code"": ""S3"", ""strategy_name"": ""S3 Darvas Box 돌파"", ""market"": """", ""version"": ""Rotation-stop WF v1 | dynamic_h50_max1__natural_only | one-way cost 0.10%""}",FILTER_REQUIRED_CHECK_EQUIVALENT_VERSIONS,,NOT_LINKED,,,NOT_RECORDED_BEFORE_RUN,2010-01-04,2026-08-10,823.0,0.0631125958921687,0.0203743509027412,Rotation-stop WF v1 | dynamic_h50_max1__natural_only | one-way cost 0.10%,Unique selected-trade ledger.,기존 결과,
2trading,Rotation-stop research ledger,S3,S3 Darvas Box 돌파,,Rotation-stop WF v1 | dynamic_h50_unlimited__ema20_close_exit | one-way cost 0.10%,351f5743293ae999ff5793b5,LEGACY_IMPORTED_NOT_CORE_V6,results/expanded_strategy_results_2026-09-13.csv,216,89e81614857d58c36670973de74eab6234ea582f5ad1c5800904826d7902d0c6,results/expanded_actual_trade_records_2026-09-13.csv,"{""source_project"": ""2trading"", ""source_family"": ""Rotation-stop research ledger"", ""strategy_code"": ""S3"", ""strategy_name"": ""S3 Darvas Box 돌파"", ""market"": """", ""version"": ""Rotation-stop WF v1 | dynamic_h50_unlimited__ema20_close_exit | one-way cost 0.10%""}",FILTER_REQUIRED_CHECK_EQUIVALENT_VERSIONS,,NOT_LINKED,,,NOT_RECORDED_BEFORE_RUN,2010-01-04,2026-08-10,1946.0,0.0190723174392732,-0.0163923751739124,Rotation-stop WF v1 | dynamic_h50_unlimited__ema20_close_exit | one-way cost 0.10%,Unique selected-trade ledger.,기존 결과,
2trading,Rotation-stop research ledger,S3,S3 Darvas Box 돌파,,Rotation-stop WF v1 | dynamic_h50_unlimited__entry_atr_3p0 | one-way cost 0.10%,a5d6001dd0b01562298102b6,LEGACY_IMPORTED_NOT_CORE_V6,results/expanded_strategy_results_2026-09-13.csv,217,89e81614857d58c36670973de74eab6234ea582f5ad1c5800904826d7902d0c6,results/expanded_actual_trade_records_2026-09-13.csv,"{""source_project"": ""2trading"", ""source_family"": ""Rotation-stop research ledger"", ""strategy_code"": ""S3"", ""strategy_name"": ""S3 Darvas Box 돌파"", ""market"": """", ""version"": ""Rotation-stop WF v1 | dynamic_h50_unlimited__entry_atr_3p0 | one-way cost 0.10%""}",FILTER_REQUIRED_CHECK_EQUIVALENT_VERSIONS,,NOT_LINKED,,,NOT_RECORDED_BEFORE_RUN,2010-01-04,2026-08-10,965.0,0.0447310606116626,-0.0339830864255268,Rotation-stop WF v1 | dynamic_h50_unlimited__entry_atr_3p0 | one-way cost 0.10%,Unique selected-trade ledger.,기존 결과,
2trading,Rotation-stop research ledger,S3,S3 Darvas Box 돌파,,Rotation-stop WF v1 | dynamic_h50_unlimited__natural_only | one-way cost 0.10%,37c9c9a8aac38c6123299e9e,LEGACY_IMPORTED_NOT_CORE_V6,results/expanded_strategy_results_2026-09-13.csv,218,89e81614857d58c36670973de74eab6234ea582f5ad1c5800904826d7902d0c6,results/expanded_actual_trade_records_2026-09-13.csv,"{""source_project"": ""2trading"", ""source_family"": ""Rotation-stop research ledger"", ""strategy_code"": ""S3"", ""strategy_name"": ""S3 Darvas Box 돌파"", ""market"": """", ""version"": ""Rotation-stop WF v1 | dynamic_h50_unlimited__natural_only | one-way cost 0.10%""}",FILTER_REQUIRED_CHECK_EQUIVALENT_VERSIONS,,NOT_LINKED,,,NOT_RECORDED_BEFORE_RUN,2010-01-04,2026-08-10,817.0,0.0580586114768766,0.0214681737275002,Rotation-stop WF v1 | dynamic_h50_unlimited__natural_only | one-way cost 0.10%,Unique selected-trade ledger.,기존 결과,
2trading,Rotation-stop research ledger,S3,S3 Darvas Box 돌파,,Rotation-stop WF v1 | dynamic_h50_unlimited__time_10_nonpositive | one-way cost 0.10%,99a51757e2c66da5d63e7d22,LEGACY_IMPORTED_NOT_CORE_V6,results/expanded_strategy_results_2026-09-13.csv,219,89e81614857d58c36670973de74eab6234ea582f5ad1c5800904826d7902d0c6,results/expanded_actual_trade_records_2026-09-13.csv,"{""source_project"": ""2trading"", ""source_family"": ""Rotation-stop research ledger"", ""strategy_code"": ""S3"", ""strategy_name"": ""S3 Darvas Box 돌파"", ""market"": """", ""version"": ""Rotation-stop WF v1 | dynamic_h50_unlimited__time_10_nonpositive | one-way cost 0.10%""}",FILTER_REQUIRED_CHECK_EQUIVALENT_VERSIONS,,NOT_LINKED,,,NOT_RECORDED_BEFORE_RUN,2010-01-04,2026-08-10,1630.0,0.0242178252347027,-0.0139344403081084,Rotation-stop WF v1 | dynamic_h50_unlimited__time_10_nonpositive | one-way cost 0.10%,Unique selected-trade ledger.,기존 결과,
2trading,Rotation-stop research ledger,S3,S3 Darvas Box 돌파,,Rotation-stop WF v1 | no_rotation__breakeven_1r | one-way cost 0.10%,d4f598a4dc6be53d3f10d24c,LEGACY_IMPORTED_NOT_CORE_V6,results/expanded_strategy_results_2026-09-13.csv,220,89e81614857d58c36670973de74eab6234ea582f5ad1c5800904826d7902d0c6,results/expanded_actual_trade_records_2026-09-13.csv,"{""source_project"": ""2trading"", ""source_family"": ""Rotation-stop research ledger"", ""strategy_code"": ""S3"", ""strategy_name"": ""S3 Darvas Box 돌파"", ""market"": """", ""version"": ""Rotation-stop WF v1 | no_rotation__breakeven_1r | one-way cost 0.10%""}",FILTER_REQUIRED_CHECK_EQUIVALENT_VERSIONS,,NOT_LINKED,,,NOT_RECORDED_BEFORE_RUN,2010-01-04,2026-08-10,829.0,0.0617303582948204,0.0066596082066665,Rotation-stop WF v1 | no_rotation__breakeven_1r | one-way cost 0.10%,Unique selected-trade ledger.,기존 결과,
2trading,Rotation-stop research ledger,S3,S3 Darvas Box 돌파,,Rotation-stop WF v1 | no_rotation__breakeven_2r | one-way cost 0.10%,ff6429f94ba5842f801be468,LEGACY_IMPORTED_NOT_CORE_V6,results/expanded_strategy_results_2026-09-13.csv,221,89e81614857d58c36670973de74eab6234ea582f5ad1c5800904826d7902d0c6,results/expanded_actual_trade_records_2026-09-13.csv,"{""source_project"": ""2trading"", ""source_family"": ""Rotation-stop research ledger"", ""strategy_code"": ""S3"", ""strategy_name"": ""S3 Darvas Box 돌파"", ""market"": """", ""version"": ""Rotation-stop WF v1 | no_rotation__breakeven_2r | one-way cost 0.10%""}",FILTER_REQUIRED_CHECK_EQUIVALENT_VERSIONS,,NOT_LINKED,,,NOT_RECORDED_BEFORE_RUN,2010-01-04,2026-08-10,792.0,0.0608493551468582,0.018553166946382,Rotation-stop WF v1 | no_rotation__breakeven_2r | one-way cost 0.10%,Unique selected-trade ledger.,기존 결과,
2trading,Rotation-stop research ledger,S3,S3 Darvas Box 돌파,,Rotation-stop WF v1 | no_rotation__chandelier_2atr | one-way cost 0.10%,d6ae63e0f30b9ffe255f45bc,LEGACY_IMPORTED_NOT_CORE_V6,results/expanded_strategy_results_2026-09-13.csv,222,89e81614857d58c36670973de74eab6234ea582f5ad1c5800904826d7902d0c6,results/expanded_actual_trade_records_2026-09-13.csv,"{""source_project"": ""2trading"", ""source_family"": ""Rotation-stop research ledger"", ""strategy_code"": ""S3"", ""strategy_name"": ""S3 Darvas Box 돌파"", ""market"": """", ""version"": ""Rotation-stop WF v1 | no_rotation__chandelier_2atr | one-way cost 0.10%""}",FILTER_REQUIRED_CHECK_EQUIVALENT_VERSIONS,,NOT_LINKED,,,NOT_RECORDED_BEFORE_RUN,2010-01-04,2026-08-10,2835.0,0.0062459465873895,-0.0174613639945233,Rotation-stop WF v1 | no_rotation__chandelier_2atr | one-way cost 0.10%,Unique selected-trade ledger.,기존 결과,
2trading,Rotation-stop research ledger,S3,S3 Darvas Box 돌파,,Rotation-stop WF v1 | no_rotation__chandelier_3atr | one-way cost 0.10%,9ff8a1a7ff124ad1c0c37782,LEGACY_IMPORTED_NOT_CORE_V6,results/expanded_strategy_results_2026-09-13.csv,223,89e81614857d58c36670973de74eab6234ea582f5ad1c5800904826d7902d0c6,results/expanded_actual_trade_records_2026-09-13.csv,"{""source_project"": ""2trading"", ""source_family"": ""Rotation-stop research ledger"", ""strategy_code"": ""S3"", ""strategy_name"": ""S3 Darvas Box 돌파"", ""market"": """", ""version"": ""Rotation-stop WF v1 | no_rotation__chandelier_3atr | one-way cost 0.10%""}",FILTER_REQUIRED_CHECK_EQUIVALENT_VERSIONS,,NOT_LINKED,,,NOT_RECORDED_BEFORE_RUN,2010-01-04,2026-08-10,1604.0,0.0220541688930052,-0.0179175754405874,Rotation-stop WF v1 | no_rotation__chandelier_3atr | one-way cost 0.10%,Unique selected-trade ledger.,기존 결과,
2trading,Rotation-stop research ledger,S3,S3 Darvas Box 돌파,,Rotation-stop WF v1 | no_rotation__chandelier_4atr | one-way cost 0.10%,b850ff671c473e02cb6a8e0f,LEGACY_IMPORTED_NOT_CORE_V6,results/expanded_strategy_results_2026-09-13.csv,224,89e81614857d58c36670973de74eab6234ea582f5ad1c5800904826d7902d0c6,results/expanded_actual_trade_records_2026-09-13.csv,"{""source_project"": ""2trading"", ""source_family"": ""Rotation-stop research ledger"", ""strategy_code"": ""S3"", ""strategy_name"": ""S3 Darvas Box 돌파"", ""market"": """", ""version"": ""Rotation-stop WF v1 | no_rotation__chandelier_4atr | one-way cost 0.10%""}",FILTER_REQUIRED_CHECK_EQUIVALENT_VERSIONS,,NOT_LINKED,,,NOT_RECORDED_BEFORE_RUN,2010-01-04,2026-08-10,1191.0,0.0367337116199974,-0.0212336357021164,Rotation-stop WF v1 | no_rotation__chandelier_4atr | one-way cost 0.10%,Unique selected-trade ledger.,기존 결과,
2trading,Rotation-stop research ledger,S3,S3 Darvas Box 돌파,,Rotation-stop WF v1 | no_rotation__ema20_close_exit | one-way cost 0.10%,001666fe43b1f40b20d9b8e7,LEGACY_IMPORTED_NOT_CORE_V6,results/expanded_strategy_results_2026-09-13.csv,225,89e81614857d58c36670973de74eab6234ea582f5ad1c5800904826d7902d0c6,results/expanded_actual_trade_records_2026-09-13.csv,"{""source_project"": ""2trading"", ""source_family"": ""Rotation-stop research ledger"", ""strategy_code"": ""S3"", ""strategy_name"": ""S3 Darvas Box 돌파"", ""market"": """", ""version"": ""Rotation-stop WF v1 | no_rotation__ema20_close_exit | one-way cost 0.10%""}",FILTER_REQUIRED_CHECK_EQUIVALENT_VERSIONS,,NOT_LINKED,,,NOT_RECORDED_BEFORE_RUN,2010-01-04,2026-08-10,2061.0,0.0206161607416194,-0.0154175866757773,Rotation-stop WF v1 | no_rotation__ema20_close_exit | one-way cost 0.10%,Unique selected-trade ledger.,기존 결과,
2trading,Rotation-stop research ledger,S3,S3 Darvas Box 돌파,,Rotation-stop WF v1 | no_rotation__entry_atr_1p5 | one-way cost 0.10%,479317f2f5bb9779a612a429,LEGACY_IMPORTED_NOT_CORE_V6,results/expanded_strategy_results_2026-09-13.csv,226,89e81614857d58c36670973de74eab6234ea582f5ad1c5800904826d7902d0c6,results/expanded_actual_trade_records_2026-09-13.csv,"{""source_project"": ""2trading"", ""source_family"": ""Rotation-stop research ledger"", ""strategy_code"": ""S3"", ""strategy_name"": ""S3 Darvas Box 돌파"", ""market"": """", ""version"": ""Rotation-stop WF v1 | no_rotation__entry_atr_1p5 | one-way cost 0.10%""}",FILTER_REQUIRED_CHECK_EQUIVALENT_VERSIONS,,NOT_LINKED,,,NOT_RECORDED_BEFORE_RUN,2010-01-04,2026-08-10,1493.0,0.0248604245219834,-0.0439987849082583,Rotation-stop WF v1 | no_rotation__entry_atr_1p5 | one-way cost 0.10%,Unique selected-trade ledger.,기존 결과,
2trading,Rotation-stop research ledger,S3,S3 Darvas Box 돌파,,Rotation-stop WF v1 | no_rotation__entry_atr_2p0 | one-way cost 0.10%,0acd6e231fd00d6cc8b5d0f7,LEGACY_IMPORTED_NOT_CORE_V6,results/expanded_strategy_results_2026-09-13.csv,227,89e81614857d58c36670973de74eab6234ea582f5ad1c5800904826d7902d0c6,results/expanded_actual_trade_records_2026-09-13.csv,"{""source_project"": ""2trading"", ""source_family"": ""Rotation-stop research ledger"", ""strategy_code"": ""S3"", ""strategy_name"": ""S3 Darvas Box 돌파"", ""market"": """", ""version"": ""Rotation-stop WF v1 | no_rotation__entry_atr_2p0 | one-way cost 0.10%""}",FILTER_REQUIRED_CHECK_EQUIVALENT_VERSIONS,,NOT_LINKED,,,NOT_RECORDED_BEFORE_RUN,2010-01-04,2026-08-10,1212.0,0.0327213880445683,-0.0518779045999928,Rotation-stop WF v1 | no_rotation__entry_atr_2p0 | one-way cost 0.10%,Unique selected-trade ledger.,기존 결과,
2trading,Rotation-stop research ledger,S3,S3 Darvas Box 돌파,,Rotation-stop WF v1 | no_rotation__entry_atr_3p0 | one-way cost 0.10%,a7b94464ed5918ed84a65dce,LEGACY_IMPORTED_NOT_CORE_V6,results/expanded_strategy_results_2026-09-13.csv,228,89e81614857d58c36670973de74eab6234ea582f5ad1c5800904826d7902d0c6,results/expanded_actual_trade_records_2026-09-13.csv,"{""source_project"": ""2trading"", ""source_family"": ""Rotation-stop research ledger"", ""strategy_code"": ""S3"", ""strategy_name"": ""S3 Darvas Box 돌파"", ""market"": """", ""version"": ""Rotation-stop WF v1 | no_rotation__entry_atr_3p0 | one-way cost 0.10%""}",FILTER_REQUIRED_CHECK_EQUIVALENT_VERSIONS,,NOT_LINKED,,,NOT_RECORDED_BEFORE_RUN,2010-01-04,2026-08-10,949.0,0.0446630703474143,-0.0434297513485997,Rotation-stop WF v1 | no_rotation__entry_atr_3p0 | one-way cost 0.10%,Unique selected-trade ledger.,기존 결과,
2trading,Rotation-stop research ledger,S3,S3 Darvas Box 돌파,,Rotation-stop WF v1 | no_rotation__hard_12pct | one-way cost 0.10%,8f6fc98ef41a88ec3f3dba45,LEGACY_IMPORTED_NOT_CORE_V6,results/expanded_strategy_results_2026-09-13.csv,229,89e81614857d58c36670973de74eab6234ea582f5ad1c5800904826d7902d0c6,results/expanded_actual_trade_records_2026-09-13.csv,"{""source_project"": ""2trading"", ""source_family"": ""Rotation-stop research ledger"", ""strategy_code"": ""S3"", ""strategy_name"": ""S3 Darvas Box 돌파"", ""market"": """", ""version"": ""Rotation-stop WF v1 | no_rotation__hard_12pct | one-way cost 0.10%""}",FILTER_REQUIRED_CHECK_EQUIVALENT_VERSIONS,,NOT_LINKED,,,NOT_RECORDED_BEFORE_RUN,2010-01-04,2026-08-10,924.0,0.0369565483529945,-0.0132048051286007,Rotation-stop WF v1 | no_rotation__hard_12pct | one-way cost 0.10%,Unique selected-trade ledger.,기존 결과,
2trading,Rotation-stop research ledger,S3,S3 Darvas Box 돌파,,Rotation-stop WF v1 | no_rotation__hard_5pct | one-way cost 0.10%,193c8ada5c2b55d6abc993db,LEGACY_IMPORTED_NOT_CORE_V6,results/expanded_strategy_results_2026-09-13.csv,230,89e81614857d58c36670973de74eab6234ea582f5ad1c5800904826d7902d0c6,results/expanded_actual_trade_records_2026-09-13.csv,"{""source_project"": ""2trading"", ""source_family"": ""Rotation-stop research ledger"", ""strategy_code"": ""S3"", ""strategy_name"": ""S3 Darvas Box 돌파"", ""market"": """", ""version"": ""Rotation-stop WF v1 | no_rotation__hard_5pct | one-way cost 0.10%""}",FILTER_REQUIRED_CHECK_EQUIVALENT_VERSIONS,,NOT_LINKED,,,NOT_RECORDED_BEFORE_RUN,2010-01-04,2026-08-10,1517.0,0.0249017475271875,-0.05,Rotation-stop WF v1 | no_rotation__hard_5pct | one-way cost 0.10%,Unique selected-trade ledger.,기존 결과,
2trading,Rotation-stop research ledger,S3,S3 Darvas Box 돌파,,Rotation-stop WF v1 | no_rotation__hard_8pct | one-way cost 0.10%,21a9d1f10aae1cf06692c592,LEGACY_IMPORTED_NOT_CORE_V6,results/expanded_strategy_results_2026-09-13.csv,231,89e81614857d58c36670973de74eab6234ea582f5ad1c5800904826d7902d0c6,results/expanded_actual_trade_records_2026-09-13.csv,"{""source_project"": ""2trading"", ""source_family"": ""Rotation-stop research ledger"", ""strategy_code"": ""S3"", ""strategy_name"": ""S3 Darvas Box 돌파"", ""market"": """", ""version"": ""Rotation-stop WF v1 | no_rotation__hard_8pct | one-way cost 0.10%""}",FILTER_REQUIRED_CHECK_EQUIVALENT_VERSIONS,,NOT_LINKED,,,NOT_RECORDED_BEFORE_RUN,2010-01-04,2026-08-10,1127.0,0.0361382003508989,-0.0799999999999998,Rotation-stop WF v1 | no_rotation__hard_8pct | one-way cost 0.10%,Unique selected-trade ledger.,기존 결과,
2trading,Rotation-stop research ledger,S3,S3 Darvas Box 돌파,,Rotation-stop WF v1 | no_rotation__time_10_nonpositive | one-way cost 0.10%,3721501d3cd6cf4124385a4f,LEGACY_IMPORTED_NOT_CORE_V6,results/expanded_strategy_results_2026-09-13.csv,232,89e81614857d58c36670973de74eab6234ea582f5ad1c5800904826d7902d0c6,results/expanded_actual_trade_records_2026-09-13.csv,"{""source_project"": ""2trading"", ""source_family"": ""Rotation-stop research ledger"", ""strategy_code"": ""S3"", ""strategy_name"": ""S3 Darvas Box 돌파"", ""market"": """", ""version"": ""Rotation-stop WF v1 | no_rotation__time_10_nonpositive | one-way cost 0.10%""}",FILTER_REQUIRED_CHECK_EQUIVALENT_VERSIONS,,NOT_LINKED,,,NOT_RECORDED_BEFORE_RUN,2010-01-04,2026-08-10,1579.0,0.0295417993085186,-0.015055587280125,Rotation-stop WF v1 | no_rotation__time_10_nonpositive | one-way cost 0.10%,Unique selected-trade ledger.,기존 결과,
2trading,Rotation-stop research ledger,S3,S3 Darvas Box 돌파,,Rotation-stop WF v1 | no_rotation__time_20_nonpositive | one-way cost 0.10%,8f19a1d414b7d943fb9a00fa,LEGACY_IMPORTED_NOT_CORE_V6,results/expanded_strategy_results_2026-09-13.csv,233,89e81614857d58c36670973de74eab6234ea582f5ad1c5800904826d7902d0c6,results/expanded_actual_trade_records_2026-09-13.csv,"{""source_project"": ""2trading"", ""source_family"": ""Rotation-stop research ledger"", ""strategy_code"": ""S3"", ""strategy_name"": ""S3 Darvas Box 돌파"", ""market"": """", ""version"": ""Rotation-stop WF v1 | no_rotation__time_20_nonpositive | one-way cost 0.10%""}",FILTER_REQUIRED_CHECK_EQUIVALENT_VERSIONS,,NOT_LINKED,,,NOT_RECORDED_BEFORE_RUN,2010-01-04,2026-08-10,1165.0,0.0389996913775165,-0.0141084463347394,Rotation-stop WF v1 | no_rotation__time_20_nonpositive | one-way cost 0.10%,Unique selected-trade ledger.,기존 결과,
2trading,Rotation-stop research ledger,S8,S8 Larry Williams 변동성 돌파,,Rotation-stop WF v1 | atr_h10_max1__natural_only | one-way cost 0.10%,1383248ffeb7b6ac0227e8a2,LEGACY_IMPORTED_NOT_CORE_V6,results/expanded_strategy_results_2026-09-13.csv,234,89e81614857d58c36670973de74eab6234ea582f5ad1c5800904826d7902d0c6,results/expanded_actual_trade_records_2026-09-13.csv,"{""source_project"": ""2trading"", ""source_family"": ""Rotation-stop research ledger"", ""strategy_code"": ""S8"", ""strategy_name"": ""S8 Larry Williams 변동성 돌파"", ""market"": """", ""version"": ""Rotation-stop WF v1 | atr_h10_max1__natural_only | one-way cost 0.10%""}",FILTER_REQUIRED_CHECK_EQUIVALENT_VERSIONS,,NOT_LINKED,,,NOT_RECORDED_BEFORE_RUN,2010-01-04,2026-08-10,1031.0,0.0611366944520756,-0.052750015258789,Rotation-stop WF v1 | atr_h10_max1__natural_only | one-way cost 0.10%,Identical selected-trade ledgers collapsed; all historical version labels retained.,기존 결과,
2trading,Rotation-stop research ledger,S8,S8 Larry Williams 변동성 돌파,,Rotation-stop WF v1 | atr_h10_unlimited__natural_only | one-way cost 0.10%,f73c2a0477b129c32a4ee1cf,LEGACY_IMPORTED_NOT_CORE_V6,results/expanded_strategy_results_2026-09-13.csv,235,89e81614857d58c36670973de74eab6234ea582f5ad1c5800904826d7902d0c6,results/expanded_actual_trade_records_2026-09-13.csv,"{""source_project"": ""2trading"", ""source_family"": ""Rotation-stop research ledger"", ""strategy_code"": ""S8"", ""strategy_name"": ""S8 Larry Williams 변동성 돌파"", ""market"": """", ""version"": ""Rotation-stop WF v1 | atr_h10_unlimited__natural_only | one-way cost 0.10%""}",FILTER_REQUIRED_CHECK_EQUIVALENT_VERSIONS,,NOT_LINKED,,,NOT_RECORDED_BEFORE_RUN,2010-01-04,2026-08-10,1034.0,0.0613787068272008,-0.0562398485047562,Rotation-stop WF v1 | atr_h10_unlimited__natural_only | one-way cost 0.10%,Identical selected-trade ledgers collapsed; all historical version labels retained.,기존 결과,
2trading,Rotation-stop research ledger,S8,S8 Larry Williams 변동성 돌파,,Rotation-stop WF v1 | atr_h25_max1__chandelier_4atr | one-way cost 0.10%,e6cd3c8e8f05a360c4d72c1a,LEGACY_IMPORTED_NOT_CORE_V6,results/expanded_strategy_results_2026-09-13.csv,236,89e81614857d58c36670973de74eab6234ea582f5ad1c5800904826d7902d0c6,results/expanded_actual_trade_records_2026-09-13.csv,"{""source_project"": ""2trading"", ""source_family"": ""Rotation-stop research ledger"", ""strategy_code"": ""S8"", ""strategy_name"": ""S8 Larry Williams 변동성 돌파"", ""market"": """", ""version"": ""Rotation-stop WF v1 | atr_h25_max1__chandelier_4atr | one-way cost 0.10%""}",FILTER_REQUIRED_CHECK_EQUIVALENT_VERSIONS,,NOT_LINKED,,,NOT_RECORDED_BEFORE_RUN,2010-01-04,2026-08-10,1346.0,0.0418545452609316,-0.0282766016269537,Rotation-stop WF v1 | atr_h25_max1__chandelier_4atr | one-way cost 0.10%,Identical selected-trade ledgers collapsed; all historical version labels retained.,기존 결과,
2trading,Rotation-stop research ledger,S8,S8 Larry Williams 변동성 돌파,,Rotation-stop WF v1 | atr_h25_max1__entry_atr_1p5 | one-way cost 0.10%,cc7988891d1b450fb7180ea1,LEGACY_IMPORTED_NOT_CORE_V6,results/expanded_strategy_results_2026-09-13.csv,237,89e81614857d58c36670973de74eab6234ea582f5ad1c5800904826d7902d0c6,results/expanded_actual_trade_records_2026-09-13.csv,"{""source_project"": ""2trading"", ""source_family"": ""Rotation-stop research ledger"", ""strategy_code"": ""S8"", ""strategy_name"": ""S8 Larry Williams 변동성 돌파"", ""market"": """", ""version"": ""Rotation-stop WF v1 | atr_h25_max1__entry_atr_1p5 | one-way cost 0.10%""}",FILTER_REQUIRED_CHECK_EQUIVALENT_VERSIONS,,NOT_LINKED,,,NOT_RECORDED_BEFORE_RUN,2010-01-04,2026-08-10,1415.0,0.0351907688792443,-0.0581200078648986,Rotation-stop WF v1 | atr_h25_max1__entry_atr_1p5 | one-way cost 0.10%,Identical selected-trade ledgers collapsed; all historical version labels retained.,기존 결과,
2trading,Rotation-stop research ledger,S8,S8 Larry Williams 변동성 돌파,,Rotation-stop WF v1 | atr_h25_max1__entry_atr_2p0 | one-way cost 0.10%,28c32b22e1f54b6e655b1aab,LEGACY_IMPORTED_NOT_CORE_V6,results/expanded_strategy_results_2026-09-13.csv,238,89e81614857d58c36670973de74eab6234ea582f5ad1c5800904826d7902d0c6,results/expanded_actual_trade_records_2026-09-13.csv,"{""source_project"": ""2trading"", ""source_family"": ""Rotation-stop research ledger"", ""strategy_code"": ""S8"", ""strategy_name"": ""S8 Larry Williams 변동성 돌파"", ""market"": """", ""version"": ""Rotation-stop WF v1 | atr_h25_max1__entry_atr_2p0 | one-way cost 0.10%""}",FILTER_REQUIRED_CHECK_EQUIVALENT_VERSIONS,,NOT_LINKED,,,NOT_RECORDED_BEFORE_RUN,2010-01-04,2026-08-10,1159.0,0.0565404261045004,-0.0631153243261355,Rotation-stop WF v1 | atr_h25_max1__entry_atr_2p0 | one-way cost 0.10%,Identical selected-trade ledgers collapsed; all historical version labels retained.,기존 결과,
2trading,Rotation-stop research ledger,S8,S8 Larry Williams 변동성 돌파,,Rotation-stop WF v1 | atr_h25_max1__hard_8pct | one-way cost 0.10%,d706c8dea12518c0ba5f4b50,LEGACY_IMPORTED_NOT_CORE_V6,results/expanded_strategy_results_2026-09-13.csv,239,89e81614857d58c36670973de74eab6234ea582f5ad1c5800904826d7902d0c6,results/expanded_actual_trade_records_2026-09-13.csv,"{""source_project"": ""2trading"", ""source_family"": ""Rotation-stop research ledger"", ""strategy_code"": ""S8"", ""strategy_name"": ""S8 Larry Williams 변동성 돌파"", ""market"": """", ""version"": ""Rotation-stop WF v1 | atr_h25_max1__hard_8pct | one-way cost 0.10%""}",FILTER_REQUIRED_CHECK_EQUIVALENT_VERSIONS,,NOT_LINKED,,,NOT_RECORDED_BEFORE_RUN,2010-01-04,2026-08-10,1342.0,0.0395496007127561,-0.0799999999999998,Rotation-stop WF v1 | atr_h25_max1__hard_8pct | one-way cost 0.10%,Identical selected-trade ledgers collapsed; all historical version labels retained.,기존 결과,
2trading,Rotation-stop research ledger,S8,S8 Larry Williams 변동성 돌파,,Rotation-stop WF v1 | atr_h25_max1__natural_only | one-way cost 0.10%,c3ce522f5b8e1b1cf672179a,LEGACY_IMPORTED_NOT_CORE_V6,results/expanded_strategy_results_2026-09-13.csv,240,89e81614857d58c36670973de74eab6234ea582f5ad1c5800904826d7902d0c6,results/expanded_actual_trade_records_2026-09-13.csv,"{""source_project"": ""2trading"", ""source_family"": ""Rotation-stop research ledger"", ""strategy_code"": ""S8"", ""strategy_name"": ""S8 Larry Williams 변동성 돌파"", ""market"": """", ""version"": ""Rotation-stop WF v1 | atr_h25_max1__natural_only | one-way cost 0.10%""}",FILTER_REQUIRED_CHECK_EQUIVALENT_VERSIONS,,NOT_LINKED,,,NOT_RECORDED_BEFORE_RUN,2010-01-04,2026-08-10,1006.0,0.0654874576737406,-0.0329377301569075,Rotation-stop WF v1 | atr_h25_max1__natural_only | one-way cost 0.10%,Identical selected-trade ledgers collapsed; all historical version labels retained.,기존 결과,
2trading,Rotation-stop research ledger,S8,S8 Larry Williams 변동성 돌파,,Rotation-stop WF v1 | atr_h25_unlimited__hard_8pct | one-way cost 0.10%,078297572253a5ecef159cd3,LEGACY_IMPORTED_NOT_CORE_V6,results/expanded_strategy_results_2026-09-13.csv,241,89e81614857d58c36670973de74eab6234ea582f5ad1c5800904826d7902d0c6,results/expanded_actual_trade_records_2026-09-13.csv,"{""source_project"": ""2trading"", ""source_family"": ""Rotation-stop research ledger"", ""strategy_code"": ""S8"", ""strategy_name"": ""S8 Larry Williams 변동성 돌파"", ""market"": """", ""version"": ""Rotation-stop WF v1 | atr_h25_unlimited__hard_8pct | one-way cost 0.10%""}",FILTER_REQUIRED_CHECK_EQUIVALENT_VERSIONS,,NOT_LINKED,,,NOT_RECORDED_BEFORE_RUN,2010-01-04,2026-08-10,1341.0,0.0396447183511223,-0.0799999999999998,Rotation-stop WF v1 | atr_h25_unlimited__hard_8pct | one-way cost 0.10%,Unique selected-trade ledger.,기존 결과,
2trading,Rotation-stop research ledger,S8,S8 Larry Williams 변동성 돌파,,Rotation-stop WF v1 | atr_h50_max1__natural_only | one-way cost 0.10%,44b545388548baafe801fa43,LEGACY_IMPORTED_NOT_CORE_V6,results/expanded_strategy_results_2026-09-13.csv,242,89e81614857d58c36670973de74eab6234ea582f5ad1c5800904826d7902d0c6,results/expanded_actual_trade_records_2026-09-13.csv,"{""source_project"": ""2trading"", ""source_family"": ""Rotation-stop research ledger"", ""strategy_code"": ""S8"", ""strategy_name"": ""S8 Larry Williams 변동성 돌파"", ""market"": """", ""version"": ""Rotation-stop WF v1 | atr_h50_max1__natural_only | one-way cost 0.10%""}",FILTER_REQUIRED_CHECK_EQUIVALENT_VERSIONS,,NOT_LINKED,,,NOT_RECORDED_BEFORE_RUN,2010-01-04,2026-08-10,1038.0,0.0603784848621988,-0.0511040678682331,Rotation-stop WF v1 | atr_h50_max1__natural_only | one-way cost 0.10%,Identical selected-trade ledgers collapsed; all historical version labels retained.,기존 결과,
2trading,Rotation-stop research ledger,S8,S8 Larry Williams 변동성 돌파,,Rotation-stop WF v1 | composite_h10_max1__natural_only | one-way cost 0.10%,d1a4e830eee4962aa759cd99,LEGACY_IMPORTED_NOT_CORE_V6,results/expanded_strategy_results_2026-09-13.csv,243,89e81614857d58c36670973de74eab6234ea582f5ad1c5800904826d7902d0c6,results/expanded_actual_trade_records_2026-09-13.csv,"{""source_project"": ""2trading"", ""source_family"": ""Rotation-stop research ledger"", ""strategy_code"": ""S8"", ""strategy_name"": ""S8 Larry Williams 변동성 돌파"", ""market"": """", ""version"": ""Rotation-stop WF v1 | composite_h10_max1__natural_only | one-way cost 0.10%""}",FILTER_REQUIRED_CHECK_EQUIVALENT_VERSIONS,,NOT_LINKED,,,NOT_RECORDED_BEFORE_RUN,2010-01-04,2026-08-10,1140.0,0.0481126771467603,-0.0596208671568918,Rotation-stop WF v1 | composite_h10_max1__natural_only | one-way cost 0.10%,Unique selected-trade ledger.,기존 결과,
2trading,Rotation-stop research ledger,S8,S8 Larry Williams 변동성 돌파,,Rotation-stop WF v1 | composite_h10_unlimited__natural_only | one-way cost 0.10%,9fb3f497cac9febc640c8092,LEGACY_IMPORTED_NOT_CORE_V6,results/expanded_strategy_results_2026-09-13.csv,244,89e81614857d58c36670973de74eab6234ea582f5ad1c5800904826d7902d0c6,results/expanded_actual_trade_records_2026-09-13.csv,"{""source_project"": ""2trading"", ""source_family"": ""Rotation-stop research ledger"", ""strategy_code"": ""S8"", ""strategy_name"": ""S8 Larry Williams 변동성 돌파"", ""market"": """", ""version"": ""Rotation-stop WF v1 | composite_h10_unlimited__natural_only | one-way cost 0.10%""}",FILTER_REQUIRED_CHECK_EQUIVALENT_VERSIONS,,NOT_LINKED,,,NOT_RECORDED_BEFORE_RUN,2010-01-04,2026-08-10,1139.0,0.049043502757299,-0.0537601832596366,Rotation-stop WF v1 | composite_h10_unlimited__natural_only | one-way cost 0.10%,Unique selected-trade ledger.,기존 결과,
2trading,Rotation-stop research ledger,S8,S8 Larry Williams 변동성 돌파,,Rotation-stop WF v1 | composite_h25_max1__natural_only | one-way cost 0.10%,734b7070e1a0ca97eb586600,LEGACY_IMPORTED_NOT_CORE_V6,results/expanded_strategy_results_2026-09-13.csv,245,89e81614857d58c36670973de74eab6234ea582f5ad1c5800904826d7902d0c6,results/expanded_actual_trade_records_2026-09-13.csv,"{""source_project"": ""2trading"", ""source_family"": ""Rotation-stop research ledger"", ""strategy_code"": ""S8"", ""strategy_name"": ""S8 Larry Williams 변동성 돌파"", ""market"": """", ""version"": ""Rotation-stop WF v1 | composite_h25_max1__natural_only | one-way cost 0.10%""}",FILTER_REQUIRED_CHECK_EQUIVALENT_VERSIONS,,NOT_LINKED,,,NOT_RECORDED_BEFORE_RUN,2010-01-04,2026-08-10,1107.0,0.0510067842718415,-0.0599058166066117,Rotation-stop WF v1 | composite_h25_max1__natural_only | one-way cost 0.10%,Unique selected-trade ledger.,기존 결과,
2trading,Rotation-stop research ledger,S8,S8 Larry Williams 변동성 돌파,,Rotation-stop WF v1 | composite_h25_max1_loser__natural_only | one-way cost 0.10%,f85253e527309d7bef66ae54,LEGACY_IMPORTED_NOT_CORE_V6,results/expanded_strategy_results_2026-09-13.csv,246,89e81614857d58c36670973de74eab6234ea582f5ad1c5800904826d7902d0c6,results/expanded_actual_trade_records_2026-09-13.csv,"{""source_project"": ""2trading"", ""source_family"": ""Rotation-stop research ledger"", ""strategy_code"": ""S8"", ""strategy_name"": ""S8 Larry Williams 변동성 돌파"", ""market"": """", ""version"": ""Rotation-stop WF v1 | composite_h25_max1_loser__natural_only | one-way cost 0.10%""}",FILTER_REQUIRED_CHECK_EQUIVALENT_VERSIONS,,NOT_LINKED,,,NOT_RECORDED_BEFORE_RUN,2010-01-04,2026-08-10,1094.0,0.0513913073079925,-0.0589970648858064,Rotation-stop WF v1 | composite_h25_max1_loser__natural_only | one-way cost 0.10%,Unique selected-trade ledger.,기존 결과,
2trading,Rotation-stop research ledger,S8,S8 Larry Williams 변동성 돌파,,Rotation-stop WF v1 | composite_h25_max1_stale20__natural_only | one-way cost 0.10%,11e88171e549a5fbf3017603,LEGACY_IMPORTED_NOT_CORE_V6,results/expanded_strategy_results_2026-09-13.csv,247,89e81614857d58c36670973de74eab6234ea582f5ad1c5800904826d7902d0c6,results/expanded_actual_trade_records_2026-09-13.csv,"{""source_project"": ""2trading"", ""source_family"": ""Rotation-stop research ledger"", ""strategy_code"": ""S8"", ""strategy_name"": ""S8 Larry Williams 변동성 돌파"", ""market"": """", ""version"": ""Rotation-stop WF v1 | composite_h25_max1_stale20__natural_only | one-way cost 0.10%""}",FILTER_REQUIRED_CHECK_EQUIVALENT_VERSIONS,,NOT_LINKED,,,NOT_RECORDED_BEFORE_RUN,2010-01-04,2026-08-10,1098.0,0.0475149468682417,-0.0609740495048536,Rotation-stop WF v1 | composite_h25_max1_stale20__natural_only | one-way cost 0.10%,Unique selected-trade ledger.,기존 결과,
2trading,Rotation-stop research ledger,S8,S8 Larry Williams 변동성 돌파,,Rotation-stop WF v1 | composite_h25_unlimited__natural_only | one-way cost 0.10%,9a4eedcc2bb07970e1636b42,LEGACY_IMPORTED_NOT_CORE_V6,results/expanded_strategy_results_2026-09-13.csv,248,89e81614857d58c36670973de74eab6234ea582f5ad1c5800904826d7902d0c6,results/expanded_actual_trade_records_2026-09-13.csv,"{""source_project"": ""2trading"", ""source_family"": ""Rotation-stop research ledger"", ""strategy_code"": ""S8"", ""strategy_name"": ""S8 Larry Williams 변동성 돌파"", ""market"": """", ""version"": ""Rotation-stop WF v1 | composite_h25_unlimited__natural_only | one-way cost 0.10%""}",FILTER_REQUIRED_CHECK_EQUIVALENT_VERSIONS,,NOT_LINKED,,,NOT_RECORDED_BEFORE_RUN,2010-01-04,2026-08-10,1107.0,0.0550837645281447,-0.0589869856282174,Rotation-stop WF v1 | composite_h25_unlimited__natural_only | one-way cost 0.10%,Unique selected-trade ledger.,기존 결과,
2trading,Rotation-stop research ledger,S8,S8 Larry Williams 변동성 돌파,,Rotation-stop WF v1 | composite_h50_max1__natural_only | one-way cost 0.10%,0aa7fadf30a9108fba93d44c,LEGACY_IMPORTED_NOT_CORE_V6,results/expanded_strategy_results_2026-09-13.csv,249,89e81614857d58c36670973de74eab6234ea582f5ad1c5800904826d7902d0c6,results/expanded_actual_trade_records_2026-09-13.csv,"{""source_project"": ""2trading"", ""source_family"": ""Rotation-stop research ledger"", ""strategy_code"": ""S8"", ""strategy_name"": ""S8 Larry Williams 변동성 돌파"", ""market"": """", ""version"": ""Rotation-stop WF v1 | composite_h50_max1__natural_only | one-way cost 0.10%""}",FILTER_REQUIRED_CHECK_EQUIVALENT_VERSIONS,,NOT_LINKED,,,NOT_RECORDED_BEFORE_RUN,2010-01-04,2026-08-10,1085.0,0.0452942066360238,-0.0609253226936636,Rotation-stop WF v1 | composite_h50_max1__natural_only | one-way cost 0.10%,Identical selected-trade ledgers collapsed; all historical version labels retained.,기존 결과,
2trading,Rotation-stop research ledger,S8,S8 Larry Williams 변동성 돌파,,Rotation-stop WF v1 | dynamic_h10_max1__entry_atr_1p5 | one-way cost 0.10%,8d0885bdea09eac5a3d2a148,LEGACY_IMPORTED_NOT_CORE_V6,results/expanded_strategy_results_2026-09-13.csv,250,89e81614857d58c36670973de74eab6234ea582f5ad1c5800904826d7902d0c6,results/expanded_actual_trade_records_2026-09-13.csv,"{""source_project"": ""2trading"", ""source_family"": ""Rotation-stop research ledger"", ""strategy_code"": ""S8"", ""strategy_name"": ""S8 Larry Williams 변동성 돌파"", ""market"": """", ""version"": ""Rotation-stop WF v1 | dynamic_h10_max1__entry_atr_1p5 | one-way cost 0.10%""}",FILTER_REQUIRED_CHECK_EQUIVALENT_VERSIONS,,NOT_LINKED,,,NOT_RECORDED_BEFORE_RUN,2010-01-04,2026-08-10,1580.0,0.0235093844037174,-0.045545325500784,Rotation-stop WF v1 | dynamic_h10_max1__entry_atr_1p5 | one-way cost 0.10%,Unique selected-trade ledger.,기존 결과,
2trading,Rotation-stop research ledger,S8,S8 Larry Williams 변동성 돌파,,Rotation-stop WF v1 | dynamic_h10_max1__entry_atr_2p0 | one-way cost 0.10%,3ef399a9145e9d876577b8ff,LEGACY_IMPORTED_NOT_CORE_V6,results/expanded_strategy_results_2026-09-13.csv,251,89e81614857d58c36670973de74eab6234ea582f5ad1c5800904826d7902d0c6,results/expanded_actual_trade_records_2026-09-13.csv,"{""source_project"": ""2trading"", ""source_family"": ""Rotation-stop research ledger"", ""strategy_code"": ""S8"", ""strategy_name"": ""S8 Larry Williams 변동성 돌파"", ""market"": """", ""version"": ""Rotation-stop WF v1 | dynamic_h10_max1__entry_atr_2p0 | one-way cost 0.10%""}",FILTER_REQUIRED_CHECK_EQUIVALENT_VERSIONS,,NOT_LINKED,,,NOT_RECORDED_BEFORE_RUN,2010-01-04,2026-08-10,1346.0,0.0380449081104032,-0.0507399162715948,Rotation-stop WF v1 | dynamic_h10_max1__entry_atr_2p0 | one-way cost 0.10%,Unique selected-trade ledger.,기존 결과,
2trading,Rotation-stop research ledger,S8,S8 Larry Williams 변동성 돌파,,Rotation-stop WF v1 | dynamic_h10_max1__hard_8pct | one-way cost 0.10%,2cb77eb34087193bf365dc3d,LEGACY_IMPORTED_NOT_CORE_V6,results/expanded_strategy_results_2026-09-13.csv,252,89e81614857d58c36670973de74eab6234ea582f5ad1c5800904826d7902d0c6,results/expanded_actual_trade_records_2026-09-13.csv,"{""source_project"": ""2trading"", ""source_family"": ""Rotation-stop research ledger"", ""strategy_code"": ""S8"", ""strategy_name"": ""S8 Larry Williams 변동성 돌파"", ""market"": """", ""version"": ""Rotation-stop WF v1 | dynamic_h10_max1__hard_8pct | one-way cost 0.10%""}",FILTER_REQUIRED_CHECK_EQUIVALENT_VERSIONS,,NOT_LINKED,,,NOT_RECORDED_BEFORE_RUN,2010-01-04,2026-08-10,1408.0,0.0284712758793815,-0.0713651172095365,Rotation-stop WF v1 | dynamic_h10_max1__hard_8pct | one-way cost 0.10%,Unique selected-trade ledger.,기존 결과,
2trading,Rotation-stop research ledger,S8,S8 Larry Williams 변동성 돌파,,Rotation-stop WF v1 | dynamic_h10_max1__natural_only | one-way cost 0.10%,e6e23198a365176b4c7305da,LEGACY_IMPORTED_NOT_CORE_V6,results/expanded_strategy_results_2026-09-13.csv,253,89e81614857d58c36670973de74eab6234ea582f5ad1c5800904826d7902d0c6,results/expanded_actual_trade_records_2026-09-13.csv,"{""source_project"": ""2trading"", ""source_family"": ""Rotation-stop research ledger"", ""strategy_code"": ""S8"", ""strategy_name"": ""S8 Larry Williams 변동성 돌파"", ""market"": """", ""version"": ""Rotation-stop WF v1 | dynamic_h10_max1__natural_only | one-way cost 0.10%""}",FILTER_REQUIRED_CHECK_EQUIVALENT_VERSIONS,,NOT_LINKED,,,NOT_RECORDED_BEFORE_RUN,2010-01-04,2026-08-10,1195.0,0.0456348461055181,-0.0440606925570095,Rotation-stop WF v1 | dynamic_h10_max1__natural_only | one-way cost 0.10%,Unique selected-trade ledger.,기존 결과,
2trading,Rotation-stop research ledger,S8,S8 Larry Williams 변동성 돌파,,Rotation-stop WF v1 | dynamic_h10_unlimited__chandelier_4atr | one-way cost 0.10%,390217c0fe1e6e2f35ba7d88,LEGACY_IMPORTED_NOT_CORE_V6,results/expanded_strategy_results_2026-09-13.csv,254,89e81614857d58c36670973de74eab6234ea582f5ad1c5800904826d7902d0c6,results/expanded_actual_trade_records_2026-09-13.csv,"{""source_project"": ""2trading"", ""source_family"": ""Rotation-stop research ledger"", ""strategy_code"": ""S8"", ""strategy_name"": ""S8 Larry Williams 변동성 돌파"", ""market"": """", ""version"": ""Rotation-stop WF v1 | dynamic_h10_unlimited__chandelier_4atr | one-way cost 0.10%""}",FILTER_REQUIRED_CHECK_EQUIVALENT_VERSIONS,,NOT_LINKED,,,NOT_RECORDED_BEFORE_RUN,2010-01-04,2026-08-10,1463.0,0.0300071934145951,-0.0319649469729871,Rotation-stop WF v1 | dynamic_h10_unlimited__chandelier_4atr | one-way cost 0.10%,Unique selected-trade ledger.,기존 결과,
2trading,Rotation-stop research ledger,S8,S8 Larry Williams 변동성 돌파,,Rotation-stop WF v1 | dynamic_h10_unlimited__entry_atr_1p5 | one-way cost 0.10%,ad233bc1b820e52ac1fd7185,LEGACY_IMPORTED_NOT_CORE_V6,results/expanded_strategy_results_2026-09-13.csv,255,89e81614857d58c36670973de74eab6234ea582f5ad1c5800904826d7902d0c6,results/expanded_actual_trade_records_2026-09-13.csv,"{""source_project"": ""2trading"", ""source_family"": ""Rotation-stop research ledger"", ""strategy_code"": ""S8"", ""strategy_name"": ""S8 Larry Williams 변동성 돌파"", ""market"": """", ""version"": ""Rotation-stop WF v1 | dynamic_h10_unlimited__entry_atr_1p5 | one-way cost 0.10%""}",FILTER_REQUIRED_CHECK_EQUIVALENT_VERSIONS,,NOT_LINKED,,,NOT_RECORDED_BEFORE_RUN,2010-01-04,2026-08-10,1587.0,0.0228447752065462,-0.0454736102890905,Rotation-stop WF v1 | dynamic_h10_unlimited__entry_atr_1p5 | one-way cost 0.10%,Unique selected-trade ledger.,기존 결과,
2trading,Rotation-stop research ledger,S8,S8 Larry Williams 변동성 돌파,,Rotation-stop WF v1 | dynamic_h10_unlimited__entry_atr_2p0 | one-way cost 0.10%,bda6da86b4b569f39ba90a9f,LEGACY_IMPORTED_NOT_CORE_V6,results/expanded_strategy_results_2026-09-13.csv,256,89e81614857d58c36670973de74eab6234ea582f5ad1c5800904826d7902d0c6,results/expanded_actual_trade_records_2026-09-13.csv,"{""source_project"": ""2trading"", ""source_family"": ""Rotation-stop research ledger"", ""strategy_code"": ""S8"", ""strategy_name"": ""S8 Larry Williams 변동성 돌파"", ""market"": """", ""version"": ""Rotation-stop WF v1 | dynamic_h10_unlimited__entry_atr_2p0 | one-way cost 0.10%""}",FILTER_REQUIRED_CHECK_EQUIVALENT_VERSIONS,,NOT_LINKED,,,NOT_RECORDED_BEFORE_RUN,2010-01-04,2026-08-10,1363.0,0.0327634002113171,-0.0508646762143348,Rotation-stop WF v1 | dynamic_h10_unlimited__entry_atr_2p0 | one-way cost 0.10%,Unique selected-trade ledger.,기존 결과,
2trading,Rotation-stop research ledger,S8,S8 Larry Williams 변동성 돌파,,Rotation-stop WF v1 | dynamic_h10_unlimited__hard_8pct | one-way cost 0.10%,b79b422284a03a088d811ba8,LEGACY_IMPORTED_NOT_CORE_V6,results/expanded_strategy_results_2026-09-13.csv,257,89e81614857d58c36670973de74eab6234ea582f5ad1c5800904826d7902d0c6,results/expanded_actual_trade_records_2026-09-13.csv,"{""source_project"": ""2trading"", ""source_family"": ""Rotation-stop research ledger"", ""strategy_code"": ""S8"", ""strategy_name"": ""S8 Larry Williams 변동성 돌파"", ""market"": """", ""version"": ""Rotation-stop WF v1 | dynamic_h10_unlimited__hard_8pct | one-way cost 0.10%""}",FILTER_REQUIRED_CHECK_EQUIVALENT_VERSIONS,,NOT_LINKED,,,NOT_RECORDED_BEFORE_RUN,2010-01-04,2026-08-10,1380.0,0.0321313277159021,-0.0713209002228723,Rotation-stop WF v1 | dynamic_h10_unlimited__hard_8pct | one-way cost 0.10%,Unique selected-trade ledger.,기존 결과,
2trading,Rotation-stop research ledger,S8,S8 Larry Williams 변동성 돌파,,Rotation-stop WF v1 | dynamic_h10_unlimited__natural_only | one-way cost 0.10%,382db848978585e76763b891,LEGACY_IMPORTED_NOT_CORE_V6,results/expanded_strategy_results_2026-09-13.csv,258,89e81614857d58c36670973de74eab6234ea582f5ad1c5800904826d7902d0c6,results/expanded_actual_trade_records_2026-09-13.csv,"{""source_project"": ""2trading"", ""source_family"": ""Rotation-stop research ledger"", ""strategy_code"": ""S8"", ""strategy_name"": ""S8 Larry Williams 변동성 돌파"", ""market"": """", ""version"": ""Rotation-stop WF v1 | dynamic_h10_unlimited__natural_only | one-way cost 0.10%""}",FILTER_REQUIRED_CHECK_EQUIVALENT_VERSIONS,,NOT_LINKED,,,NOT_RECORDED_BEFORE_RUN,2010-01-04,2026-08-10,1192.0,0.0450163929680455,-0.0406890075000034,Rotation-stop WF v1 | dynamic_h10_unlimited__natural_only | one-way cost 0.10%,Unique selected-trade ledger.,기존 결과,
2trading,Rotation-stop research ledger,S8,S8 Larry Williams 변동성 돌파,,Rotation-stop WF v1 | dynamic_h25_max1__chandelier_3atr | one-way cost 0.10%,1461fd5951c1206d7ebfff3e,LEGACY_IMPORTED_NOT_CORE_V6,results/expanded_strategy_results_2026-09-13.csv,259,89e81614857d58c36670973de74eab6234ea582f5ad1c5800904826d7902d0c6,results/expanded_actual_trade_records_2026-09-13.csv,"{""source_project"": ""2trading"", ""source_family"": ""Rotation-stop research ledger"", ""strategy_code"": ""S8"", ""strategy_name"": ""S8 Larry Williams 변동성 돌파"", ""market"": """", ""version"": ""Rotation-stop WF v1 | dynamic_h25_max1__chandelier_3atr | one-way cost 0.10%""}",FILTER_REQUIRED_CHECK_EQUIVALENT_VERSIONS,,NOT_LINKED,,,NOT_RECORDED_BEFORE_RUN,2010-01-04,2026-08-10,1833.0,0.0182262370328021,-0.02643144908298,Rotation-stop WF v1 | dynamic_h25_max1__chandelier_3atr | one-way cost 0.10%,Unique selected-trade ledger.,기존 결과,
2trading,Rotation-stop research ledger,S8,S8 Larry Williams 변동성 돌파,,Rotation-stop WF v1 | dynamic_h25_max1__entry_atr_1p5 | one-way cost 0.10%,b1194f1609040f0dbf085ca9,LEGACY_IMPORTED_NOT_CORE_V6,results/expanded_strategy_results_2026-09-13.csv,260,89e81614857d58c36670973de74eab6234ea582f5ad1c5800904826d7902d0c6,results/expanded_actual_trade_records_2026-09-13.csv,"{""source_project"": ""2trading"", ""source_family"": ""Rotation-stop research ledger"", ""strategy_code"": ""S8"", ""strategy_name"": ""S8 Larry Williams 변동성 돌파"", ""market"": """", ""version"": ""Rotation-stop WF v1 | dynamic_h25_max1__entry_atr_1p5 | one-way cost 0.10%""}",FILTER_REQUIRED_CHECK_EQUIVALENT_VERSIONS,,NOT_LINKED,,,NOT_RECORDED_BEFORE_RUN,2010-01-04,2026-08-10,1581.0,0.0234527591327049,-0.0455279577155155,Rotation-stop WF v1 | dynamic_h25_max1__entry_atr_1p5 | one-way cost 0.10%,Unique selected-trade ledger.,기존 결과,
2trading,Rotation-stop research ledger,S8,S8 Larry Williams 변동성 돌파,,Rotation-stop WF v1 | dynamic_h25_max1__hard_8pct | one-way cost 0.10%,8c760c4e0827239b62629792,LEGACY_IMPORTED_NOT_CORE_V6,results/expanded_strategy_results_2026-09-13.csv,261,89e81614857d58c36670973de74eab6234ea582f5ad1c5800904826d7902d0c6,results/expanded_actual_trade_records_2026-09-13.csv,"{""source_project"": ""2trading"", ""source_family"": ""Rotation-stop research ledger"", ""strategy_code"": ""S8"", ""strategy_name"": ""S8 Larry Williams 변동성 돌파"", ""market"": """", ""version"": ""Rotation-stop WF v1 | dynamic_h25_max1__hard_8pct | one-way cost 0.10%""}",FILTER_REQUIRED_CHECK_EQUIVALENT_VERSIONS,,NOT_LINKED,,,NOT_RECORDED_BEFORE_RUN,2010-01-04,2026-08-10,1400.0,0.0292343598835861,-0.0799999999999997,Rotation-stop WF v1 | dynamic_h25_max1__hard_8pct | one-way cost 0.10%,Unique selected-trade ledger.,기존 결과,
2trading,Rotation-stop research ledger,S8,S8 Larry Williams 변동성 돌파,,Rotation-stop WF v1 | dynamic_h25_max1__natural_only | one-way cost 0.10%,da14eca7cf97d3e48c32421b,LEGACY_IMPORTED_NOT_CORE_V6,results/expanded_strategy_results_2026-09-13.csv,262,89e81614857d58c36670973de74eab6234ea582f5ad1c5800904826d7902d0c6,results/expanded_actual_trade_records_2026-09-13.csv,"{""source_project"": ""2trading"", ""source_family"": ""Rotation-stop research ledger"", ""strategy_code"": ""S8"", ""strategy_name"": ""S8 Larry Williams 변동성 돌파"", ""market"": """", ""version"": ""Rotation-stop WF v1 | dynamic_h25_max1__natural_only | one-way cost 0.10%""}",FILTER_REQUIRED_CHECK_EQUIVALENT_VERSIONS,,NOT_LINKED,,,NOT_RECORDED_BEFORE_RUN,2010-01-04,2026-08-10,1152.0,0.0463011641368416,-0.0499979509164116,Rotation-stop WF v1 | dynamic_h25_max1__natural_only | one-way cost 0.10%,Unique selected-trade ledger.,기존 결과,
2trading,Rotation-stop research ledger,S8,S8 Larry Williams 변동성 돌파,,Rotation-stop WF v1 | dynamic_h25_max1_loser__chandelier_3atr | one-way cost 0.10%,802321147e48962d32196114,LEGACY_IMPORTED_NOT_CORE_V6,results/expanded_strategy_results_2026-09-13.csv,263,89e81614857d58c36670973de74eab6234ea582f5ad1c5800904826d7902d0c6,results/expanded_actual_trade_records_2026-09-13.csv,"{""source_project"": ""2trading"", ""source_family"": ""Rotation-stop research ledger"", ""strategy_code"": ""S8"", ""strategy_name"": ""S8 Larry Williams 변동성 돌파"", ""market"": """", ""version"": ""Rotation-stop WF v1 | dynamic_h25_max1_loser__chandelier_3atr | one-way cost 0.10%""}",FILTER_REQUIRED_CHECK_EQUIVALENT_VERSIONS,,NOT_LINKED,,,NOT_RECORDED_BEFORE_RUN,2010-01-04,2026-08-10,1804.0,0.0212526989247663,-0.0255598102557621,Rotation-stop WF v1 | dynamic_h25_max1_loser__chandelier_3atr | one-way cost 0.10%,Unique selected-trade ledger.,기존 결과,
2trading,Rotation-stop research ledger,S8,S8 Larry Williams 변동성 돌파,,Rotation-stop WF v1 | dynamic_h25_max1_loser__chandelier_4atr | one-way cost 0.10%,89d45fa5c43bbbe746aee6af,LEGACY_IMPORTED_NOT_CORE_V6,results/expanded_strategy_results_2026-09-13.csv,264,89e81614857d58c36670973de74eab6234ea582f5ad1c5800904826d7902d0c6,results/expanded_actual_trade_records_2026-09-13.csv,"{""source_project"": ""2trading"", ""source_family"": ""Rotation-stop research ledger"", ""strategy_code"": ""S8"", ""strategy_name"": ""S8 Larry Williams 변동성 돌파"", ""market"": """", ""version"": ""Rotation-stop WF v1 | dynamic_h25_max1_loser__chandelier_4atr | one-way cost 0.10%""}",FILTER_REQUIRED_CHECK_EQUIVALENT_VERSIONS,,NOT_LINKED,,,NOT_RECORDED_BEFORE_RUN,2010-01-04,2026-08-10,1419.0,0.0281963016756819,-0.0373400759259253,Rotation-stop WF v1 | dynamic_h25_max1_loser__chandelier_4atr | one-way cost 0.10%,Unique selected-trade ledger.,기존 결과,
2trading,Rotation-stop research ledger,S8,S8 Larry Williams 변동성 돌파,,Rotation-stop WF v1 | dynamic_h25_max1_loser__entry_atr_1p5 | one-way cost 0.10%,6e79aa6f4c79517e5a60eb58,LEGACY_IMPORTED_NOT_CORE_V6,results/expanded_strategy_results_2026-09-13.csv,265,89e81614857d58c36670973de74eab6234ea582f5ad1c5800904826d7902d0c6,results/expanded_actual_trade_records_2026-09-13.csv,"{""source_project"": ""2trading"", ""source_family"": ""Rotation-stop research ledger"", ""strategy_code"": ""S8"", ""strategy_name"": ""S8 Larry Williams 변동성 돌파"", ""market"": """", ""version"": ""Rotation-stop WF v1 | dynamic_h25_max1_loser__entry_atr_1p5 | one-way cost 0.10%""}",FILTER_REQUIRED_CHECK_EQUIVALENT_VERSIONS,,NOT_LINKED,,,NOT_RECORDED_BEFORE_RUN,2010-01-04,2026-08-10,1576.0,0.0250792081276625,-0.0458265414738573,Rotation-stop WF v1 | dynamic_h25_max1_loser__entry_atr_1p5 | one-way cost 0.10%,Unique selected-trade ledger.,기존 결과,
2trading,Rotation-stop research ledger,S8,S8 Larry Williams 변동성 돌파,,Rotation-stop WF v1 | dynamic_h25_max1_loser__entry_atr_2p0 | one-way cost 0.10%,2faa01394d0d4c6ceaca718a,LEGACY_IMPORTED_NOT_CORE_V6,results/expanded_strategy_results_2026-09-13.csv,266,89e81614857d58c36670973de74eab6234ea582f5ad1c5800904826d7902d0c6,results/expanded_actual_trade_records_2026-09-13.csv,"{""source_project"": ""2trading"", ""source_family"": ""Rotation-stop research ledger"", ""strategy_code"": ""S8"", ""strategy_name"": ""S8 Larry Williams 변동성 돌파"", ""market"": """", ""version"": ""Rotation-stop WF v1 | dynamic_h25_max1_loser__entry_atr_2p0 | one-way cost 0.10%""}",FILTER_REQUIRED_CHECK_EQUIVALENT_VERSIONS,,NOT_LINKED,,,NOT_RECORDED_BEFORE_RUN,2010-01-04,2026-08-10,1301.0,0.0404050100982626,-0.0514393005568405,Rotation-stop WF v1 | dynamic_h25_max1_loser__entry_atr_2p0 | one-way cost 0.10%,Unique selected-trade ledger.,기존 결과,
2trading,Rotation-stop research ledger,S8,S8 Larry Williams 변동성 돌파,,Rotation-stop WF v1 | dynamic_h25_max1_loser__hard_8pct | one-way cost 0.10%,410d3a252a15c63bc2bcf34a,LEGACY_IMPORTED_NOT_CORE_V6,results/expanded_strategy_results_2026-09-13.csv,267,89e81614857d58c36670973de74eab6234ea582f5ad1c5800904826d7902d0c6,results/expanded_actual_trade_records_2026-09-13.csv,"{""source_project"": ""2trading"", ""source_family"": ""Rotation-stop research ledger"", ""strategy_code"": ""S8"", ""strategy_name"": ""S8 Larry Williams 변동성 돌파"", ""market"": """", ""version"": ""Rotation-stop WF v1 | dynamic_h25_max1_loser__hard_8pct | one-way cost 0.10%""}",FILTER_REQUIRED_CHECK_EQUIVALENT_VERSIONS,,NOT_LINKED,,,NOT_RECORDED_BEFORE_RUN,2010-01-04,2026-08-10,1372.0,0.0279694724663012,-0.0799999999999997,Rotation-stop WF v1 | dynamic_h25_max1_loser__hard_8pct | one-way cost 0.10%,Unique selected-trade ledger.,기존 결과,
2trading,Rotation-stop research ledger,S8,S8 Larry Williams 변동성 돌파,,Rotation-stop WF v1 | dynamic_h25_max1_loser__natural_only | one-way cost 0.10%,e317f565ef1f124edfea211d,LEGACY_IMPORTED_NOT_CORE_V6,results/expanded_strategy_results_2026-09-13.csv,268,89e81614857d58c36670973de74eab6234ea582f5ad1c5800904826d7902d0c6,results/expanded_actual_trade_records_2026-09-13.csv,"{""source_project"": ""2trading"", ""source_family"": ""Rotation-stop research ledger"", ""strategy_code"": ""S8"", ""strategy_name"": ""S8 Larry Williams 변동성 돌파"", ""market"": """", ""version"": ""Rotation-stop WF v1 | dynamic_h25_max1_loser__natural_only | one-way cost 0.10%""}",FILTER_REQUIRED_CHECK_EQUIVALENT_VERSIONS,,NOT_LINKED,,,NOT_RECORDED_BEFORE_RUN,2010-01-04,2026-08-10,1142.0,0.0443270063044028,-0.0504020970425744,Rotation-stop WF v1 | dynamic_h25_max1_loser__natural_only | one-way cost 0.10%,Unique selected-trade ledger.,기존 결과,
2trading,Rotation-stop research ledger,S8,S8 Larry Williams 변동성 돌파,,Rotation-stop WF v1 | dynamic_h25_max1_stale20__chandelier_3atr | one-way cost 0.10%,e561e44b391981a9fe768cf9,LEGACY_IMPORTED_NOT_CORE_V6,results/expanded_strategy_results_2026-09-13.csv,269,89e81614857d58c36670973de74eab6234ea582f5ad1c5800904826d7902d0c6,results/expanded_actual_trade_records_2026-09-13.csv,"{""source_project"": ""2trading"", ""source_family"": ""Rotation-stop research ledger"", ""strategy_code"": ""S8"", ""strategy_name"": ""S8 Larry Williams 변동성 돌파"", ""market"": """", ""version"": ""Rotation-stop WF v1 | dynamic_h25_max1_stale20__chandelier_3atr | one-way cost 0.10%""}",FILTER_REQUIRED_CHECK_EQUIVALENT_VERSIONS,,NOT_LINKED,,,NOT_RECORDED_BEFORE_RUN,2010-01-04,2026-08-10,1796.0,0.0211286280988622,-0.0257763783348485,Rotation-stop WF v1 | dynamic_h25_max1_stale20__chandelier_3atr | one-way cost 0.10%,Unique selected-trade ledger.,기존 결과,
2trading,Rotation-stop research ledger,S8,S8 Larry Williams 변동성 돌파,,Rotation-stop WF v1 | dynamic_h25_max1_stale20__chandelier_4atr | one-way cost 0.10%,42cf98130dd1d0b9c02d21fc,LEGACY_IMPORTED_NOT_CORE_V6,results/expanded_strategy_results_2026-09-13.csv,270,89e81614857d58c36670973de74eab6234ea582f5ad1c5800904826d7902d0c6,results/expanded_actual_trade_records_2026-09-13.csv,"{""source_project"": ""2trading"", ""source_family"": ""Rotation-stop research ledger"", ""strategy_code"": ""S8"", ""strategy_name"": ""S8 Larry Williams 변동성 돌파"", ""market"": """", ""version"": ""Rotation-stop WF v1 | dynamic_h25_max1_stale20__chandelier_4atr | one-way cost 0.10%""}",FILTER_REQUIRED_CHECK_EQUIVALENT_VERSIONS,,NOT_LINKED,,,NOT_RECORDED_BEFORE_RUN,2010-01-04,2026-08-10,1409.0,0.030887455644438,-0.0372096709438257,Rotation-stop WF v1 | dynamic_h25_max1_stale20__chandelier_4atr | one-way cost 0.10%,Unique selected-trade ledger.,기존 결과,
2trading,Rotation-stop research ledger,S8,S8 Larry Williams 변동성 돌파,,Rotation-stop WF v1 | dynamic_h25_max1_stale20__entry_atr_1p5 | one-way cost 0.10%,e11f5610ec267c9790656607,LEGACY_IMPORTED_NOT_CORE_V6,results/expanded_strategy_results_2026-09-13.csv,271,89e81614857d58c36670973de74eab6234ea582f5ad1c5800904826d7902d0c6,results/expanded_actual_trade_records_2026-09-13.csv,"{""source_project"": ""2trading"", ""source_family"": ""Rotation-stop research ledger"", ""strategy_code"": ""S8"", ""strategy_name"": ""S8 Larry Williams 변동성 돌파"", ""market"": """", ""version"": ""Rotation-stop WF v1 | dynamic_h25_max1_stale20__entry_atr_1p5 | one-way cost 0.10%""}",FILTER_REQUIRED_CHECK_EQUIVALENT_VERSIONS,,NOT_LINKED,,,NOT_RECORDED_BEFORE_RUN,2010-01-04,2026-08-10,1580.0,0.024947285109942,-0.045545325500784,Rotation-stop WF v1 | dynamic_h25_max1_stale20__entry_atr_1p5 | one-way cost 0.10%,Unique selected-trade ledger.,기존 결과,
2trading,Rotation-stop research ledger,S8,S8 Larry Williams 변동성 돌파,,Rotation-stop WF v1 | dynamic_h25_max1_stale20__entry_atr_2p0 | one-way cost 0.10%,d09481a37a0c2e2a3fce003e,LEGACY_IMPORTED_NOT_CORE_V6,results/expanded_strategy_results_2026-09-13.csv,272,89e81614857d58c36670973de74eab6234ea582f5ad1c5800904826d7902d0c6,results/expanded_actual_trade_records_2026-09-13.csv,"{""source_project"": ""2trading"", ""source_family"": ""Rotation-stop research ledger"", ""strategy_code"": ""S8"", ""strategy_name"": ""S8 Larry Williams 변동성 돌파"", ""market"": """", ""version"": ""Rotation-stop WF v1 | dynamic_h25_max1_stale20__entry_atr_2p0 | one-way cost 0.10%""}",FILTER_REQUIRED_CHECK_EQUIVALENT_VERSIONS,,NOT_LINKED,,,NOT_RECORDED_BEFORE_RUN,2010-01-04,2026-08-10,1280.0,0.0407367674718197,-0.0513186321628375,Rotation-stop WF v1 | dynamic_h25_max1_stale20__entry_atr_2p0 | one-way cost 0.10%,Unique selected-trade ledger.,기존 결과,
2trading,Rotation-stop research ledger,S8,S8 Larry Williams 변동성 돌파,,Rotation-stop WF v1 | dynamic_h25_max1_stale20__hard_8pct | one-way cost 0.10%,cdafd39fc1eb5c2f09283534,LEGACY_IMPORTED_NOT_CORE_V6,results/expanded_strategy_results_2026-09-13.csv,273,89e81614857d58c36670973de74eab6234ea582f5ad1c5800904826d7902d0c6,results/expanded_actual_trade_records_2026-09-13.csv,"{""source_project"": ""2trading"", ""source_family"": ""Rotation-stop research ledger"", ""strategy_code"": ""S8"", ""strategy_name"": ""S8 Larry Williams 변동성 돌파"", ""market"": """", ""version"": ""Rotation-stop WF v1 | dynamic_h25_max1_stale20__hard_8pct | one-way cost 0.10%""}",FILTER_REQUIRED_CHECK_EQUIVALENT_VERSIONS,,NOT_LINKED,,,NOT_RECORDED_BEFORE_RUN,2010-01-04,2026-08-10,1357.0,0.0297925675646242,-0.0799999999999997,Rotation-stop WF v1 | dynamic_h25_max1_stale20__hard_8pct | one-way cost 0.10%,Unique selected-trade ledger.,기존 결과,
2trading,Rotation-stop research ledger,S8,S8 Larry Williams 변동성 돌파,,Rotation-stop WF v1 | dynamic_h25_max1_stale20__natural_only | one-way cost 0.10%,e563a1b81cf40e58c8a92369,LEGACY_IMPORTED_NOT_CORE_V6,results/expanded_strategy_results_2026-09-13.csv,274,89e81614857d58c36670973de74eab6234ea582f5ad1c5800904826d7902d0c6,results/expanded_actual_trade_records_2026-09-13.csv,"{""source_project"": ""2trading"", ""source_family"": ""Rotation-stop research ledger"", ""strategy_code"": ""S8"", ""strategy_name"": ""S8 Larry Williams 변동성 돌파"", ""market"": """", ""version"": ""Rotation-stop WF v1 | dynamic_h25_max1_stale20__natural_only | one-way cost 0.10%""}",FILTER_REQUIRED_CHECK_EQUIVALENT_VERSIONS,,NOT_LINKED,,,NOT_RECORDED_BEFORE_RUN,2010-01-04,2026-08-10,1097.0,0.0472711262214852,-0.0501035800116818,Rotation-stop WF v1 | dynamic_h25_max1_stale20__natural_only | one-way cost 0.10%,Unique selected-trade ledger.,기존 결과,
2trading,Rotation-stop research ledger,S8,S8 Larry Williams 변동성 돌파,,Rotation-stop WF v1 | dynamic_h25_unlimited__natural_only | one-way cost 0.10%,9fd96ed1093fd59482b046cb,LEGACY_IMPORTED_NOT_CORE_V6,results/expanded_strategy_results_2026-09-13.csv,275,89e81614857d58c36670973de74eab6234ea582f5ad1c5800904826d7902d0c6,results/expanded_actual_trade_records_2026-09-13.csv,"{""source_project"": ""2trading"", ""source_family"": ""Rotation-stop research ledger"", ""strategy_code"": ""S8"", ""strategy_name"": ""S8 Larry Williams 변동성 돌파"", ""market"": """", ""version"": ""Rotation-stop WF v1 | dynamic_h25_unlimited__natural_only | one-way cost 0.10%""}",FILTER_REQUIRED_CHECK_EQUIVALENT_VERSIONS,,NOT_LINKED,,,NOT_RECORDED_BEFORE_RUN,2010-01-04,2026-08-10,1227.0,0.0414383535512534,-0.0467857179187592,Rotation-stop WF v1 | dynamic_h25_unlimited__natural_only | one-way cost 0.10%,Unique selected-trade ledger.,기존 결과,
2trading,Rotation-stop research ledger,S8,S8 Larry Williams 변동성 돌파,,Rotation-stop WF v1 | dynamic_h50_max1__natural_only | one-way cost 0.10%,cb307eff9aa0a099f4d571c0,LEGACY_IMPORTED_NOT_CORE_V6,results/expanded_strategy_results_2026-09-13.csv,276,89e81614857d58c36670973de74eab6234ea582f5ad1c5800904826d7902d0c6,results/expanded_actual_trade_records_2026-09-13.csv,"{""source_project"": ""2trading"", ""source_family"": ""Rotation-stop research ledger"", ""strategy_code"": ""S8"", ""strategy_name"": ""S8 Larry Williams 변동성 돌파"", ""market"": """", ""version"": ""Rotation-stop WF v1 | dynamic_h50_max1__natural_only | one-way cost 0.10%""}",FILTER_REQUIRED_CHECK_EQUIVALENT_VERSIONS,,NOT_LINKED,,,NOT_RECORDED_BEFORE_RUN,2010-01-04,2026-08-10,1155.0,0.0422147336306586,-0.0505215681499389,Rotation-stop WF v1 | dynamic_h50_max1__natural_only | one-way cost 0.10%,Unique selected-trade ledger.,기존 결과,
2trading,Rotation-stop research ledger,S8,S8 Larry Williams 변동성 돌파,,Rotation-stop WF v1 | dynamic_h50_unlimited__natural_only | one-way cost 0.10%,1b0eca64fae38b614d3634cf,LEGACY_IMPORTED_NOT_CORE_V6,results/expanded_strategy_results_2026-09-13.csv,277,89e81614857d58c36670973de74eab6234ea582f5ad1c5800904826d7902d0c6,results/expanded_actual_trade_records_2026-09-13.csv,"{""source_project"": ""2trading"", ""source_family"": ""Rotation-stop research ledger"", ""strategy_code"": ""S8"", ""strategy_name"": ""S8 Larry Williams 변동성 돌파"", ""market"": """", ""version"": ""Rotation-stop WF v1 | dynamic_h50_unlimited__natural_only | one-way cost 0.10%""}",FILTER_REQUIRED_CHECK_EQUIVALENT_VERSIONS,,NOT_LINKED,,,NOT_RECORDED_BEFORE_RUN,2010-01-04,2026-08-10,1170.0,0.0409269350769209,-0.0510277838908702,Rotation-stop WF v1 | dynamic_h50_unlimited__natural_only | one-way cost 0.10%,Unique selected-trade ledger.,기존 결과,
2trading,Rotation-stop research ledger,S8,S8 Larry Williams 변동성 돌파,,Rotation-stop WF v1 | no_rotation__breakeven_1r | one-way cost 0.10%,030ba49ab7666278858b43dc,LEGACY_IMPORTED_NOT_CORE_V6,results/expanded_strategy_results_2026-09-13.csv,278,89e81614857d58c36670973de74eab6234ea582f5ad1c5800904826d7902d0c6,results/expanded_actual_trade_records_2026-09-13.csv,"{""source_project"": ""2trading"", ""source_family"": ""Rotation-stop research ledger"", ""strategy_code"": ""S8"", ""strategy_name"": ""S8 Larry Williams 변동성 돌파"", ""market"": """", ""version"": ""Rotation-stop WF v1 | no_rotation__breakeven_1r | one-way cost 0.10%""}",FILTER_REQUIRED_CHECK_EQUIVALENT_VERSIONS,,NOT_LINKED,,,NOT_RECORDED_BEFORE_RUN,2010-01-04,2026-08-10,1162.0,0.0454667035929889,0.0,Rotation-stop WF v1 | no_rotation__breakeven_1r | one-way cost 0.10%,Unique selected-trade ledger.,기존 결과,
2trading,Rotation-stop research ledger,S8,S8 Larry Williams 변동성 돌파,,Rotation-stop WF v1 | no_rotation__breakeven_2r | one-way cost 0.10%,0a75279a5bc465a192fd06c8,LEGACY_IMPORTED_NOT_CORE_V6,results/expanded_strategy_results_2026-09-13.csv,279,89e81614857d58c36670973de74eab6234ea582f5ad1c5800904826d7902d0c6,results/expanded_actual_trade_records_2026-09-13.csv,"{""source_project"": ""2trading"", ""source_family"": ""Rotation-stop research ledger"", ""strategy_code"": ""S8"", ""strategy_name"": ""S8 Larry Williams 변동성 돌파"", ""market"": """", ""version"": ""Rotation-stop WF v1 | no_rotation__breakeven_2r | one-way cost 0.10%""}",FILTER_REQUIRED_CHECK_EQUIVALENT_VERSIONS,,NOT_LINKED,,,NOT_RECORDED_BEFORE_RUN,2010-01-04,2026-08-10,1033.0,0.0494830701140268,-0.0477193661323537,Rotation-stop WF v1 | no_rotation__breakeven_2r | one-way cost 0.10%,Unique selected-trade ledger.,기존 결과,
2trading,Rotation-stop research ledger,S8,S8 Larry Williams 변동성 돌파,,Rotation-stop WF v1 | no_rotation__chandelier_2atr | one-way cost 0.10%,1846e0fedaf79118e8113618,LEGACY_IMPORTED_NOT_CORE_V6,results/expanded_strategy_results_2026-09-13.csv,280,89e81614857d58c36670973de74eab6234ea582f5ad1c5800904826d7902d0c6,results/expanded_actual_trade_records_2026-09-13.csv,"{""source_project"": ""2trading"", ""source_family"": ""Rotation-stop research ledger"", ""strategy_code"": ""S8"", ""strategy_name"": ""S8 Larry Williams 변동성 돌파"", ""market"": """", ""version"": ""Rotation-stop WF v1 | no_rotation__chandelier_2atr | one-way cost 0.10%""}",FILTER_REQUIRED_CHECK_EQUIVALENT_VERSIONS,,NOT_LINKED,,,NOT_RECORDED_BEFORE_RUN,2010-01-04,2026-08-10,2835.0,0.014685416711866,-0.0188311668205549,Rotation-stop WF v1 | no_rotation__chandelier_2atr | one-way cost 0.10%,Unique selected-trade ledger.,기존 결과,
2trading,Rotation-stop research ledger,S8,S8 Larry Williams 변동성 돌파,,Rotation-stop WF v1 | no_rotation__chandelier_3atr | one-way cost 0.10%,c4e8ef7f1809b3139cd51b9c,LEGACY_IMPORTED_NOT_CORE_V6,results/expanded_strategy_results_2026-09-13.csv,281,89e81614857d58c36670973de74eab6234ea582f5ad1c5800904826d7902d0c6,results/expanded_actual_trade_records_2026-09-13.csv,"{""source_project"": ""2trading"", ""source_family"": ""Rotation-stop research ledger"", ""strategy_code"": ""S8"", ""strategy_name"": ""S8 Larry Williams 변동성 돌파"", ""market"": """", ""version"": ""Rotation-stop WF v1 | no_rotation__chandelier_3atr | one-way cost 0.10%""}",FILTER_REQUIRED_CHECK_EQUIVALENT_VERSIONS,,NOT_LINKED,,,NOT_RECORDED_BEFORE_RUN,2010-01-04,2026-08-10,1737.0,0.0280874650335788,-0.0268835747844796,Rotation-stop WF v1 | no_rotation__chandelier_3atr | one-way cost 0.10%,Unique selected-trade ledger.,기존 결과,
2trading,Rotation-stop research ledger,S8,S8 Larry Williams 변동성 돌파,,Rotation-stop WF v1 | no_rotation__chandelier_4atr | one-way cost 0.10%,d1dd1546fc0c38b00fcbece3,LEGACY_IMPORTED_NOT_CORE_V6,results/expanded_strategy_results_2026-09-13.csv,282,89e81614857d58c36670973de74eab6234ea582f5ad1c5800904826d7902d0c6,results/expanded_actual_trade_records_2026-09-13.csv,"{""source_project"": ""2trading"", ""source_family"": ""Rotation-stop research ledger"", ""strategy_code"": ""S8"", ""strategy_name"": ""S8 Larry Williams 변동성 돌파"", ""market"": """", ""version"": ""Rotation-stop WF v1 | no_rotation__chandelier_4atr | one-way cost 0.10%""}",FILTER_REQUIRED_CHECK_EQUIVALENT_VERSIONS,,NOT_LINKED,,,NOT_RECORDED_BEFORE_RUN,2010-01-04,2026-08-10,1342.0,0.0432793869090391,-0.0309892265163242,Rotation-stop WF v1 | no_rotation__chandelier_4atr | one-way cost 0.10%,Unique selected-trade ledger.,기존 결과,
2trading,Rotation-stop research ledger,S8,S8 Larry Williams 변동성 돌파,,Rotation-stop WF v1 | no_rotation__ema20_close_exit | one-way cost 0.10%,ce47ff0930fb0c368bc5d350,LEGACY_IMPORTED_NOT_CORE_V6,results/expanded_strategy_results_2026-09-13.csv,283,89e81614857d58c36670973de74eab6234ea582f5ad1c5800904826d7902d0c6,results/expanded_actual_trade_records_2026-09-13.csv,"{""source_project"": ""2trading"", ""source_family"": ""Rotation-stop research ledger"", ""strategy_code"": ""S8"", ""strategy_name"": ""S8 Larry Williams 변동성 돌파"", ""market"": """", ""version"": ""Rotation-stop WF v1 | no_rotation__ema20_close_exit | one-way cost 0.10%""}",FILTER_REQUIRED_CHECK_EQUIVALENT_VERSIONS,,NOT_LINKED,,,NOT_RECORDED_BEFORE_RUN,2010-01-04,2026-08-10,5835.0,0.0074313829865325,-0.0064267478088553,Rotation-stop WF v1 | no_rotation__ema20_close_exit | one-way cost 0.10%,Unique selected-trade ledger.,기존 결과,
2trading,Rotation-stop research ledger,S8,S8 Larry Williams 변동성 돌파,,Rotation-stop WF v1 | no_rotation__entry_atr_1p5 | one-way cost 0.10%,5681c0d54174b994c1146692,LEGACY_IMPORTED_NOT_CORE_V6,results/expanded_strategy_results_2026-09-13.csv,284,89e81614857d58c36670973de74eab6234ea582f5ad1c5800904826d7902d0c6,results/expanded_actual_trade_records_2026-09-13.csv,"{""source_project"": ""2trading"", ""source_family"": ""Rotation-stop research ledger"", ""strategy_code"": ""S8"", ""strategy_name"": ""S8 Larry Williams 변동성 돌파"", ""market"": """", ""version"": ""Rotation-stop WF v1 | no_rotation__entry_atr_1p5 | one-way cost 0.10%""}",FILTER_REQUIRED_CHECK_EQUIVALENT_VERSIONS,,NOT_LINKED,,,NOT_RECORDED_BEFORE_RUN,2010-01-04,2026-08-10,1410.0,0.0365411703627248,-0.0581065501249835,Rotation-stop WF v1 | no_rotation__entry_atr_1p5 | one-way cost 0.10%,Unique selected-trade ledger.,기존 결과,
2trading,Rotation-stop research ledger,S8,S8 Larry Williams 변동성 돌파,,Rotation-stop WF v1 | no_rotation__entry_atr_2p0 | one-way cost 0.10%,ea44aea91709b4b901297587,LEGACY_IMPORTED_NOT_CORE_V6,results/expanded_strategy_results_2026-09-13.csv,285,89e81614857d58c36670973de74eab6234ea582f5ad1c5800904826d7902d0c6,results/expanded_actual_trade_records_2026-09-13.csv,"{""source_project"": ""2trading"", ""source_family"": ""Rotation-stop research ledger"", ""strategy_code"": ""S8"", ""strategy_name"": ""S8 Larry Williams 변동성 돌파"", ""market"": """", ""version"": ""Rotation-stop WF v1 | no_rotation__entry_atr_2p0 | one-way cost 0.10%""}",FILTER_REQUIRED_CHECK_EQUIVALENT_VERSIONS,,NOT_LINKED,,,NOT_RECORDED_BEFORE_RUN,2010-01-04,2026-08-10,1154.0,0.0596156056944284,-0.0626784693511088,Rotation-stop WF v1 | no_rotation__entry_atr_2p0 | one-way cost 0.10%,Unique selected-trade ledger.,기존 결과,
2trading,Rotation-stop research ledger,S8,S8 Larry Williams 변동성 돌파,,Rotation-stop WF v1 | no_rotation__entry_atr_3p0 | one-way cost 0.10%,2c91e106d85a3f436d97eccc,LEGACY_IMPORTED_NOT_CORE_V6,results/expanded_strategy_results_2026-09-13.csv,286,89e81614857d58c36670973de74eab6234ea582f5ad1c5800904826d7902d0c6,results/expanded_actual_trade_records_2026-09-13.csv,"{""source_project"": ""2trading"", ""source_family"": ""Rotation-stop research ledger"", ""strategy_code"": ""S8"", ""strategy_name"": ""S8 Larry Williams 변동성 돌파"", ""market"": """", ""version"": ""Rotation-stop WF v1 | no_rotation__entry_atr_3p0 | one-way cost 0.10%""}",FILTER_REQUIRED_CHECK_EQUIVALENT_VERSIONS,,NOT_LINKED,,,NOT_RECORDED_BEFORE_RUN,2010-01-04,2026-08-10,1041.0,0.0486602380305617,-0.0654329328329144,Rotation-stop WF v1 | no_rotation__entry_atr_3p0 | one-way cost 0.10%,Unique selected-trade ledger.,기존 결과,
2trading,Rotation-stop research ledger,S8,S8 Larry Williams 변동성 돌파,,Rotation-stop WF v1 | no_rotation__hard_12pct | one-way cost 0.10%,efe526cdaa4a6aceb90332f7,LEGACY_IMPORTED_NOT_CORE_V6,results/expanded_strategy_results_2026-09-13.csv,287,89e81614857d58c36670973de74eab6234ea582f5ad1c5800904826d7902d0c6,results/expanded_actual_trade_records_2026-09-13.csv,"{""source_project"": ""2trading"", ""source_family"": ""Rotation-stop research ledger"", ""strategy_code"": ""S8"", ""strategy_name"": ""S8 Larry Williams 변동성 돌파"", ""market"": """", ""version"": ""Rotation-stop WF v1 | no_rotation__hard_12pct | one-way cost 0.10%""}",FILTER_REQUIRED_CHECK_EQUIVALENT_VERSIONS,,NOT_LINKED,,,NOT_RECORDED_BEFORE_RUN,2010-01-04,2026-08-10,1158.0,0.0447818470960362,-0.0808468830306857,Rotation-stop WF v1 | no_rotation__hard_12pct | one-way cost 0.10%,Unique selected-trade ledger.,기존 결과,
2trading,Rotation-stop research ledger,S8,S8 Larry Williams 변동성 돌파,,Rotation-stop WF v1 | no_rotation__hard_5pct | one-way cost 0.10%,f6c78d074966e6a066e6b049,LEGACY_IMPORTED_NOT_CORE_V6,results/expanded_strategy_results_2026-09-13.csv,288,89e81614857d58c36670973de74eab6234ea582f5ad1c5800904826d7902d0c6,results/expanded_actual_trade_records_2026-09-13.csv,"{""source_project"": ""2trading"", ""source_family"": ""Rotation-stop research ledger"", ""strategy_code"": ""S8"", ""strategy_name"": ""S8 Larry Williams 변동성 돌파"", ""market"": """", ""version"": ""Rotation-stop WF v1 | no_rotation__hard_5pct | one-way cost 0.10%""}",FILTER_REQUIRED_CHECK_EQUIVALENT_VERSIONS,,NOT_LINKED,,,NOT_RECORDED_BEFORE_RUN,2010-01-04,2026-08-10,1923.0,0.0256173811874256,-0.05,Rotation-stop WF v1 | no_rotation__hard_5pct | one-way cost 0.10%,Unique selected-trade ledger.,기존 결과,
2trading,Rotation-stop research ledger,S8,S8 Larry Williams 변동성 돌파,,Rotation-stop WF v1 | no_rotation__hard_8pct | one-way cost 0.10%,95af4baf033627304219804a,LEGACY_IMPORTED_NOT_CORE_V6,results/expanded_strategy_results_2026-09-13.csv,289,89e81614857d58c36670973de74eab6234ea582f5ad1c5800904826d7902d0c6,results/expanded_actual_trade_records_2026-09-13.csv,"{""source_project"": ""2trading"", ""source_family"": ""Rotation-stop research ledger"", ""strategy_code"": ""S8"", ""strategy_name"": ""S8 Larry Williams 변동성 돌파"", ""market"": """", ""version"": ""Rotation-stop WF v1 | no_rotation__hard_8pct | one-way cost 0.10%""}",FILTER_REQUIRED_CHECK_EQUIVALENT_VERSIONS,,NOT_LINKED,,,NOT_RECORDED_BEFORE_RUN,2010-01-04,2026-08-10,1372.0,0.0362444144693671,-0.0799999999999999,Rotation-stop WF v1 | no_rotation__hard_8pct | one-way cost 0.10%,Unique selected-trade ledger.,기존 결과,
2trading,Rotation-stop research ledger,S8,S8 Larry Williams 변동성 돌파,,Rotation-stop WF v1 | no_rotation__time_10_nonpositive | one-way cost 0.10%,4f81a090705f290bfe7ba97a,LEGACY_IMPORTED_NOT_CORE_V6,results/expanded_strategy_results_2026-09-13.csv,290,89e81614857d58c36670973de74eab6234ea582f5ad1c5800904826d7902d0c6,results/expanded_actual_trade_records_2026-09-13.csv,"{""source_project"": ""2trading"", ""source_family"": ""Rotation-stop research ledger"", ""strategy_code"": ""S8"", ""strategy_name"": ""S8 Larry Williams 변동성 돌파"", ""market"": """", ""version"": ""Rotation-stop WF v1 | no_rotation__time_10_nonpositive | one-way cost 0.10%""}",FILTER_REQUIRED_CHECK_EQUIVALENT_VERSIONS,,NOT_LINKED,,,NOT_RECORDED_BEFORE_RUN,2010-01-04,2026-08-10,1720.0,0.0340429810109263,-0.0192694579718636,Rotation-stop WF v1 | no_rotation__time_10_nonpositive | one-way cost 0.10%,Unique selected-trade ledger.,기존 결과,
2trading,Rotation-stop research ledger,S8,S8 Larry Williams 변동성 돌파,,Rotation-stop WF v1 | no_rotation__time_20_nonpositive | one-way cost 0.10%,16c8d967128f582d7795d867,LEGACY_IMPORTED_NOT_CORE_V6,results/expanded_strategy_results_2026-09-13.csv,291,89e81614857d58c36670973de74eab6234ea582f5ad1c5800904826d7902d0c6,results/expanded_actual_trade_records_2026-09-13.csv,"{""source_project"": ""2trading"", ""source_family"": ""Rotation-stop research ledger"", ""strategy_code"": ""S8"", ""strategy_name"": ""S8 Larry Williams 변동성 돌파"", ""market"": """", ""version"": ""Rotation-stop WF v1 | no_rotation__time_20_nonpositive | one-way cost 0.10%""}",FILTER_REQUIRED_CHECK_EQUIVALENT_VERSIONS,,NOT_LINKED,,,NOT_RECORDED_BEFORE_RUN,2010-01-04,2026-08-10,1329.0,0.0461485581904644,-0.0232172575456874,Rotation-stop WF v1 | no_rotation__time_20_nonpositive | one-way cost 0.10%,Unique selected-trade ledger.,기존 결과,
2trading,Rotation-stop research ledger,TKFIB,전환선·기준선 + 피보나치 (TKFIB),,Rotation-stop WF v1 | atr_h10_max1__natural_only | one-way cost 0.10%,b809bfad199a1c366614ff83,LEGACY_IMPORTED_NOT_CORE_V6,results/expanded_strategy_results_2026-09-13.csv,292,89e81614857d58c36670973de74eab6234ea582f5ad1c5800904826d7902d0c6,results/expanded_actual_trade_records_2026-09-13.csv,"{""source_project"": ""2trading"", ""source_family"": ""Rotation-stop research ledger"", ""strategy_code"": ""TKFIB"", ""strategy_name"": ""전환선·기준선 + 피보나치 (TKFIB)"", ""market"": """", ""version"": ""Rotation-stop WF v1 | atr_h10_max1__natural_only | one-way cost 0.10%""}",FILTER_REQUIRED_CHECK_EQUIVALENT_VERSIONS,,NOT_LINKED,,,NOT_RECORDED_BEFORE_RUN,2010-01-22,2026-08-10,1541.0,0.0098895679425295,0.0140426127905917,Rotation-stop WF v1 | atr_h10_max1__natural_only | one-way cost 0.10%,Unique selected-trade ledger.,기존 결과,
2trading,Rotation-stop research ledger,TKFIB,전환선·기준선 + 피보나치 (TKFIB),,Rotation-stop WF v1 | atr_h10_unlimited__breakeven_1r | one-way cost 0.10%,964bbd78baa0fd707caad9e8,LEGACY_IMPORTED_NOT_CORE_V6,results/expanded_strategy_results_2026-09-13.csv,293,89e81614857d58c36670973de74eab6234ea582f5ad1c5800904826d7902d0c6,results/expanded_actual_trade_records_2026-09-13.csv,"{""source_project"": ""2trading"", ""source_family"": ""Rotation-stop research ledger"", ""strategy_code"": ""TKFIB"", ""strategy_name"": ""전환선·기준선 + 피보나치 (TKFIB)"", ""market"": """", ""version"": ""Rotation-stop WF v1 | atr_h10_unlimited__breakeven_1r | one-way cost 0.10%""}",FILTER_REQUIRED_CHECK_EQUIVALENT_VERSIONS,,NOT_LINKED,,,NOT_RECORDED_BEFORE_RUN,2010-01-22,2026-08-10,1583.0,0.0089583319683389,0.0128825383402175,Rotation-stop WF v1 | atr_h10_unlimited__breakeven_1r | one-way cost 0.10%,Unique selected-trade ledger.,기존 결과,
2trading,Rotation-stop research ledger,TKFIB,전환선·기준선 + 피보나치 (TKFIB),,Rotation-stop WF v1 | atr_h10_unlimited__breakeven_2r | one-way cost 0.10%,28f8ee0a1472ee39b60cf92b,LEGACY_IMPORTED_NOT_CORE_V6,results/expanded_strategy_results_2026-09-13.csv,294,89e81614857d58c36670973de74eab6234ea582f5ad1c5800904826d7902d0c6,results/expanded_actual_trade_records_2026-09-13.csv,"{""source_project"": ""2trading"", ""source_family"": ""Rotation-stop research ledger"", ""strategy_code"": ""TKFIB"", ""strategy_name"": ""전환선·기준선 + 피보나치 (TKFIB)"", ""market"": """", ""version"": ""Rotation-stop WF v1 | atr_h10_unlimited__breakeven_2r | one-way cost 0.10%""}",FILTER_REQUIRED_CHECK_EQUIVALENT_VERSIONS,,NOT_LINKED,,,NOT_RECORDED_BEFORE_RUN,2010-01-22,2026-08-10,1541.0,0.0096284160289079,0.0138915180507375,Rotation-stop WF v1 | atr_h10_unlimited__breakeven_2r | one-way cost 0.10%,Unique selected-trade ledger.,기존 결과,
2trading,Rotation-stop research ledger,TKFIB,전환선·기준선 + 피보나치 (TKFIB),,Rotation-stop WF v1 | atr_h10_unlimited__natural_only | one-way cost 0.10%,d5ed71432f4027de7f091c43,LEGACY_IMPORTED_NOT_CORE_V6,results/expanded_strategy_results_2026-09-13.csv,295,89e81614857d58c36670973de74eab6234ea582f5ad1c5800904826d7902d0c6,results/expanded_actual_trade_records_2026-09-13.csv,"{""source_project"": ""2trading"", ""source_family"": ""Rotation-stop research ledger"", ""strategy_code"": ""TKFIB"", ""strategy_name"": ""전환선·기준선 + 피보나치 (TKFIB)"", ""market"": """", ""version"": ""Rotation-stop WF v1 | atr_h10_unlimited__natural_only | one-way cost 0.10%""}",FILTER_REQUIRED_CHECK_EQUIVALENT_VERSIONS,,NOT_LINKED,,,NOT_RECORDED_BEFORE_RUN,2010-01-22,2026-08-10,1539.0,0.009732001346664,0.0139372388648175,Rotation-stop WF v1 | atr_h10_unlimited__natural_only | one-way cost 0.10%,Unique selected-trade ledger.,기존 결과,
2trading,Rotation-stop research ledger,TKFIB,전환선·기준선 + 피보나치 (TKFIB),,Rotation-stop WF v1 | atr_h25_max1__natural_only | one-way cost 0.10%,6f6ee70515dd65141be85c2c,LEGACY_IMPORTED_NOT_CORE_V6,results/expanded_strategy_results_2026-09-13.csv,296,89e81614857d58c36670973de74eab6234ea582f5ad1c5800904826d7902d0c6,results/expanded_actual_trade_records_2026-09-13.csv,"{""source_project"": ""2trading"", ""source_family"": ""Rotation-stop research ledger"", ""strategy_code"": ""TKFIB"", ""strategy_name"": ""전환선·기준선 + 피보나치 (TKFIB)"", ""market"": """", ""version"": ""Rotation-stop WF v1 | atr_h25_max1__natural_only | one-way cost 0.10%""}",FILTER_REQUIRED_CHECK_EQUIVALENT_VERSIONS,,NOT_LINKED,,,NOT_RECORDED_BEFORE_RUN,2010-01-22,2026-08-10,1530.0,0.0107371520287455,0.0144721787498754,Rotation-stop WF v1 | atr_h25_max1__natural_only | one-way cost 0.10%,Unique selected-trade ledger.,기존 결과,
2trading,Rotation-stop research ledger,TKFIB,전환선·기준선 + 피보나치 (TKFIB),,Rotation-stop WF v1 | atr_h25_unlimited__breakeven_1r | one-way cost 0.10%,1c29edd8dbad23af94548028,LEGACY_IMPORTED_NOT_CORE_V6,results/expanded_strategy_results_2026-09-13.csv,297,89e81614857d58c36670973de74eab6234ea582f5ad1c5800904826d7902d0c6,results/expanded_actual_trade_records_2026-09-13.csv,"{""source_project"": ""2trading"", ""source_family"": ""Rotation-stop research ledger"", ""strategy_code"": ""TKFIB"", ""strategy_name"": ""전환선·기준선 + 피보나치 (TKFIB)"", ""market"": """", ""version"": ""Rotation-stop WF v1 | atr_h25_unlimited__breakeven_1r | one-way cost 0.10%""}",FILTER_REQUIRED_CHECK_EQUIVALENT_VERSIONS,,NOT_LINKED,,,NOT_RECORDED_BEFORE_RUN,2010-01-22,2026-08-10,1587.0,0.0099124750463527,0.0135473143768747,Rotation-stop WF v1 | atr_h25_unlimited__breakeven_1r | one-way cost 0.10%,Unique selected-trade ledger.,기존 결과,
2trading,Rotation-stop research ledger,TKFIB,전환선·기준선 + 피보나치 (TKFIB),,Rotation-stop WF v1 | atr_h25_unlimited__breakeven_2r | one-way cost 0.10%,4f017c06fc42b465877c187f,LEGACY_IMPORTED_NOT_CORE_V6,results/expanded_strategy_results_2026-09-13.csv,298,89e81614857d58c36670973de74eab6234ea582f5ad1c5800904826d7902d0c6,results/expanded_actual_trade_records_2026-09-13.csv,"{""source_project"": ""2trading"", ""source_family"": ""Rotation-stop research ledger"", ""strategy_code"": ""TKFIB"", ""strategy_name"": ""전환선·기준선 + 피보나치 (TKFIB)"", ""market"": """", ""version"": ""Rotation-stop WF v1 | atr_h25_unlimited__breakeven_2r | one-way cost 0.10%""}",FILTER_REQUIRED_CHECK_EQUIVALENT_VERSIONS,,NOT_LINKED,,,NOT_RECORDED_BEFORE_RUN,2010-01-22,2026-08-10,1535.0,0.0105599166356995,0.0140995887960968,Rotation-stop WF v1 | atr_h25_unlimited__breakeven_2r | one-way cost 0.10%,Unique selected-trade ledger.,기존 결과,
2trading,Rotation-stop research ledger,TKFIB,전환선·기준선 + 피보나치 (TKFIB),,Rotation-stop WF v1 | atr_h25_unlimited__natural_only | one-way cost 0.10%,d326b846771384d341f2b213,LEGACY_IMPORTED_NOT_CORE_V6,results/expanded_strategy_results_2026-09-13.csv,299,89e81614857d58c36670973de74eab6234ea582f5ad1c5800904826d7902d0c6,results/expanded_actual_trade_records_2026-09-13.csv,"{""source_project"": ""2trading"", ""source_family"": ""Rotation-stop research ledger"", ""strategy_code"": ""TKFIB"", ""strategy_name"": ""전환선·기준선 + 피보나치 (TKFIB)"", ""market"": """", ""version"": ""Rotation-stop WF v1 | atr_h25_unlimited__natural_only | one-way cost 0.10%""}",FILTER_REQUIRED_CHECK_EQUIVALENT_VERSIONS,,NOT_LINKED,,,NOT_RECORDED_BEFORE_RUN,2010-01-22,2026-08-10,1535.0,0.0106184656192879,0.0143730579208087,Rotation-stop WF v1 | atr_h25_unlimited__natural_only | one-way cost 0.10%,Unique selected-trade ledger.,기존 결과,
2trading,Rotation-stop research ledger,TKFIB,전환선·기준선 + 피보나치 (TKFIB),,Rotation-stop WF v1 | atr_h50_max1__natural_only | one-way cost 0.10%,d703d817e49f4ab0667fe744,LEGACY_IMPORTED_NOT_CORE_V6,results/expanded_strategy_results_2026-09-13.csv,300,89e81614857d58c36670973de74eab6234ea582f5ad1c5800904826d7902d0c6,results/expanded_actual_trade_records_2026-09-13.csv,"{""source_project"": ""2trading"", ""source_family"": ""Rotation-stop research ledger"", ""strategy_code"": ""TKFIB"", ""strategy_name"": ""전환선·기준선 + 피보나치 (TKFIB)"", ""market"": """", ""version"": ""Rotation-stop WF v1 | atr_h50_max1__natural_only | one-way cost 0.10%""}",FILTER_REQUIRED_CHECK_EQUIVALENT_VERSIONS,,NOT_LINKED,,,NOT_RECORDED_BEFORE_RUN,2010-01-22,2026-08-10,1489.0,0.0103013166332642,0.0140426127905917,Rotation-stop WF v1 | atr_h50_max1__natural_only | one-way cost 0.10%,Unique selected-trade ledger.,기존 결과,
2trading,Rotation-stop research ledger,TKFIB,전환선·기준선 + 피보나치 (TKFIB),,Rotation-stop WF v1 | atr_h50_unlimited__natural_only | one-way cost 0.10%,cc6048802ee158556c9c8965,LEGACY_IMPORTED_NOT_CORE_V6,results/expanded_strategy_results_2026-09-13.csv,301,89e81614857d58c36670973de74eab6234ea582f5ad1c5800904826d7902d0c6,results/expanded_actual_trade_records_2026-09-13.csv,"{""source_project"": ""2trading"", ""source_family"": ""Rotation-stop research ledger"", ""strategy_code"": ""TKFIB"", ""strategy_name"": ""전환선·기준선 + 피보나치 (TKFIB)"", ""market"": """", ""version"": ""Rotation-stop WF v1 | atr_h50_unlimited__natural_only | one-way cost 0.10%""}",FILTER_REQUIRED_CHECK_EQUIVALENT_VERSIONS,,NOT_LINKED,,,NOT_RECORDED_BEFORE_RUN,2010-01-22,2026-08-10,1494.0,0.0102914957325732,0.0140025420329277,Rotation-stop WF v1 | atr_h50_unlimited__natural_only | one-way cost 0.10%,Unique selected-trade ledger.,기존 결과,
2trading,Rotation-stop research ledger,TKFIB,전환선·기준선 + 피보나치 (TKFIB),,Rotation-stop WF v1 | current_h10_max1__natural_only | one-way cost 0.10%,f799b4d7806eb62065a8ded2,LEGACY_IMPORTED_NOT_CORE_V6,results/expanded_strategy_results_2026-09-13.csv,302,89e81614857d58c36670973de74eab6234ea582f5ad1c5800904826d7902d0c6,results/expanded_actual_trade_records_2026-09-13.csv,"{""source_project"": ""2trading"", ""source_family"": ""Rotation-stop research ledger"", ""strategy_code"": ""TKFIB"", ""strategy_name"": ""전환선·기준선 + 피보나치 (TKFIB)"", ""market"": """", ""version"": ""Rotation-stop WF v1 | current_h10_max1__natural_only | one-way cost 0.10%""}",FILTER_REQUIRED_CHECK_EQUIVALENT_VERSIONS,,NOT_LINKED,,,NOT_RECORDED_BEFORE_RUN,2010-01-22,2026-08-10,1656.0,0.0101128387990237,0.0119993675811332,Rotation-stop WF v1 | current_h10_max1__natural_only | one-way cost 0.10%,Identical selected-trade ledgers collapsed; all historical version labels retained.,기존 결과,
2trading,Rotation-stop research ledger,TKFIB,전환선·기준선 + 피보나치 (TKFIB),,Rotation-stop WF v1 | current_h10_unlimited__breakeven_2r | one-way cost 0.10%,e3f89965092977ac086630f1,LEGACY_IMPORTED_NOT_CORE_V6,results/expanded_strategy_results_2026-09-13.csv,303,89e81614857d58c36670973de74eab6234ea582f5ad1c5800904826d7902d0c6,results/expanded_actual_trade_records_2026-09-13.csv,"{""source_project"": ""2trading"", ""source_family"": ""Rotation-stop research ledger"", ""strategy_code"": ""TKFIB"", ""strategy_name"": ""전환선·기준선 + 피보나치 (TKFIB)"", ""market"": """", ""version"": ""Rotation-stop WF v1 | current_h10_unlimited__breakeven_2r | one-way cost 0.10%""}",FILTER_REQUIRED_CHECK_EQUIVALENT_VERSIONS,,NOT_LINKED,,,NOT_RECORDED_BEFORE_RUN,2010-01-22,2026-08-10,1666.0,0.0097740866191714,0.0118765026672469,Rotation-stop WF v1 | current_h10_unlimited__breakeven_2r | one-way cost 0.10%,Identical selected-trade ledgers collapsed; all historical version labels retained.,기존 결과,
2trading,Rotation-stop research ledger,TKFIB,전환선·기준선 + 피보나치 (TKFIB),,Rotation-stop WF v1 | current_h10_unlimited__hard_8pct | one-way cost 0.10%,f20dffd792e5fb325bf57e1d,LEGACY_IMPORTED_NOT_CORE_V6,results/expanded_strategy_results_2026-09-13.csv,304,89e81614857d58c36670973de74eab6234ea582f5ad1c5800904826d7902d0c6,results/expanded_actual_trade_records_2026-09-13.csv,"{""source_project"": ""2trading"", ""source_family"": ""Rotation-stop research ledger"", ""strategy_code"": ""TKFIB"", ""strategy_name"": ""전환선·기준선 + 피보나치 (TKFIB)"", ""market"": """", ""version"": ""Rotation-stop WF v1 | current_h10_unlimited__hard_8pct | one-way cost 0.10%""}",FILTER_REQUIRED_CHECK_EQUIVALENT_VERSIONS,,NOT_LINKED,,,NOT_RECORDED_BEFORE_RUN,2010-01-22,2026-08-10,2098.0,0.0062481754493688,0.0110496939339622,Rotation-stop WF v1 | current_h10_unlimited__hard_8pct | one-way cost 0.10%,Identical selected-trade ledgers collapsed; all historical version labels retained.,기존 결과,
2trading,Rotation-stop research ledger,TKFIB,전환선·기준선 + 피보나치 (TKFIB),,Rotation-stop WF v1 | current_h10_unlimited__natural_only | one-way cost 0.10%,e9e198b5ba1e51d3597ed32b,LEGACY_IMPORTED_NOT_CORE_V6,results/expanded_strategy_results_2026-09-13.csv,305,89e81614857d58c36670973de74eab6234ea582f5ad1c5800904826d7902d0c6,results/expanded_actual_trade_records_2026-09-13.csv,"{""source_project"": ""2trading"", ""source_family"": ""Rotation-stop research ledger"", ""strategy_code"": ""TKFIB"", ""strategy_name"": ""전환선·기준선 + 피보나치 (TKFIB)"", ""market"": """", ""version"": ""Rotation-stop WF v1 | current_h10_unlimited__natural_only | one-way cost 0.10%""}",FILTER_REQUIRED_CHECK_EQUIVALENT_VERSIONS,,NOT_LINKED,,,NOT_RECORDED_BEFORE_RUN,2010-01-22,2026-08-10,1667.0,0.0101310470812078,0.0120716301502497,Rotation-stop WF v1 | current_h10_unlimited__natural_only | one-way cost 0.10%,Identical selected-trade ledgers collapsed; all historical version labels retained.,기존 결과,
2trading,Rotation-stop research ledger,TKFIB,전환선·기준선 + 피보나치 (TKFIB),,Rotation-stop WF v1 | current_h25_max1__breakeven_1r | one-way cost 0.10%,7d982b275861c74d7c53c1d5,LEGACY_IMPORTED_NOT_CORE_V6,results/expanded_strategy_results_2026-09-13.csv,306,89e81614857d58c36670973de74eab6234ea582f5ad1c5800904826d7902d0c6,results/expanded_actual_trade_records_2026-09-13.csv,"{""source_project"": ""2trading"", ""source_family"": ""Rotation-stop research ledger"", ""strategy_code"": ""TKFIB"", ""strategy_name"": ""전환선·기준선 + 피보나치 (TKFIB)"", ""market"": """", ""version"": ""Rotation-stop WF v1 | current_h25_max1__breakeven_1r | one-way cost 0.10%""}",FILTER_REQUIRED_CHECK_EQUIVALENT_VERSIONS,,NOT_LINKED,,,NOT_RECORDED_BEFORE_RUN,2010-01-22,2026-08-10,1604.0,0.0106425819470052,0.0126434192667318,Rotation-stop WF v1 | current_h25_max1__breakeven_1r | one-way cost 0.10%,Identical selected-trade ledgers collapsed; all historical version labels retained.,기존 결과,
2trading,Rotation-stop research ledger,TKFIB,전환선·기준선 + 피보나치 (TKFIB),,Rotation-stop WF v1 | current_h25_max1__breakeven_2r | one-way cost 0.10%,eaeea5e36278f13e83976602,LEGACY_IMPORTED_NOT_CORE_V6,results/expanded_strategy_results_2026-09-13.csv,307,89e81614857d58c36670973de74eab6234ea582f5ad1c5800904826d7902d0c6,results/expanded_actual_trade_records_2026-09-13.csv,"{""source_project"": ""2trading"", ""source_family"": ""Rotation-stop research ledger"", ""strategy_code"": ""TKFIB"", ""strategy_name"": ""전환선·기준선 + 피보나치 (TKFIB)"", ""market"": """", ""version"": ""Rotation-stop WF v1 | current_h25_max1__breakeven_2r | one-way cost 0.10%""}",FILTER_REQUIRED_CHECK_EQUIVALENT_VERSIONS,,NOT_LINKED,,,NOT_RECORDED_BEFORE_RUN,2010-01-22,2026-08-10,1550.0,0.0109513641764997,0.012768712256053,Rotation-stop WF v1 | current_h25_max1__breakeven_2r | one-way cost 0.10%,Identical selected-trade ledgers collapsed; all historical version labels retained.,기존 결과,
2trading,Rotation-stop research ledger,TKFIB,전환선·기준선 + 피보나치 (TKFIB),,Rotation-stop WF v1 | current_h25_max1__hard_8pct | one-way cost 0.10%,a30feab25ec3fd85a5e9571d,LEGACY_IMPORTED_NOT_CORE_V6,results/expanded_strategy_results_2026-09-13.csv,308,89e81614857d58c36670973de74eab6234ea582f5ad1c5800904826d7902d0c6,results/expanded_actual_trade_records_2026-09-13.csv,"{""source_project"": ""2trading"", ""source_family"": ""Rotation-stop research ledger"", ""strategy_code"": ""TKFIB"", ""strategy_name"": ""전환선·기준선 + 피보나치 (TKFIB)"", ""market"": """", ""version"": ""Rotation-stop WF v1 | current_h25_max1__hard_8pct | one-way cost 0.10%""}",FILTER_REQUIRED_CHECK_EQUIVALENT_VERSIONS,,NOT_LINKED,,,NOT_RECORDED_BEFORE_RUN,2010-01-22,2026-08-10,1999.0,0.0063464156718631,0.011391234716011,Rotation-stop WF v1 | current_h25_max1__hard_8pct | one-way cost 0.10%,Identical selected-trade ledgers collapsed; all historical version labels retained.,기존 결과,
2trading,Rotation-stop research ledger,TKFIB,전환선·기준선 + 피보나치 (TKFIB),,Rotation-stop WF v1 | current_h25_max1__natural_only | one-way cost 0.10%,ce1823f5910d54df30c3f99e,LEGACY_IMPORTED_NOT_CORE_V6,results/expanded_strategy_results_2026-09-13.csv,309,89e81614857d58c36670973de74eab6234ea582f5ad1c5800904826d7902d0c6,results/expanded_actual_trade_records_2026-09-13.csv,"{""source_project"": ""2trading"", ""source_family"": ""Rotation-stop research ledger"", ""strategy_code"": ""TKFIB"", ""strategy_name"": ""전환선·기준선 + 피보나치 (TKFIB)"", ""market"": """", ""version"": ""Rotation-stop WF v1 | current_h25_max1__natural_only | one-way cost 0.10%""}",FILTER_REQUIRED_CHECK_EQUIVALENT_VERSIONS,,NOT_LINKED,,,NOT_RECORDED_BEFORE_RUN,2010-01-22,2026-08-10,1542.0,0.0106343369470379,0.0130223108000151,Rotation-stop WF v1 | current_h25_max1__natural_only | one-way cost 0.10%,Identical selected-trade ledgers collapsed; all historical version labels retained.,기존 결과,
2trading,Rotation-stop research ledger,TKFIB,전환선·기준선 + 피보나치 (TKFIB),,Rotation-stop WF v1 | composite_h25_max1_loser__breakeven_1r | one-way cost 0.10%,d02d33dc5ecaf071c83ba17a,LEGACY_IMPORTED_NOT_CORE_V6,results/expanded_strategy_results_2026-09-13.csv,310,89e81614857d58c36670973de74eab6234ea582f5ad1c5800904826d7902d0c6,results/expanded_actual_trade_records_2026-09-13.csv,"{""source_project"": ""2trading"", ""source_family"": ""Rotation-stop research ledger"", ""strategy_code"": ""TKFIB"", ""strategy_name"": ""전환선·기준선 + 피보나치 (TKFIB)"", ""market"": """", ""version"": ""Rotation-stop WF v1 | composite_h25_max1_loser__breakeven_1r | one-way cost 0.10%""}",FILTER_REQUIRED_CHECK_EQUIVALENT_VERSIONS,,NOT_LINKED,,,NOT_RECORDED_BEFORE_RUN,2010-01-22,2026-08-10,1561.0,0.0107900704379598,0.0125945066436909,Rotation-stop WF v1 | composite_h25_max1_loser__breakeven_1r | one-way cost 0.10%,Unique selected-trade ledger.,기존 결과,
2trading,Rotation-stop research ledger,TKFIB,전환선·기준선 + 피보나치 (TKFIB),,Rotation-stop WF v1 | composite_h25_max1_loser__breakeven_2r | one-way cost 0.10%,ff564d8b98b2996744d6fc15,LEGACY_IMPORTED_NOT_CORE_V6,results/expanded_strategy_results_2026-09-13.csv,311,89e81614857d58c36670973de74eab6234ea582f5ad1c5800904826d7902d0c6,results/expanded_actual_trade_records_2026-09-13.csv,"{""source_project"": ""2trading"", ""source_family"": ""Rotation-stop research ledger"", ""strategy_code"": ""TKFIB"", ""strategy_name"": ""전환선·기준선 + 피보나치 (TKFIB)"", ""market"": """", ""version"": ""Rotation-stop WF v1 | composite_h25_max1_loser__breakeven_2r | one-way cost 0.10%""}",FILTER_REQUIRED_CHECK_EQUIVALENT_VERSIONS,,NOT_LINKED,,,NOT_RECORDED_BEFORE_RUN,2010-01-22,2026-08-10,1494.0,0.0101434099313704,0.0131315262190413,Rotation-stop WF v1 | composite_h25_max1_loser__breakeven_2r | one-way cost 0.10%,Unique selected-trade ledger.,기존 결과,
2trading,Rotation-stop research ledger,TKFIB,전환선·기준선 + 피보나치 (TKFIB),,Rotation-stop WF v1 | composite_h25_max1_loser__hard_8pct | one-way cost 0.10%,871be674b311c7aa257a42f5,LEGACY_IMPORTED_NOT_CORE_V6,results/expanded_strategy_results_2026-09-13.csv,312,89e81614857d58c36670973de74eab6234ea582f5ad1c5800904826d7902d0c6,results/expanded_actual_trade_records_2026-09-13.csv,"{""source_project"": ""2trading"", ""source_family"": ""Rotation-stop research ledger"", ""strategy_code"": ""TKFIB"", ""strategy_name"": ""전환선·기준선 + 피보나치 (TKFIB)"", ""market"": """", ""version"": ""Rotation-stop WF v1 | composite_h25_max1_loser__hard_8pct | one-way cost 0.10%""}",FILTER_REQUIRED_CHECK_EQUIVALENT_VERSIONS,,NOT_LINKED,,,NOT_RECORDED_BEFORE_RUN,2010-01-22,2026-08-10,1960.0,0.0068675222827834,0.0116794074568364,Rotation-stop WF v1 | composite_h25_max1_loser__hard_8pct | one-way cost 0.10%,Unique selected-trade ledger.,기존 결과,
2trading,Rotation-stop research ledger,TKFIB,전환선·기준선 + 피보나치 (TKFIB),,Rotation-stop WF v1 | composite_h25_max1_loser__natural_only | one-way cost 0.10%,d69d48aa119088ffbbd3fb98,LEGACY_IMPORTED_NOT_CORE_V6,results/expanded_strategy_results_2026-09-13.csv,313,89e81614857d58c36670973de74eab6234ea582f5ad1c5800904826d7902d0c6,results/expanded_actual_trade_records_2026-09-13.csv,"{""source_project"": ""2trading"", ""source_family"": ""Rotation-stop research ledger"", ""strategy_code"": ""TKFIB"", ""strategy_name"": ""전환선·기준선 + 피보나치 (TKFIB)"", ""market"": """", ""version"": ""Rotation-stop WF v1 | composite_h25_max1_loser__natural_only | one-way cost 0.10%""}",FILTER_REQUIRED_CHECK_EQUIVALENT_VERSIONS,,NOT_LINKED,,,NOT_RECORDED_BEFORE_RUN,2010-01-22,2026-08-10,1491.0,0.0100816402867382,0.0131757839692416,Rotation-stop WF v1 | composite_h25_max1_loser__natural_only | one-way cost 0.10%,Unique selected-trade ledger.,기존 결과,
2trading,Rotation-stop research ledger,TKFIB,전환선·기준선 + 피보나치 (TKFIB),,Rotation-stop WF v1 | composite_h25_max1_stale20__natural_only | one-way cost 0.10%,f2e438b2b7aef11f813d2cb7,LEGACY_IMPORTED_NOT_CORE_V6,results/expanded_strategy_results_2026-09-13.csv,314,89e81614857d58c36670973de74eab6234ea582f5ad1c5800904826d7902d0c6,results/expanded_actual_trade_records_2026-09-13.csv,"{""source_project"": ""2trading"", ""source_family"": ""Rotation-stop research ledger"", ""strategy_code"": ""TKFIB"", ""strategy_name"": ""전환선·기준선 + 피보나치 (TKFIB)"", ""market"": """", ""version"": ""Rotation-stop WF v1 | composite_h25_max1_stale20__natural_only | one-way cost 0.10%""}",FILTER_REQUIRED_CHECK_EQUIVALENT_VERSIONS,,NOT_LINKED,,,NOT_RECORDED_BEFORE_RUN,2010-01-22,2026-08-10,1313.0,0.0113664140019223,0.0164588496889357,Rotation-stop WF v1 | composite_h25_max1_stale20__natural_only | one-way cost 0.10%,Unique selected-trade ledger.,기존 결과,
2trading,Rotation-stop research ledger,TKFIB,전환선·기준선 + 피보나치 (TKFIB),,Rotation-stop WF v1 | composite_h25_unlimited__breakeven_2r | one-way cost 0.10%,58adea428e81676d09786893,LEGACY_IMPORTED_NOT_CORE_V6,results/expanded_strategy_results_2026-09-13.csv,315,89e81614857d58c36670973de74eab6234ea582f5ad1c5800904826d7902d0c6,results/expanded_actual_trade_records_2026-09-13.csv,"{""source_project"": ""2trading"", ""source_family"": ""Rotation-stop research ledger"", ""strategy_code"": ""TKFIB"", ""strategy_name"": ""전환선·기준선 + 피보나치 (TKFIB)"", ""market"": """", ""version"": ""Rotation-stop WF v1 | composite_h25_unlimited__breakeven_2r | one-way cost 0.10%""}",FILTER_REQUIRED_CHECK_EQUIVALENT_VERSIONS,,NOT_LINKED,,,NOT_RECORDED_BEFORE_RUN,2010-01-22,2026-08-10,1547.0,0.0107581900866913,0.0127395022932115,Rotation-stop WF v1 | composite_h25_unlimited__breakeven_2r | one-way cost 0.10%,Unique selected-trade ledger.,기존 결과,
2trading,Rotation-stop research ledger,TKFIB,전환선·기준선 + 피보나치 (TKFIB),,Rotation-stop WF v1 | composite_h25_unlimited__hard_8pct | one-way cost 0.10%,4bad80db8b73f1cc5f72223c,LEGACY_IMPORTED_NOT_CORE_V6,results/expanded_strategy_results_2026-09-13.csv,316,89e81614857d58c36670973de74eab6234ea582f5ad1c5800904826d7902d0c6,results/expanded_actual_trade_records_2026-09-13.csv,"{""source_project"": ""2trading"", ""source_family"": ""Rotation-stop research ledger"", ""strategy_code"": ""TKFIB"", ""strategy_name"": ""전환선·기준선 + 피보나치 (TKFIB)"", ""market"": """", ""version"": ""Rotation-stop WF v1 | composite_h25_unlimited__hard_8pct | one-way cost 0.10%""}",FILTER_REQUIRED_CHECK_EQUIVALENT_VERSIONS,,NOT_LINKED,,,NOT_RECORDED_BEFORE_RUN,2010-01-22,2026-08-10,2010.0,0.0062454273129691,0.0112766133811241,Rotation-stop WF v1 | composite_h25_unlimited__hard_8pct | one-way cost 0.10%,Unique selected-trade ledger.,기존 결과,
2trading,Rotation-stop research ledger,TKFIB,전환선·기준선 + 피보나치 (TKFIB),,Rotation-stop WF v1 | current_h25_unlimited__natural_only | one-way cost 0.10%,fd5ce10d0f60c64d63542cba,LEGACY_IMPORTED_NOT_CORE_V6,results/expanded_strategy_results_2026-09-13.csv,317,89e81614857d58c36670973de74eab6234ea582f5ad1c5800904826d7902d0c6,results/expanded_actual_trade_records_2026-09-13.csv,"{""source_project"": ""2trading"", ""source_family"": ""Rotation-stop research ledger"", ""strategy_code"": ""TKFIB"", ""strategy_name"": ""전환선·기준선 + 피보나치 (TKFIB)"", ""market"": """", ""version"": ""Rotation-stop WF v1 | current_h25_unlimited__natural_only | one-way cost 0.10%""}",FILTER_REQUIRED_CHECK_EQUIVALENT_VERSIONS,,NOT_LINKED,,,NOT_RECORDED_BEFORE_RUN,2010-01-22,2026-08-10,1539.0,0.0104395407166142,0.0130111867006694,Rotation-stop WF v1 | current_h25_unlimited__natural_only | one-way cost 0.10%,Identical selected-trade ledgers collapsed; all historical version labels retained.,기존 결과,
2trading,Rotation-stop research ledger,TKFIB,전환선·기준선 + 피보나치 (TKFIB),,Rotation-stop WF v1 | current_h50_max1__natural_only | one-way cost 0.10%,7f57dc57c595e47172d5319c,LEGACY_IMPORTED_NOT_CORE_V6,results/expanded_strategy_results_2026-09-13.csv,318,89e81614857d58c36670973de74eab6234ea582f5ad1c5800904826d7902d0c6,results/expanded_actual_trade_records_2026-09-13.csv,"{""source_project"": ""2trading"", ""source_family"": ""Rotation-stop research ledger"", ""strategy_code"": ""TKFIB"", ""strategy_name"": ""전환선·기준선 + 피보나치 (TKFIB)"", ""market"": """", ""version"": ""Rotation-stop WF v1 | current_h50_max1__natural_only | one-way cost 0.10%""}",FILTER_REQUIRED_CHECK_EQUIVALENT_VERSIONS,,NOT_LINKED,,,NOT_RECORDED_BEFORE_RUN,2010-01-22,2026-08-10,1385.0,0.0113531410264805,0.0145976227908282,Rotation-stop WF v1 | current_h50_max1__natural_only | one-way cost 0.10%,Identical selected-trade ledgers collapsed; all historical version labels retained.,기존 결과,
2trading,Rotation-stop research ledger,TKFIB,전환선·기준선 + 피보나치 (TKFIB),,Rotation-stop WF v1 | dynamic_h10_max1__natural_only | one-way cost 0.10%,557cc36312ab0a34046ff5ab,LEGACY_IMPORTED_NOT_CORE_V6,results/expanded_strategy_results_2026-09-13.csv,319,89e81614857d58c36670973de74eab6234ea582f5ad1c5800904826d7902d0c6,results/expanded_actual_trade_records_2026-09-13.csv,"{""source_project"": ""2trading"", ""source_family"": ""Rotation-stop research ledger"", ""strategy_code"": ""TKFIB"", ""strategy_name"": ""전환선·기준선 + 피보나치 (TKFIB)"", ""market"": """", ""version"": ""Rotation-stop WF v1 | dynamic_h10_max1__natural_only | one-way cost 0.10%""}",FILTER_REQUIRED_CHECK_EQUIVALENT_VERSIONS,,NOT_LINKED,,,NOT_RECORDED_BEFORE_RUN,2010-01-22,2026-08-10,2297.0,0.0066168703356081,0.0110371741347057,Rotation-stop WF v1 | dynamic_h10_max1__natural_only | one-way cost 0.10%,Unique selected-trade ledger.,기존 결과,
2trading,Rotation-stop research ledger,TKFIB,전환선·기준선 + 피보나치 (TKFIB),,Rotation-stop WF v1 | dynamic_h10_unlimited__natural_only | one-way cost 0.10%,5e3fb7f75225924cb2e7b7db,LEGACY_IMPORTED_NOT_CORE_V6,results/expanded_strategy_results_2026-09-13.csv,320,89e81614857d58c36670973de74eab6234ea582f5ad1c5800904826d7902d0c6,results/expanded_actual_trade_records_2026-09-13.csv,"{""source_project"": ""2trading"", ""source_family"": ""Rotation-stop research ledger"", ""strategy_code"": ""TKFIB"", ""strategy_name"": ""전환선·기준선 + 피보나치 (TKFIB)"", ""market"": """", ""version"": ""Rotation-stop WF v1 | dynamic_h10_unlimited__natural_only | one-way cost 0.10%""}",FILTER_REQUIRED_CHECK_EQUIVALENT_VERSIONS,,NOT_LINKED,,,NOT_RECORDED_BEFORE_RUN,2010-01-22,2026-08-10,2426.0,0.0063508446043903,0.0105767069452107,Rotation-stop WF v1 | dynamic_h10_unlimited__natural_only | one-way cost 0.10%,Unique selected-trade ledger.,기존 결과,
2trading,Rotation-stop research ledger,TKFIB,전환선·기준선 + 피보나치 (TKFIB),,Rotation-stop WF v1 | dynamic_h25_max1__natural_only | one-way cost 0.10%,7822cdad23fe56ae6f38ac91,LEGACY_IMPORTED_NOT_CORE_V6,results/expanded_strategy_results_2026-09-13.csv,321,89e81614857d58c36670973de74eab6234ea582f5ad1c5800904826d7902d0c6,results/expanded_actual_trade_records_2026-09-13.csv,"{""source_project"": ""2trading"", ""source_family"": ""Rotation-stop research ledger"", ""strategy_code"": ""TKFIB"", ""strategy_name"": ""전환선·기준선 + 피보나치 (TKFIB)"", ""market"": """", ""version"": ""Rotation-stop WF v1 | dynamic_h25_max1__natural_only | one-way cost 0.10%""}",FILTER_REQUIRED_CHECK_EQUIVALENT_VERSIONS,,NOT_LINKED,,,NOT_RECORDED_BEFORE_RUN,2010-01-22,2026-08-10,2085.0,0.0063573374404983,0.0122344196603065,Rotation-stop WF v1 | dynamic_h25_max1__natural_only | one-way cost 0.10%,Unique selected-trade ledger.,기존 결과,
2trading,Rotation-stop research ledger,TKFIB,전환선·기준선 + 피보나치 (TKFIB),,Rotation-stop WF v1 | dynamic_h25_max1_loser__natural_only | one-way cost 0.10%,96b23f800abdf81210683190,LEGACY_IMPORTED_NOT_CORE_V6,results/expanded_strategy_results_2026-09-13.csv,322,89e81614857d58c36670973de74eab6234ea582f5ad1c5800904826d7902d0c6,results/expanded_actual_trade_records_2026-09-13.csv,"{""source_project"": ""2trading"", ""source_family"": ""Rotation-stop research ledger"", ""strategy_code"": ""TKFIB"", ""strategy_name"": ""전환선·기준선 + 피보나치 (TKFIB)"", ""market"": """", ""version"": ""Rotation-stop WF v1 | dynamic_h25_max1_loser__natural_only | one-way cost 0.10%""}",FILTER_REQUIRED_CHECK_EQUIVALENT_VERSIONS,,NOT_LINKED,,,NOT_RECORDED_BEFORE_RUN,2010-01-22,2026-08-10,1816.0,0.0063345528501125,0.0115419315353548,Rotation-stop WF v1 | dynamic_h25_max1_loser__natural_only | one-way cost 0.10%,Unique selected-trade ledger.,기존 결과,
2trading,Rotation-stop research ledger,TKFIB,전환선·기준선 + 피보나치 (TKFIB),,Rotation-stop WF v1 | dynamic_h25_max1_stale20__natural_only | one-way cost 0.10%,f77390981351121934bcc758,LEGACY_IMPORTED_NOT_CORE_V6,results/expanded_strategy_results_2026-09-13.csv,323,89e81614857d58c36670973de74eab6234ea582f5ad1c5800904826d7902d0c6,results/expanded_actual_trade_records_2026-09-13.csv,"{""source_project"": ""2trading"", ""source_family"": ""Rotation-stop research ledger"", ""strategy_code"": ""TKFIB"", ""strategy_name"": ""전환선·기준선 + 피보나치 (TKFIB)"", ""market"": """", ""version"": ""Rotation-stop WF v1 | dynamic_h25_max1_stale20__natural_only | one-way cost 0.10%""}",FILTER_REQUIRED_CHECK_EQUIVALENT_VERSIONS,,NOT_LINKED,,,NOT_RECORDED_BEFORE_RUN,2010-01-22,2026-08-10,1550.0,0.0081351355856076,0.0140612275632177,Rotation-stop WF v1 | dynamic_h25_max1_stale20__natural_only | one-way cost 0.10%,Unique selected-trade ledger.,기존 결과,
2trading,Rotation-stop research ledger,TKFIB,전환선·기준선 + 피보나치 (TKFIB),,Rotation-stop WF v1 | dynamic_h25_unlimited__natural_only | one-way cost 0.10%,1bacaaed3955d2ec1777d622,LEGACY_IMPORTED_NOT_CORE_V6,results/expanded_strategy_results_2026-09-13.csv,324,89e81614857d58c36670973de74eab6234ea582f5ad1c5800904826d7902d0c6,results/expanded_actual_trade_records_2026-09-13.csv,"{""source_project"": ""2trading"", ""source_family"": ""Rotation-stop research ledger"", ""strategy_code"": ""TKFIB"", ""strategy_name"": ""전환선·기준선 + 피보나치 (TKFIB)"", ""market"": """", ""version"": ""Rotation-stop WF v1 | dynamic_h25_unlimited__natural_only | one-way cost 0.10%""}",FILTER_REQUIRED_CHECK_EQUIVALENT_VERSIONS,,NOT_LINKED,,,NOT_RECORDED_BEFORE_RUN,2010-01-22,2026-08-10,2109.0,0.0054722777615385,0.012034018444621,Rotation-stop WF v1 | dynamic_h25_unlimited__natural_only | one-way cost 0.10%,Unique selected-trade ledger.,기존 결과,
2trading,Rotation-stop research ledger,TKFIB,전환선·기준선 + 피보나치 (TKFIB),,Rotation-stop WF v1 | dynamic_h50_max1__natural_only | one-way cost 0.10%,1898a70422182a14202b1f4e,LEGACY_IMPORTED_NOT_CORE_V6,results/expanded_strategy_results_2026-09-13.csv,325,89e81614857d58c36670973de74eab6234ea582f5ad1c5800904826d7902d0c6,results/expanded_actual_trade_records_2026-09-13.csv,"{""source_project"": ""2trading"", ""source_family"": ""Rotation-stop research ledger"", ""strategy_code"": ""TKFIB"", ""strategy_name"": ""전환선·기준선 + 피보나치 (TKFIB)"", ""market"": """", ""version"": ""Rotation-stop WF v1 | dynamic_h50_max1__natural_only | one-way cost 0.10%""}",FILTER_REQUIRED_CHECK_EQUIVALENT_VERSIONS,,NOT_LINKED,,,NOT_RECORDED_BEFORE_RUN,2010-01-22,2026-08-10,1753.0,0.0078880215386948,0.0135557989960861,Rotation-stop WF v1 | dynamic_h50_max1__natural_only | one-way cost 0.10%,Unique selected-trade ledger.,기존 결과,
2trading,Rotation-stop research ledger,TKFIB,전환선·기준선 + 피보나치 (TKFIB),,Rotation-stop WF v1 | dynamic_h50_unlimited__natural_only | one-way cost 0.10%,463471b733b10d6ef3ce1cde,LEGACY_IMPORTED_NOT_CORE_V6,results/expanded_strategy_results_2026-09-13.csv,326,89e81614857d58c36670973de74eab6234ea582f5ad1c5800904826d7902d0c6,results/expanded_actual_trade_records_2026-09-13.csv,"{""source_project"": ""2trading"", ""source_family"": ""Rotation-stop research ledger"", ""strategy_code"": ""TKFIB"", ""strategy_name"": ""전환선·기준선 + 피보나치 (TKFIB)"", ""market"": """", ""version"": ""Rotation-stop WF v1 | dynamic_h50_unlimited__natural_only | one-way cost 0.10%""}",FILTER_REQUIRED_CHECK_EQUIVALENT_VERSIONS,,NOT_LINKED,,,NOT_RECORDED_BEFORE_RUN,2010-01-22,2026-08-10,1752.0,0.0082981707292531,0.0133400175604894,Rotation-stop WF v1 | dynamic_h50_unlimited__natural_only | one-way cost 0.10%,Unique selected-trade ledger.,기존 결과,
2trading,Rotation-stop research ledger,TKFIB,전환선·기준선 + 피보나치 (TKFIB),,Rotation-stop WF v1 | no_rotation__breakeven_1r | one-way cost 0.10%,fc4e1cfceda30b0b2c9c6d6a,LEGACY_IMPORTED_NOT_CORE_V6,results/expanded_strategy_results_2026-09-13.csv,327,89e81614857d58c36670973de74eab6234ea582f5ad1c5800904826d7902d0c6,results/expanded_actual_trade_records_2026-09-13.csv,"{""source_project"": ""2trading"", ""source_family"": ""Rotation-stop research ledger"", ""strategy_code"": ""TKFIB"", ""strategy_name"": ""전환선·기준선 + 피보나치 (TKFIB)"", ""market"": """", ""version"": ""Rotation-stop WF v1 | no_rotation__breakeven_1r | one-way cost 0.10%""}",FILTER_REQUIRED_CHECK_EQUIVALENT_VERSIONS,,NOT_LINKED,,,NOT_RECORDED_BEFORE_RUN,2010-01-22,2026-08-10,1300.0,0.0118417739534164,0.0151850975880455,Rotation-stop WF v1 | no_rotation__breakeven_1r | one-way cost 0.10%,Unique selected-trade ledger.,기존 결과,
2trading,Rotation-stop research ledger,TKFIB,전환선·기준선 + 피보나치 (TKFIB),,Rotation-stop WF v1 | no_rotation__breakeven_2r | one-way cost 0.10%,8a8e06982caf2bc0c5b20d75,LEGACY_IMPORTED_NOT_CORE_V6,results/expanded_strategy_results_2026-09-13.csv,328,89e81614857d58c36670973de74eab6234ea582f5ad1c5800904826d7902d0c6,results/expanded_actual_trade_records_2026-09-13.csv,"{""source_project"": ""2trading"", ""source_family"": ""Rotation-stop research ledger"", ""strategy_code"": ""TKFIB"", ""strategy_name"": ""전환선·기준선 + 피보나치 (TKFIB)"", ""market"": """", ""version"": ""Rotation-stop WF v1 | no_rotation__breakeven_2r | one-way cost 0.10%""}",FILTER_REQUIRED_CHECK_EQUIVALENT_VERSIONS,,NOT_LINKED,,,NOT_RECORDED_BEFORE_RUN,2010-01-22,2026-08-10,1231.0,0.0121280938388207,0.0161881109384749,Rotation-stop WF v1 | no_rotation__breakeven_2r | one-way cost 0.10%,Unique selected-trade ledger.,기존 결과,
2trading,Rotation-stop research ledger,TKFIB,전환선·기준선 + 피보나치 (TKFIB),,Rotation-stop WF v1 | no_rotation__chandelier_2atr | one-way cost 0.10%,c9b2b8c1ac5264709af55cf8,LEGACY_IMPORTED_NOT_CORE_V6,results/expanded_strategy_results_2026-09-13.csv,329,89e81614857d58c36670973de74eab6234ea582f5ad1c5800904826d7902d0c6,results/expanded_actual_trade_records_2026-09-13.csv,"{""source_project"": ""2trading"", ""source_family"": ""Rotation-stop research ledger"", ""strategy_code"": ""TKFIB"", ""strategy_name"": ""전환선·기준선 + 피보나치 (TKFIB)"", ""market"": """", ""version"": ""Rotation-stop WF v1 | no_rotation__chandelier_2atr | one-way cost 0.10%""}",FILTER_REQUIRED_CHECK_EQUIVALENT_VERSIONS,,NOT_LINKED,,,NOT_RECORDED_BEFORE_RUN,2010-01-22,2026-08-10,2444.0,0.0042691244311252,0.0098531692101662,Rotation-stop WF v1 | no_rotation__chandelier_2atr | one-way cost 0.10%,Unique selected-trade ledger.,기존 결과,
2trading,Rotation-stop research ledger,TKFIB,전환선·기준선 + 피보나치 (TKFIB),,Rotation-stop WF v1 | no_rotation__chandelier_3atr | one-way cost 0.10%,3476dc7845cb551725237765,LEGACY_IMPORTED_NOT_CORE_V6,results/expanded_strategy_results_2026-09-13.csv,330,89e81614857d58c36670973de74eab6234ea582f5ad1c5800904826d7902d0c6,results/expanded_actual_trade_records_2026-09-13.csv,"{""source_project"": ""2trading"", ""source_family"": ""Rotation-stop research ledger"", ""strategy_code"": ""TKFIB"", ""strategy_name"": ""전환선·기준선 + 피보나치 (TKFIB)"", ""market"": """", ""version"": ""Rotation-stop WF v1 | no_rotation__chandelier_3atr | one-way cost 0.10%""}",FILTER_REQUIRED_CHECK_EQUIVALENT_VERSIONS,,NOT_LINKED,,,NOT_RECORDED_BEFORE_RUN,2010-01-22,2026-08-10,2023.0,0.006368981709753,0.0120853419997075,Rotation-stop WF v1 | no_rotation__chandelier_3atr | one-way cost 0.10%,Unique selected-trade ledger.,기존 결과,
2trading,Rotation-stop research ledger,TKFIB,전환선·기준선 + 피보나치 (TKFIB),,Rotation-stop WF v1 | no_rotation__chandelier_4atr | one-way cost 0.10%,e79911186c02a7005af50ba7,LEGACY_IMPORTED_NOT_CORE_V6,results/expanded_strategy_results_2026-09-13.csv,331,89e81614857d58c36670973de74eab6234ea582f5ad1c5800904826d7902d0c6,results/expanded_actual_trade_records_2026-09-13.csv,"{""source_project"": ""2trading"", ""source_family"": ""Rotation-stop research ledger"", ""strategy_code"": ""TKFIB"", ""strategy_name"": ""전환선·기준선 + 피보나치 (TKFIB)"", ""market"": """", ""version"": ""Rotation-stop WF v1 | no_rotation__chandelier_4atr | one-way cost 0.10%""}",FILTER_REQUIRED_CHECK_EQUIVALENT_VERSIONS,,NOT_LINKED,,,NOT_RECORDED_BEFORE_RUN,2010-01-22,2026-08-10,1753.0,0.0080875066382821,0.0137882374721878,Rotation-stop WF v1 | no_rotation__chandelier_4atr | one-way cost 0.10%,Unique selected-trade ledger.,기존 결과,
2trading,Rotation-stop research ledger,TKFIB,전환선·기준선 + 피보나치 (TKFIB),,Rotation-stop WF v1 | no_rotation__ema20_close_exit | one-way cost 0.10%,7e9954435d903d9f5efe02d8,LEGACY_IMPORTED_NOT_CORE_V6,results/expanded_strategy_results_2026-09-13.csv,332,89e81614857d58c36670973de74eab6234ea582f5ad1c5800904826d7902d0c6,results/expanded_actual_trade_records_2026-09-13.csv,"{""source_project"": ""2trading"", ""source_family"": ""Rotation-stop research ledger"", ""strategy_code"": ""TKFIB"", ""strategy_name"": ""전환선·기준선 + 피보나치 (TKFIB)"", ""market"": """", ""version"": ""Rotation-stop WF v1 | no_rotation__ema20_close_exit | one-way cost 0.10%""}",FILTER_REQUIRED_CHECK_EQUIVALENT_VERSIONS,,NOT_LINKED,,,NOT_RECORDED_BEFORE_RUN,2010-01-22,2026-08-10,5076.0,0.0007923367656926,0.0006087134736756,Rotation-stop WF v1 | no_rotation__ema20_close_exit | one-way cost 0.10%,Unique selected-trade ledger.,기존 결과,
2trading,Rotation-stop research ledger,TKFIB,전환선·기준선 + 피보나치 (TKFIB),,Rotation-stop WF v1 | no_rotation__entry_atr_1p5 | one-way cost 0.10%,374c1895e8a94c7c2fd25e13,LEGACY_IMPORTED_NOT_CORE_V6,results/expanded_strategy_results_2026-09-13.csv,333,89e81614857d58c36670973de74eab6234ea582f5ad1c5800904826d7902d0c6,results/expanded_actual_trade_records_2026-09-13.csv,"{""source_project"": ""2trading"", ""source_family"": ""Rotation-stop research ledger"", ""strategy_code"": ""TKFIB"", ""strategy_name"": ""전환선·기준선 + 피보나치 (TKFIB)"", ""market"": """", ""version"": ""Rotation-stop WF v1 | no_rotation__entry_atr_1p5 | one-way cost 0.10%""}",FILTER_REQUIRED_CHECK_EQUIVALENT_VERSIONS,,NOT_LINKED,,,NOT_RECORDED_BEFORE_RUN,2010-01-22,2026-08-10,2339.0,0.0046704165254902,0.0089790983337947,Rotation-stop WF v1 | no_rotation__entry_atr_1p5 | one-way cost 0.10%,Unique selected-trade ledger.,기존 결과,
2trading,Rotation-stop research ledger,TKFIB,전환선·기준선 + 피보나치 (TKFIB),,Rotation-stop WF v1 | no_rotation__entry_atr_2p0 | one-way cost 0.10%,114dec1472a6cc8026fa8001,LEGACY_IMPORTED_NOT_CORE_V6,results/expanded_strategy_results_2026-09-13.csv,334,89e81614857d58c36670973de74eab6234ea582f5ad1c5800904826d7902d0c6,results/expanded_actual_trade_records_2026-09-13.csv,"{""source_project"": ""2trading"", ""source_family"": ""Rotation-stop research ledger"", ""strategy_code"": ""TKFIB"", ""strategy_name"": ""전환선·기준선 + 피보나치 (TKFIB)"", ""market"": """", ""version"": ""Rotation-stop WF v1 | no_rotation__entry_atr_2p0 | one-way cost 0.10%""}",FILTER_REQUIRED_CHECK_EQUIVALENT_VERSIONS,,NOT_LINKED,,,NOT_RECORDED_BEFORE_RUN,2010-01-22,2026-08-10,2047.0,0.0058042175621432,0.0118519639289014,Rotation-stop WF v1 | no_rotation__entry_atr_2p0 | one-way cost 0.10%,Unique selected-trade ledger.,기존 결과,
2trading,Rotation-stop research ledger,TKFIB,전환선·기준선 + 피보나치 (TKFIB),,Rotation-stop WF v1 | no_rotation__entry_atr_3p0 | one-way cost 0.10%,e49e955b3ad5f663da5ac77b,LEGACY_IMPORTED_NOT_CORE_V6,results/expanded_strategy_results_2026-09-13.csv,335,89e81614857d58c36670973de74eab6234ea582f5ad1c5800904826d7902d0c6,results/expanded_actual_trade_records_2026-09-13.csv,"{""source_project"": ""2trading"", ""source_family"": ""Rotation-stop research ledger"", ""strategy_code"": ""TKFIB"", ""strategy_name"": ""전환선·기준선 + 피보나치 (TKFIB)"", ""market"": """", ""version"": ""Rotation-stop WF v1 | no_rotation__entry_atr_3p0 | one-way cost 0.10%""}",FILTER_REQUIRED_CHECK_EQUIVALENT_VERSIONS,,NOT_LINKED,,,NOT_RECORDED_BEFORE_RUN,2010-01-22,2026-08-10,1672.0,0.0074845183264777,0.0140612275632177,Rotation-stop WF v1 | no_rotation__entry_atr_3p0 | one-way cost 0.10%,Unique selected-trade ledger.,기존 결과,
2trading,Rotation-stop research ledger,TKFIB,전환선·기준선 + 피보나치 (TKFIB),,Rotation-stop WF v1 | no_rotation__hard_12pct | one-way cost 0.10%,22e28db159ec81ffe83052ac,LEGACY_IMPORTED_NOT_CORE_V6,results/expanded_strategy_results_2026-09-13.csv,336,89e81614857d58c36670973de74eab6234ea582f5ad1c5800904826d7902d0c6,results/expanded_actual_trade_records_2026-09-13.csv,"{""source_project"": ""2trading"", ""source_family"": ""Rotation-stop research ledger"", ""strategy_code"": ""TKFIB"", ""strategy_name"": ""전환선·기준선 + 피보나치 (TKFIB)"", ""market"": """", ""version"": ""Rotation-stop WF v1 | no_rotation__hard_12pct | one-way cost 0.10%""}",FILTER_REQUIRED_CHECK_EQUIVALENT_VERSIONS,,NOT_LINKED,,,NOT_RECORDED_BEFORE_RUN,2010-01-22,2026-08-10,1520.0,0.0083239501880918,0.0160066785140069,Rotation-stop WF v1 | no_rotation__hard_12pct | one-way cost 0.10%,Unique selected-trade ledger.,기존 결과,
2trading,Rotation-stop research ledger,TKFIB,전환선·기준선 + 피보나치 (TKFIB),,Rotation-stop WF v1 | no_rotation__hard_5pct | one-way cost 0.10%,0018ed5b68c2d676bc7fa12a,LEGACY_IMPORTED_NOT_CORE_V6,results/expanded_strategy_results_2026-09-13.csv,337,89e81614857d58c36670973de74eab6234ea582f5ad1c5800904826d7902d0c6,results/expanded_actual_trade_records_2026-09-13.csv,"{""source_project"": ""2trading"", ""source_family"": ""Rotation-stop research ledger"", ""strategy_code"": ""TKFIB"", ""strategy_name"": ""전환선·기준선 + 피보나치 (TKFIB)"", ""market"": """", ""version"": ""Rotation-stop WF v1 | no_rotation__hard_5pct | one-way cost 0.10%""}",FILTER_REQUIRED_CHECK_EQUIVALENT_VERSIONS,,NOT_LINKED,,,NOT_RECORDED_BEFORE_RUN,2010-01-22,2026-08-10,2241.0,0.0036939159896534,0.0089129090422184,Rotation-stop WF v1 | no_rotation__hard_5pct | one-way cost 0.10%,Unique selected-trade ledger.,기존 결과,
2trading,Rotation-stop research ledger,TKFIB,전환선·기준선 + 피보나치 (TKFIB),,Rotation-stop WF v1 | no_rotation__hard_8pct | one-way cost 0.10%,e077cd264c888d5cc3e4c0f0,LEGACY_IMPORTED_NOT_CORE_V6,results/expanded_strategy_results_2026-09-13.csv,338,89e81614857d58c36670973de74eab6234ea582f5ad1c5800904826d7902d0c6,results/expanded_actual_trade_records_2026-09-13.csv,"{""source_project"": ""2trading"", ""source_family"": ""Rotation-stop research ledger"", ""strategy_code"": ""TKFIB"", ""strategy_name"": ""전환선·기준선 + 피보나치 (TKFIB)"", ""market"": """", ""version"": ""Rotation-stop WF v1 | no_rotation__hard_8pct | one-way cost 0.10%""}",FILTER_REQUIRED_CHECK_EQUIVALENT_VERSIONS,,NOT_LINKED,,,NOT_RECORDED_BEFORE_RUN,2010-01-22,2026-08-10,1781.0,0.0068340833781599,0.0136394934400747,Rotation-stop WF v1 | no_rotation__hard_8pct | one-way cost 0.10%,Unique selected-trade ledger.,기존 결과,
2trading,Rotation-stop research ledger,TKFIB,전환선·기준선 + 피보나치 (TKFIB),,Rotation-stop WF v1 | no_rotation__natural_only | one-way cost 0.10%,f06cddfc51142f10ff4a9138,LEGACY_IMPORTED_NOT_CORE_V6,results/expanded_strategy_results_2026-09-13.csv,339,89e81614857d58c36670973de74eab6234ea582f5ad1c5800904826d7902d0c6,results/expanded_actual_trade_records_2026-09-13.csv,"{""source_project"": ""2trading"", ""source_family"": ""Rotation-stop research ledger"", ""strategy_code"": ""TKFIB"", ""strategy_name"": ""전환선·기준선 + 피보나치 (TKFIB)"", ""market"": """", ""version"": ""Rotation-stop WF v1 | no_rotation__natural_only | one-way cost 0.10%""}",FILTER_REQUIRED_CHECK_EQUIVALENT_VERSIONS,,NOT_LINKED,,,NOT_RECORDED_BEFORE_RUN,2010-01-22,2026-08-10,1232.0,0.0119566786655932,0.0162103827362127,Rotation-stop WF v1 | no_rotation__natural_only | one-way cost 0.10%,Unique selected-trade ledger.,기존 결과,
2trading,Rotation-stop research ledger,TKFIB,전환선·기준선 + 피보나치 (TKFIB),,Rotation-stop WF v1 | no_rotation__time_10_nonpositive | one-way cost 0.10%,b8567176d905608da9dfc76f,LEGACY_IMPORTED_NOT_CORE_V6,results/expanded_strategy_results_2026-09-13.csv,340,89e81614857d58c36670973de74eab6234ea582f5ad1c5800904826d7902d0c6,results/expanded_actual_trade_records_2026-09-13.csv,"{""source_project"": ""2trading"", ""source_family"": ""Rotation-stop research ledger"", ""strategy_code"": ""TKFIB"", ""strategy_name"": ""전환선·기준선 + 피보나치 (TKFIB)"", ""market"": """", ""version"": ""Rotation-stop WF v1 | no_rotation__time_10_nonpositive | one-way cost 0.10%""}",FILTER_REQUIRED_CHECK_EQUIVALENT_VERSIONS,,NOT_LINKED,,,NOT_RECORDED_BEFORE_RUN,2010-01-22,2026-08-10,2206.0,0.0056492656486547,0.0098233160732349,Rotation-stop WF v1 | no_rotation__time_10_nonpositive | one-way cost 0.10%,Unique selected-trade ledger.,기존 결과,
2trading,Rotation-stop research ledger,TKFIB,전환선·기준선 + 피보나치 (TKFIB),,Rotation-stop WF v1 | no_rotation__time_20_nonpositive | one-way cost 0.10%,a7b6e1e9c733189a078f45be,LEGACY_IMPORTED_NOT_CORE_V6,results/expanded_strategy_results_2026-09-13.csv,341,89e81614857d58c36670973de74eab6234ea582f5ad1c5800904826d7902d0c6,results/expanded_actual_trade_records_2026-09-13.csv,"{""source_project"": ""2trading"", ""source_family"": ""Rotation-stop research ledger"", ""strategy_code"": ""TKFIB"", ""strategy_name"": ""전환선·기준선 + 피보나치 (TKFIB)"", ""market"": """", ""version"": ""Rotation-stop WF v1 | no_rotation__time_20_nonpositive | one-way cost 0.10%""}",FILTER_REQUIRED_CHECK_EQUIVALENT_VERSIONS,,NOT_LINKED,,,NOT_RECORDED_BEFORE_RUN,2010-01-22,2026-08-10,1712.0,0.0076640832385042,0.0126049432820317,Rotation-stop WF v1 | no_rotation__time_20_nonpositive | one-way cost 0.10%,Unique selected-trade ledger.,기존 결과,
2trading,Trendline independent trades,TRENDBREAK_REVERSE,Trendlines with Breaks 역추세,,v1 realtime | next-open | ATR14×2 fixed stop | gross,4886b0db87520060389e23e9,LEGACY_IMPORTED_NOT_CORE_V6,results/expanded_strategy_results_2026-09-13.csv,342,89e81614857d58c36670973de74eab6234ea582f5ad1c5800904826d7902d0c6,results/expanded_actual_trade_records_2026-09-13.csv,"{""source_project"": ""2trading"", ""source_family"": ""Trendline independent trades"", ""strategy_code"": ""TRENDBREAK_REVERSE"", ""strategy_name"": ""Trendlines with Breaks 역추세"", ""market"": """", ""version"": ""v1 realtime | next-open | ATR14×2 fixed stop | gross""}",FILTER_REQUIRED_CHECK_EQUIVALENT_VERSIONS,,NOT_LINKED,,,NOT_RECORDED_BEFORE_RUN,2021-08-24,2026-04-13,29.0,0.0069917126409403,0.0095129546543499,v1 realtime | next-open | ATR14×2 fixed stop | gross,Unique selected-trade ledger.,기존 결과,
2trading,Trendline independent trades,TRENDBREAK_TREND,Trendlines with Breaks 정추세,,v1 realtime | next-open | ATR14×2 fixed stop | gross,81d8a77e85987c6050f5e979,LEGACY_IMPORTED_NOT_CORE_V6,results/expanded_strategy_results_2026-09-13.csv,343,89e81614857d58c36670973de74eab6234ea582f5ad1c5800904826d7902d0c6,results/expanded_actual_trade_records_2026-09-13.csv,"{""source_project"": ""2trading"", ""source_family"": ""Trendline independent trades"", ""strategy_code"": ""TRENDBREAK_TREND"", ""strategy_name"": ""Trendlines with Breaks 정추세"", ""market"": """", ""version"": ""v1 realtime | next-open | ATR14×2 fixed stop | gross""}",FILTER_REQUIRED_CHECK_EQUIVALENT_VERSIONS,,NOT_LINKED,,,NOT_RECORDED_BEFORE_RUN,2021-08-25,2026-07-28,25.0,0.1465647500529763,-0.0472307092610191,v1 realtime | next-open | ATR14×2 fixed stop | gross,Unique selected-trade ledger.,기존 결과,
imported_trading_project,historical_actual_trades_exact.csv,S25,S25_macd_rsi_sma200,,"v1 | stop=7.5%, RR=2 | capacity=15 | selection=mktcap | rotation=pnl",96cfff845d42ed0b6f45fd51,LEGACY_IMPORTED_NOT_CORE_V6,results/expanded_strategy_results_2026-09-13.csv,344,89e81614857d58c36670973de74eab6234ea582f5ad1c5800904826d7902d0c6,results/expanded_actual_trade_records_2026-09-13.csv,"{""source_project"": ""imported_trading_project"", ""source_family"": ""historical_actual_trades_exact.csv"", ""strategy_code"": ""S25"", ""strategy_name"": ""S25_macd_rsi_sma200"", ""market"": """", ""version"": ""v1 | stop=7.5%, RR=2 | capacity=15 | selection=mktcap | rotation=pnl""}",FILTER_REQUIRED_CHECK_EQUIVALENT_VERSIONS,,NOT_LINKED,,,NOT_RECORDED_BEFORE_RUN,2007-06-19,2024-12-23,4795.0,0.0030581149776886,-0.0114232681770497,"v1 | stop=7.5%, RR=2 | capacity=15 | selection=mktcap | rotation=pnl",Unique imported selected-trade ledger; harmonized Top 5% uses the 2trading net-sum denominator.,기존 결과,
imported_trading_project,historical_actual_trades_exact.csv,S26,S26_rsi14_sma200_dip,,"v1 | stop=7.5%, RR=2 | capacity=15 | selection=alphabetical | rotation=none",6abe307ad7ba67027081a95a,LEGACY_IMPORTED_NOT_CORE_V6,results/expanded_strategy_results_2026-09-13.csv,345,89e81614857d58c36670973de74eab6234ea582f5ad1c5800904826d7902d0c6,results/expanded_actual_trade_records_2026-09-13.csv,"{""source_project"": ""imported_trading_project"", ""source_family"": ""historical_actual_trades_exact.csv"", ""strategy_code"": ""S26"", ""strategy_name"": ""S26_rsi14_sma200_dip"", ""market"": """", ""version"": ""v1 | stop=7.5%, RR=2 | capacity=15 | selection=alphabetical | rotation=none""}",FILTER_REQUIRED_CHECK_EQUIVALENT_VERSIONS,,NOT_LINKED,,,NOT_RECORDED_BEFORE_RUN,2007-06-19,2024-12-20,1192.0,0.0152398995861886,-0.0121905097059522,"v1 | stop=7.5%, RR=2 | capacity=15 | selection=alphabetical | rotation=none",Unique imported selected-trade ledger; harmonized Top 5% uses the 2trading net-sum denominator.,기존 결과,
imported_trading_project,canonical historical rerun,A2,A2_timeseries_momentum,US,canonical v1 | fixed snapshot screen=2024-12-30 | RR=3.0 | ATR stop defaults | shared-capital portfolio,4ff3bdab00a2bb0301bd1270,LEGACY_IMPORTED_NOT_CORE_V6,results/expanded_strategy_results_2026-09-13.csv,346,89e81614857d58c36670973de74eab6234ea582f5ad1c5800904826d7902d0c6,results/expanded_actual_trade_records_2026-09-13.csv,"{""source_project"": ""imported_trading_project"", ""source_family"": ""canonical historical rerun"", ""strategy_code"": ""A2"", ""strategy_name"": ""A2_timeseries_momentum"", ""market"": ""US"", ""version"": ""canonical v1 | fixed snapshot screen=2024-12-30 | RR=3.0 | ATR stop defaults | shared-capital portfolio""}",FILTER_REQUIRED_CHECK_EQUIVALENT_VERSIONS,,NOT_LINKED,,,NOT_RECORDED_BEFORE_RUN,2010-01-06,2024-12-20,1587.0,0.0309193312386834,-0.049659886517387,canonical v1 | fixed snapshot screen=2024-12-30 | RR=3.0 | ATR stop defaults | shared-capital portfolio,,기존 결과,
imported_trading_project,canonical historical rerun,A3,A3_cross_sectional_momentum,US,canonical v1 | fixed snapshot screen=2024-12-30 | RR=3.0 | ATR stop defaults | shared-capital portfolio,4728a16605a7a6ea27ae02bc,LEGACY_IMPORTED_NOT_CORE_V6,results/expanded_strategy_results_2026-09-13.csv,347,89e81614857d58c36670973de74eab6234ea582f5ad1c5800904826d7902d0c6,results/expanded_actual_trade_records_2026-09-13.csv,"{""source_project"": ""imported_trading_project"", ""source_family"": ""canonical historical rerun"", ""strategy_code"": ""A3"", ""strategy_name"": ""A3_cross_sectional_momentum"", ""market"": ""US"", ""version"": ""canonical v1 | fixed snapshot screen=2024-12-30 | RR=3.0 | ATR stop defaults | shared-capital portfolio""}",FILTER_REQUIRED_CHECK_EQUIVALENT_VERSIONS,,NOT_LINKED,,,NOT_RECORDED_BEFORE_RUN,2009-06-29,2024-12-27,374.0,0.094228826783145,0.0009626873477077,canonical v1 | fixed snapshot screen=2024-12-30 | RR=3.0 | ATR stop defaults | shared-capital portfolio,,기존 결과,
imported_trading_project,canonical historical rerun,C1,C1_mean_reversion,US,canonical v1 | fixed snapshot screen=2024-12-30 | RR=3.0 | ATR stop defaults | shared-capital portfolio,2ff3be1658d2140598c2e97f,LEGACY_IMPORTED_NOT_CORE_V6,results/expanded_strategy_results_2026-09-13.csv,348,89e81614857d58c36670973de74eab6234ea582f5ad1c5800904826d7902d0c6,results/expanded_actual_trade_records_2026-09-13.csv,"{""source_project"": ""imported_trading_project"", ""source_family"": ""canonical historical rerun"", ""strategy_code"": ""C1"", ""strategy_name"": ""C1_mean_reversion"", ""market"": ""US"", ""version"": ""canonical v1 | fixed snapshot screen=2024-12-30 | RR=3.0 | ATR stop defaults | shared-capital portfolio""}",FILTER_REQUIRED_CHECK_EQUIVALENT_VERSIONS,,NOT_LINKED,,,NOT_RECORDED_BEFORE_RUN,2010-01-20,2024-12-19,842.0,0.0409276389249469,-0.0497313342132329,canonical v1 | fixed snapshot screen=2024-12-30 | RR=3.0 | ATR stop defaults | shared-capital portfolio,,기존 결과,
imported_trading_project,canonical historical rerun,C2,C2_support_resistance,US,canonical v1 | fixed snapshot screen=2024-12-30 | RR=3.0 | ATR stop defaults | shared-capital portfolio,e0bbb34062b69e5b7fff0709,LEGACY_IMPORTED_NOT_CORE_V6,results/expanded_strategy_results_2026-09-13.csv,349,89e81614857d58c36670973de74eab6234ea582f5ad1c5800904826d7902d0c6,results/expanded_actual_trade_records_2026-09-13.csv,"{""source_project"": ""imported_trading_project"", ""source_family"": ""canonical historical rerun"", ""strategy_code"": ""C2"", ""strategy_name"": ""C2_support_resistance"", ""market"": ""US"", ""version"": ""canonical v1 | fixed snapshot screen=2024-12-30 | RR=3.0 | ATR stop defaults | shared-capital portfolio""}",FILTER_REQUIRED_CHECK_EQUIVALENT_VERSIONS,,NOT_LINKED,,,NOT_RECORDED_BEFORE_RUN,2010-01-20,2024-12-19,711.0,0.0040164797345354,-0.026546491388335,canonical v1 | fixed snapshot screen=2024-12-30 | RR=3.0 | ATR stop defaults | shared-capital portfolio,,기존 결과,
imported_trading_project,canonical historical rerun,C3,C3_low_volatility,US,canonical v1 | fixed snapshot screen=2024-12-30 | RR=3.0 | ATR stop defaults | shared-capital portfolio,0793466986438a4e853df3ae,LEGACY_IMPORTED_NOT_CORE_V6,results/expanded_strategy_results_2026-09-13.csv,350,89e81614857d58c36670973de74eab6234ea582f5ad1c5800904826d7902d0c6,results/expanded_actual_trade_records_2026-09-13.csv,"{""source_project"": ""imported_trading_project"", ""source_family"": ""canonical historical rerun"", ""strategy_code"": ""C3"", ""strategy_name"": ""C3_low_volatility"", ""market"": ""US"", ""version"": ""canonical v1 | fixed snapshot screen=2024-12-30 | RR=3.0 | ATR stop defaults | shared-capital portfolio""}",FILTER_REQUIRED_CHECK_EQUIVALENT_VERSIONS,,NOT_LINKED,,,NOT_RECORDED_BEFORE_RUN,2009-06-15,2024-12-12,450.0,0.0353792361886833,0.0254353108647289,canonical v1 | fixed snapshot screen=2024-12-30 | RR=3.0 | ATR stop defaults | shared-capital portfolio,,기존 결과,
imported_trading_project,canonical historical rerun,S10,S10_turtle_soup_reversal,US,canonical v1 | fixed snapshot screen=2024-12-30 | RR=3.0 | ATR stop defaults | shared-capital portfolio,58ff3742e07f1e764ba56025,LEGACY_IMPORTED_NOT_CORE_V6,results/expanded_strategy_results_2026-09-13.csv,351,89e81614857d58c36670973de74eab6234ea582f5ad1c5800904826d7902d0c6,results/expanded_actual_trade_records_2026-09-13.csv,"{""source_project"": ""imported_trading_project"", ""source_family"": ""canonical historical rerun"", ""strategy_code"": ""S10"", ""strategy_name"": ""S10_turtle_soup_reversal"", ""market"": ""US"", ""version"": ""canonical v1 | fixed snapshot screen=2024-12-30 | RR=3.0 | ATR stop defaults | shared-capital portfolio""}",FILTER_REQUIRED_CHECK_EQUIVALENT_VERSIONS,,NOT_LINKED,,,NOT_RECORDED_BEFORE_RUN,2010-01-13,2024-12-27,2069.0,0.0310085794987364,-0.0483636229171666,canonical v1 | fixed snapshot screen=2024-12-30 | RR=3.0 | ATR stop defaults | shared-capital portfolio,,기존 결과,
imported_trading_project,canonical historical rerun,S11,S11_golden_cross,US,canonical v1 | fixed snapshot screen=2024-12-30 | RR=3.0 | ATR stop defaults | shared-capital portfolio,03481a6d8d5b73656fbc15ee,LEGACY_IMPORTED_NOT_CORE_V6,results/expanded_strategy_results_2026-09-13.csv,352,89e81614857d58c36670973de74eab6234ea582f5ad1c5800904826d7902d0c6,results/expanded_actual_trade_records_2026-09-13.csv,"{""source_project"": ""imported_trading_project"", ""source_family"": ""canonical historical rerun"", ""strategy_code"": ""S11"", ""strategy_name"": ""S11_golden_cross"", ""market"": ""US"", ""version"": ""canonical v1 | fixed snapshot screen=2024-12-30 | RR=3.0 | ATR stop defaults | shared-capital portfolio""}",FILTER_REQUIRED_CHECK_EQUIVALENT_VERSIONS,,NOT_LINKED,,,NOT_RECORDED_BEFORE_RUN,2010-01-14,2024-11-27,354.0,0.0259072511908195,-0.0522295977327276,canonical v1 | fixed snapshot screen=2024-12-30 | RR=3.0 | ATR stop defaults | shared-capital portfolio,,기존 결과,
imported_trading_project,canonical historical rerun,S12,S12_episodic_pivot,US,canonical v1 | fixed snapshot screen=2024-12-30 | RR=3.0 | ATR stop defaults | shared-capital portfolio,d9c19cbafc22c1dc65da1ff4,LEGACY_IMPORTED_NOT_CORE_V6,results/expanded_strategy_results_2026-09-13.csv,353,89e81614857d58c36670973de74eab6234ea582f5ad1c5800904826d7902d0c6,results/expanded_actual_trade_records_2026-09-13.csv,"{""source_project"": ""imported_trading_project"", ""source_family"": ""canonical historical rerun"", ""strategy_code"": ""S12"", ""strategy_name"": ""S12_episodic_pivot"", ""market"": ""US"", ""version"": ""canonical v1 | fixed snapshot screen=2024-12-30 | RR=3.0 | ATR stop defaults | shared-capital portfolio""}",FILTER_REQUIRED_CHECK_EQUIVALENT_VERSIONS,,NOT_LINKED,,,NOT_RECORDED_BEFORE_RUN,2010-04-29,2024-12-05,83.0,0.0672354335295354,0.0434671255239575,canonical v1 | fixed snapshot screen=2024-12-30 | RR=3.0 | ATR stop defaults | shared-capital portfolio,,기존 결과,
imported_trading_project,canonical historical rerun,S15,S15_week52_low_reversal,US,canonical v1 | fixed snapshot screen=2024-12-30 | RR=3.0 | ATR stop defaults | shared-capital portfolio,66f2b978357f8d4306daa0a5,LEGACY_IMPORTED_NOT_CORE_V6,results/expanded_strategy_results_2026-09-13.csv,354,89e81614857d58c36670973de74eab6234ea582f5ad1c5800904826d7902d0c6,results/expanded_actual_trade_records_2026-09-13.csv,"{""source_project"": ""imported_trading_project"", ""source_family"": ""canonical historical rerun"", ""strategy_code"": ""S15"", ""strategy_name"": ""S15_week52_low_reversal"", ""market"": ""US"", ""version"": ""canonical v1 | fixed snapshot screen=2024-12-30 | RR=3.0 | ATR stop defaults | shared-capital portfolio""}",FILTER_REQUIRED_CHECK_EQUIVALENT_VERSIONS,,NOT_LINKED,,,NOT_RECORDED_BEFORE_RUN,2010-05-26,2024-12-18,325.0,0.0647500272057534,-0.0509963007669623,canonical v1 | fixed snapshot screen=2024-12-30 | RR=3.0 | ATR stop defaults | shared-capital portfolio,,기존 결과,
imported_trading_project,canonical historical rerun,S16,S16_turn_of_month,US,canonical v1 | fixed snapshot screen=2024-12-30 | RR=3.0 | ATR stop defaults | shared-capital portfolio,8dd08ffc6f07ba65dcf2de48,LEGACY_IMPORTED_NOT_CORE_V6,results/expanded_strategy_results_2026-09-13.csv,355,89e81614857d58c36670973de74eab6234ea582f5ad1c5800904826d7902d0c6,results/expanded_actual_trade_records_2026-09-13.csv,"{""source_project"": ""imported_trading_project"", ""source_family"": ""canonical historical rerun"", ""strategy_code"": ""S16"", ""strategy_name"": ""S16_turn_of_month"", ""market"": ""US"", ""version"": ""canonical v1 | fixed snapshot screen=2024-12-30 | RR=3.0 | ATR stop defaults | shared-capital portfolio""}",FILTER_REQUIRED_CHECK_EQUIVALENT_VERSIONS,,NOT_LINKED,,,NOT_RECORDED_BEFORE_RUN,2010-01-27,2024-12-23,2535.0,0.027332763460714,-0.0486230523387114,canonical v1 | fixed snapshot screen=2024-12-30 | RR=3.0 | ATR stop defaults | shared-capital portfolio,,기존 결과,
imported_trading_project,canonical historical rerun,S18,S18_pre_holiday_effect,US,canonical v1 | fixed snapshot screen=2024-12-30 | RR=3.0 | ATR stop defaults | shared-capital portfolio,68d14bf17027e3e289d05b87,LEGACY_IMPORTED_NOT_CORE_V6,results/expanded_strategy_results_2026-09-13.csv,356,89e81614857d58c36670973de74eab6234ea582f5ad1c5800904826d7902d0c6,results/expanded_actual_trade_records_2026-09-13.csv,"{""source_project"": ""imported_trading_project"", ""source_family"": ""canonical historical rerun"", ""strategy_code"": ""S18"", ""strategy_name"": ""S18_pre_holiday_effect"", ""market"": ""US"", ""version"": ""canonical v1 | fixed snapshot screen=2024-12-30 | RR=3.0 | ATR stop defaults | shared-capital portfolio""}",FILTER_REQUIRED_CHECK_EQUIVALENT_VERSIONS,,NOT_LINKED,,,NOT_RECORDED_BEFORE_RUN,2010-01-14,2024-12-20,2329.0,0.0279164035298123,-0.0503771190191555,canonical v1 | fixed snapshot screen=2024-12-30 | RR=3.0 | ATR stop defaults | shared-capital portfolio,,기존 결과,
imported_trading_project,canonical historical rerun,S19,S19_double_bottom_breakout,US,canonical v1 | fixed snapshot screen=2024-12-30 | RR=3.0 | ATR stop defaults | shared-capital portfolio,b1a9f8374dc6948196961dcf,LEGACY_IMPORTED_NOT_CORE_V6,results/expanded_strategy_results_2026-09-13.csv,357,89e81614857d58c36670973de74eab6234ea582f5ad1c5800904826d7902d0c6,results/expanded_actual_trade_records_2026-09-13.csv,"{""source_project"": ""imported_trading_project"", ""source_family"": ""canonical historical rerun"", ""strategy_code"": ""S19"", ""strategy_name"": ""S19_double_bottom_breakout"", ""market"": ""US"", ""version"": ""canonical v1 | fixed snapshot screen=2024-12-30 | RR=3.0 | ATR stop defaults | shared-capital portfolio""}",FILTER_REQUIRED_CHECK_EQUIVALENT_VERSIONS,,NOT_LINKED,,,NOT_RECORDED_BEFORE_RUN,2009-12-31,2024-12-20,354.0,0.043872469101023,0.0300452765175763,canonical v1 | fixed snapshot screen=2024-12-30 | RR=3.0 | ATR stop defaults | shared-capital portfolio,,기존 결과,
imported_trading_project,canonical historical rerun,S1,S1_gap_and_go,US,canonical v1 | fixed snapshot screen=2024-12-30 | RR=3.0 | ATR stop defaults | shared-capital portfolio,072c263067dc74261baf6189,LEGACY_IMPORTED_NOT_CORE_V6,results/expanded_strategy_results_2026-09-13.csv,358,89e81614857d58c36670973de74eab6234ea582f5ad1c5800904826d7902d0c6,results/expanded_actual_trade_records_2026-09-13.csv,"{""source_project"": ""imported_trading_project"", ""source_family"": ""canonical historical rerun"", ""strategy_code"": ""S1"", ""strategy_name"": ""S1_gap_and_go"", ""market"": ""US"", ""version"": ""canonical v1 | fixed snapshot screen=2024-12-30 | RR=3.0 | ATR stop defaults | shared-capital portfolio""}",FILTER_REQUIRED_CHECK_EQUIVALENT_VERSIONS,,NOT_LINKED,,,NOT_RECORDED_BEFORE_RUN,2010-01-06,2024-12-20,205.0,0.0437334359204444,-0.0619708950414319,canonical v1 | fixed snapshot screen=2024-12-30 | RR=3.0 | ATR stop defaults | shared-capital portfolio,,기존 결과,
imported_trading_project,canonical historical rerun,S20,S20_inverse_head_and_shoulders,US,canonical v1 | fixed snapshot screen=2024-12-30 | RR=3.0 | ATR stop defaults | shared-capital portfolio,fc3dd12e2f3e0f246b7f2f34,LEGACY_IMPORTED_NOT_CORE_V6,results/expanded_strategy_results_2026-09-13.csv,359,89e81614857d58c36670973de74eab6234ea582f5ad1c5800904826d7902d0c6,results/expanded_actual_trade_records_2026-09-13.csv,"{""source_project"": ""imported_trading_project"", ""source_family"": ""canonical historical rerun"", ""strategy_code"": ""S20"", ""strategy_name"": ""S20_inverse_head_and_shoulders"", ""market"": ""US"", ""version"": ""canonical v1 | fixed snapshot screen=2024-12-30 | RR=3.0 | ATR stop defaults | shared-capital portfolio""}",FILTER_REQUIRED_CHECK_EQUIVALENT_VERSIONS,,NOT_LINKED,,,NOT_RECORDED_BEFORE_RUN,2010-02-26,2024-12-16,95.0,0.0163532143319687,-0.0347291879861532,canonical v1 | fixed snapshot screen=2024-12-30 | RR=3.0 | ATR stop defaults | shared-capital portfolio,,기존 결과,
imported_trading_project,canonical historical rerun,S2,S2_vcp_breakout,US,canonical v1 | fixed snapshot screen=2024-12-30 | RR=3.0 | ATR stop defaults | shared-capital portfolio,64523fec275098cec1134f64,LEGACY_IMPORTED_NOT_CORE_V6,results/expanded_strategy_results_2026-09-13.csv,360,89e81614857d58c36670973de74eab6234ea582f5ad1c5800904826d7902d0c6,results/expanded_actual_trade_records_2026-09-13.csv,"{""source_project"": ""imported_trading_project"", ""source_family"": ""canonical historical rerun"", ""strategy_code"": ""S2"", ""strategy_name"": ""S2_vcp_breakout"", ""market"": ""US"", ""version"": ""canonical v1 | fixed snapshot screen=2024-12-30 | RR=3.0 | ATR stop defaults | shared-capital portfolio""}",FILTER_REQUIRED_CHECK_EQUIVALENT_VERSIONS,,NOT_LINKED,,,NOT_RECORDED_BEFORE_RUN,2010-01-05,2024-12-13,710.0,0.0374613418918462,-0.0449085282053648,canonical v1 | fixed snapshot screen=2024-12-30 | RR=3.0 | ATR stop defaults | shared-capital portfolio,,기존 결과,
imported_trading_project,canonical historical rerun,S4,S4_rsi2_reversion,US,canonical v1 | fixed snapshot screen=2024-12-30 | RR=3.0 | ATR stop defaults | shared-capital portfolio,7a651057a0e9e80bbaf0b203,LEGACY_IMPORTED_NOT_CORE_V6,results/expanded_strategy_results_2026-09-13.csv,361,89e81614857d58c36670973de74eab6234ea582f5ad1c5800904826d7902d0c6,results/expanded_actual_trade_records_2026-09-13.csv,"{""source_project"": ""imported_trading_project"", ""source_family"": ""canonical historical rerun"", ""strategy_code"": ""S4"", ""strategy_name"": ""S4_rsi2_reversion"", ""market"": ""US"", ""version"": ""canonical v1 | fixed snapshot screen=2024-12-30 | RR=3.0 | ATR stop defaults | shared-capital portfolio""}",FILTER_REQUIRED_CHECK_EQUIVALENT_VERSIONS,,NOT_LINKED,,,NOT_RECORDED_BEFORE_RUN,2009-12-31,2024-12-27,1103.0,0.0361025667027063,-0.0404168791973529,canonical v1 | fixed snapshot screen=2024-12-30 | RR=3.0 | ATR stop defaults | shared-capital portfolio,,기존 결과,
imported_trading_project,canonical historical rerun,S5,S5_high_tight_flag,US,canonical v1 | fixed snapshot screen=2024-12-30 | RR=3.0 | ATR stop defaults | shared-capital portfolio,7732a5c2cf7d04122a2a0992,LEGACY_IMPORTED_NOT_CORE_V6,results/expanded_strategy_results_2026-09-13.csv,362,89e81614857d58c36670973de74eab6234ea582f5ad1c5800904826d7902d0c6,results/expanded_actual_trade_records_2026-09-13.csv,"{""source_project"": ""imported_trading_project"", ""source_family"": ""canonical historical rerun"", ""strategy_code"": ""S5"", ""strategy_name"": ""S5_high_tight_flag"", ""market"": ""US"", ""version"": ""canonical v1 | fixed snapshot screen=2024-12-30 | RR=3.0 | ATR stop defaults | shared-capital portfolio""}",FILTER_REQUIRED_CHECK_EQUIVALENT_VERSIONS,,NOT_LINKED,,,NOT_RECORDED_BEFORE_RUN,2010-01-11,2024-12-30,355.0,0.0479487313538094,-0.0708968681515928,canonical v1 | fixed snapshot screen=2024-12-30 | RR=3.0 | ATR stop defaults | shared-capital portfolio,,기존 결과,
imported_trading_project,canonical historical rerun,S6,S6_new_high_momentum,US,canonical v1 | fixed snapshot screen=2024-12-30 | RR=3.0 | ATR stop defaults | shared-capital portfolio,5acd161257a870d96ad6391d,LEGACY_IMPORTED_NOT_CORE_V6,results/expanded_strategy_results_2026-09-13.csv,363,89e81614857d58c36670973de74eab6234ea582f5ad1c5800904826d7902d0c6,results/expanded_actual_trade_records_2026-09-13.csv,"{""source_project"": ""imported_trading_project"", ""source_family"": ""canonical historical rerun"", ""strategy_code"": ""S6"", ""strategy_name"": ""S6_new_high_momentum"", ""market"": ""US"", ""version"": ""canonical v1 | fixed snapshot screen=2024-12-30 | RR=3.0 | ATR stop defaults | shared-capital portfolio""}",FILTER_REQUIRED_CHECK_EQUIVALENT_VERSIONS,,NOT_LINKED,,,NOT_RECORDED_BEFORE_RUN,2010-01-07,2024-12-19,629.0,0.0315348146405466,-0.0449095426817749,canonical v1 | fixed snapshot screen=2024-12-30 | RR=3.0 | ATR stop defaults | shared-capital portfolio,,기존 결과,
imported_trading_project,canonical historical rerun,S7,S7_ttm_squeeze,US,canonical v1 | fixed snapshot screen=2024-12-30 | RR=3.0 | ATR stop defaults | shared-capital portfolio,c5b5798f42430cb12f4be6d5,LEGACY_IMPORTED_NOT_CORE_V6,results/expanded_strategy_results_2026-09-13.csv,364,89e81614857d58c36670973de74eab6234ea582f5ad1c5800904826d7902d0c6,results/expanded_actual_trade_records_2026-09-13.csv,"{""source_project"": ""imported_trading_project"", ""source_family"": ""canonical historical rerun"", ""strategy_code"": ""S7"", ""strategy_name"": ""S7_ttm_squeeze"", ""market"": ""US"", ""version"": ""canonical v1 | fixed snapshot screen=2024-12-30 | RR=3.0 | ATR stop defaults | shared-capital portfolio""}",FILTER_REQUIRED_CHECK_EQUIVALENT_VERSIONS,,NOT_LINKED,,,NOT_RECORDED_BEFORE_RUN,2010-01-06,2024-12-30,760.0,0.0258232973248502,-0.0470600401234721,canonical v1 | fixed snapshot screen=2024-12-30 | RR=3.0 | ATR stop defaults | shared-capital portfolio,,기존 결과,
imported_trading_project,canonical historical rerun,S9,S9_ema_pullback_continuation,US,canonical v1 | fixed snapshot screen=2024-12-30 | RR=3.0 | ATR stop defaults | shared-capital portfolio,cc72270fdbb2101fe14e6a0a,LEGACY_IMPORTED_NOT_CORE_V6,results/expanded_strategy_results_2026-09-13.csv,365,89e81614857d58c36670973de74eab6234ea582f5ad1c5800904826d7902d0c6,results/expanded_actual_trade_records_2026-09-13.csv,"{""source_project"": ""imported_trading_project"", ""source_family"": ""canonical historical rerun"", ""strategy_code"": ""S9"", ""strategy_name"": ""S9_ema_pullback_continuation"", ""market"": ""US"", ""version"": ""canonical v1 | fixed snapshot screen=2024-12-30 | RR=3.0 | ATR stop defaults | shared-capital portfolio""}",FILTER_REQUIRED_CHECK_EQUIVALENT_VERSIONS,,NOT_LINKED,,,NOT_RECORDED_BEFORE_RUN,2010-01-25,2024-12-19,247.0,0.048865750362071,-0.0649477412109932,canonical v1 | fixed snapshot screen=2024-12-30 | RR=3.0 | ATR stop defaults | shared-capital portfolio,,기존 결과,
imported_trading_project,selected ledger field reconstruction,A1,A1_volatility_breakout,US,v1 honest point-in-time | historical winning capacity/rotation,5c2507d307396935c2626b7d,LEGACY_IMPORTED_NOT_CORE_V6,results/expanded_strategy_results_2026-09-13.csv,366,89e81614857d58c36670973de74eab6234ea582f5ad1c5800904826d7902d0c6,results/expanded_actual_trade_records_2026-09-13.csv,"{""source_project"": ""imported_trading_project"", ""source_family"": ""selected ledger field reconstruction"", ""strategy_code"": ""A1"", ""strategy_name"": ""A1_volatility_breakout"", ""market"": ""US"", ""version"": ""v1 honest point-in-time | historical winning capacity/rotation""}",FILTER_REQUIRED_CHECK_EQUIVALENT_VERSIONS,,NOT_LINKED,,,NOT_RECORDED_BEFORE_RUN,2010-01-04,2026-08-06,1811.0,0.0148463216857148,-0.006496285353682,v1 honest point-in-time | historical winning capacity/rotation,,기존 결과,
imported_trading_project,selected ledger field reconstruction,S13,S13_nr7_breakout,US,v1 honest point-in-time | historical winning capacity/rotation,4c6f3bf18981f1cd58ddd134,LEGACY_IMPORTED_NOT_CORE_V6,results/expanded_strategy_results_2026-09-13.csv,367,89e81614857d58c36670973de74eab6234ea582f5ad1c5800904826d7902d0c6,results/expanded_actual_trade_records_2026-09-13.csv,"{""source_project"": ""imported_trading_project"", ""source_family"": ""selected ledger field reconstruction"", ""strategy_code"": ""S13"", ""strategy_name"": ""S13_nr7_breakout"", ""market"": ""US"", ""version"": ""v1 honest point-in-time | historical winning capacity/rotation""}",FILTER_REQUIRED_CHECK_EQUIVALENT_VERSIONS,,NOT_LINKED,,,NOT_RECORDED_BEFORE_RUN,2010-01-04,2026-07-30,2395.0,0.0203539216097666,-0.001332563539458,v1 honest point-in-time | historical winning capacity/rotation,,기존 결과,
imported_trading_project,selected ledger field reconstruction,S14,S14_adx_trend_breakout,US,v1 honest point-in-time | historical winning capacity/rotation,010eba35469db4c328601828,LEGACY_IMPORTED_NOT_CORE_V6,results/expanded_strategy_results_2026-09-13.csv,368,89e81614857d58c36670973de74eab6234ea582f5ad1c5800904826d7902d0c6,results/expanded_actual_trade_records_2026-09-13.csv,"{""source_project"": ""imported_trading_project"", ""source_family"": ""selected ledger field reconstruction"", ""strategy_code"": ""S14"", ""strategy_name"": ""S14_adx_trend_breakout"", ""market"": ""US"", ""version"": ""v1 honest point-in-time | historical winning capacity/rotation""}",FILTER_REQUIRED_CHECK_EQUIVALENT_VERSIONS,,NOT_LINKED,,,NOT_RECORDED_BEFORE_RUN,2010-01-04,2026-08-04,1537.0,0.0082273168322347,-0.002150448786664,v1 honest point-in-time | historical winning capacity/rotation,,기존 결과,
imported_trading_project,selected ledger field reconstruction,S17,S17_fibonacci_retracement_bounce,US,v1 honest point-in-time | historical winning capacity/rotation,1c6b65d17113e6f71bf33fbc,LEGACY_IMPORTED_NOT_CORE_V6,results/expanded_strategy_results_2026-09-13.csv,369,89e81614857d58c36670973de74eab6234ea582f5ad1c5800904826d7902d0c6,results/expanded_actual_trade_records_2026-09-13.csv,"{""source_project"": ""imported_trading_project"", ""source_family"": ""selected ledger field reconstruction"", ""strategy_code"": ""S17"", ""strategy_name"": ""S17_fibonacci_retracement_bounce"", ""market"": ""US"", ""version"": ""v1 honest point-in-time | historical winning capacity/rotation""}",FILTER_REQUIRED_CHECK_EQUIVALENT_VERSIONS,,NOT_LINKED,,,NOT_RECORDED_BEFORE_RUN,2010-01-04,2026-08-07,2300.0,0.0203013966233113,8.355527376280314e-05,v1 honest point-in-time | historical winning capacity/rotation,,기존 결과,
imported_trading_project,selected ledger field reconstruction,S21,S21_rsi2_sma200_connors_exit,US,v1 capacity final | capacity=15 | rotation=수익률(최악 %수익률 방출) | sizing=실제 정수주식(종목가격 반영),af2a670d545a342f56bb95c2,LEGACY_IMPORTED_NOT_CORE_V6,results/expanded_strategy_results_2026-09-13.csv,370,89e81614857d58c36670973de74eab6234ea582f5ad1c5800904826d7902d0c6,results/expanded_actual_trade_records_2026-09-13.csv,"{""source_project"": ""imported_trading_project"", ""source_family"": ""selected ledger field reconstruction"", ""strategy_code"": ""S21"", ""strategy_name"": ""S21_rsi2_sma200_connors_exit"", ""market"": ""US"", ""version"": ""v1 capacity final | capacity=15 | rotation=수익률(최악 %수익률 방출) | sizing=실제 정수주식(종목가격 반영)""}",FILTER_REQUIRED_CHECK_EQUIVALENT_VERSIONS,,NOT_LINKED,,,NOT_RECORDED_BEFORE_RUN,2007-06-19,2024-12-30,10456.0,0.0009866855017773,0.0001678046649696,v1 capacity final | capacity=15 | rotation=수익률(최악 %수익률 방출) | sizing=실제 정수주식(종목가격 반영),,기존 결과,
imported_trading_project,selected ledger field reconstruction,S22,S22_rsi_adx_ibs,US,v1 capacity final | capacity=15 | rotation=시가총액(큰 종목 방출) | sizing=이상적 소수주식(기존),28853a8d114c383267294fff,LEGACY_IMPORTED_NOT_CORE_V6,results/expanded_strategy_results_2026-09-13.csv,371,89e81614857d58c36670973de74eab6234ea582f5ad1c5800904826d7902d0c6,results/expanded_actual_trade_records_2026-09-13.csv,"{""source_project"": ""imported_trading_project"", ""source_family"": ""selected ledger field reconstruction"", ""strategy_code"": ""S22"", ""strategy_name"": ""S22_rsi_adx_ibs"", ""market"": ""US"", ""version"": ""v1 capacity final | capacity=15 | rotation=시가총액(큰 종목 방출) | sizing=이상적 소수주식(기존)""}",FILTER_REQUIRED_CHECK_EQUIVALENT_VERSIONS,,NOT_LINKED,,,NOT_RECORDED_BEFORE_RUN,2006-12-29,2024-12-30,5032.0,0.0080526363434175,-0.0026172727601827,v1 capacity final | capacity=15 | rotation=시가총액(큰 종목 방출) | sizing=이상적 소수주식(기존),,기존 결과,
imported_trading_project,selected ledger field reconstruction,S23,S23_momentum_12_1,US,v1 capacity final | capacity=15 | rotation=시간(최오래보유 방출) | sizing=실제 정수주식(종목가격 반영),75fb1d6451b110fb29eb8cfb,LEGACY_IMPORTED_NOT_CORE_V6,results/expanded_strategy_results_2026-09-13.csv,372,89e81614857d58c36670973de74eab6234ea582f5ad1c5800904826d7902d0c6,results/expanded_actual_trade_records_2026-09-13.csv,"{""source_project"": ""imported_trading_project"", ""source_family"": ""selected ledger field reconstruction"", ""strategy_code"": ""S23"", ""strategy_name"": ""S23_momentum_12_1"", ""market"": ""US"", ""version"": ""v1 capacity final | capacity=15 | rotation=시간(최오래보유 방출) | sizing=실제 정수주식(종목가격 반영)""}",FILTER_REQUIRED_CHECK_EQUIVALENT_VERSIONS,,NOT_LINKED,,,NOT_RECORDED_BEFORE_RUN,2007-08-31,2024-12-30,2329.0,0.0134391525693688,-0.0754642979074817,v1 capacity final | capacity=15 | rotation=시간(최오래보유 방출) | sizing=실제 정수주식(종목가격 반영),,기존 결과,
imported_trading_project,selected ledger field reconstruction,S24,S24_week52_high_proximity,US,v1 capacity final | capacity=15 | rotation=시가총액(큰 종목 방출) | sizing=이상적 소수주식(기존),49be8e39e5d1d0ec816eb5f6,LEGACY_IMPORTED_NOT_CORE_V6,results/expanded_strategy_results_2026-09-13.csv,373,89e81614857d58c36670973de74eab6234ea582f5ad1c5800904826d7902d0c6,results/expanded_actual_trade_records_2026-09-13.csv,"{""source_project"": ""imported_trading_project"", ""source_family"": ""selected ledger field reconstruction"", ""strategy_code"": ""S24"", ""strategy_name"": ""S24_week52_high_proximity"", ""market"": ""US"", ""version"": ""v1 capacity final | capacity=15 | rotation=시가총액(큰 종목 방출) | sizing=이상적 소수주식(기존)""}",FILTER_REQUIRED_CHECK_EQUIVALENT_VERSIONS,,NOT_LINKED,,,NOT_RECORDED_BEFORE_RUN,2007-08-31,2024-12-30,2500.0,0.0050707169659316,0.0072980028844802,v1 capacity final | capacity=15 | rotation=시가총액(큰 종목 방출) | sizing=이상적 소수주식(기존),,기존 결과,
imported_trading_project,selected ledger field reconstruction,S3,S3_darvas_box,US,v1 honest point-in-time | historical winning capacity/rotation,afd35b08124f6025f083ec3b,LEGACY_IMPORTED_NOT_CORE_V6,results/expanded_strategy_results_2026-09-13.csv,374,89e81614857d58c36670973de74eab6234ea582f5ad1c5800904826d7902d0c6,results/expanded_actual_trade_records_2026-09-13.csv,"{""source_project"": ""imported_trading_project"", ""source_family"": ""selected ledger field reconstruction"", ""strategy_code"": ""S3"", ""strategy_name"": ""S3_darvas_box"", ""market"": ""US"", ""version"": ""v1 honest point-in-time | historical winning capacity/rotation""}",FILTER_REQUIRED_CHECK_EQUIVALENT_VERSIONS,,NOT_LINKED,,,NOT_RECORDED_BEFORE_RUN,2010-01-04,2026-08-04,1546.0,0.0169849969144773,-0.0058576101818426,v1 honest point-in-time | historical winning capacity/rotation,,기존 결과,
imported_trading_project,selected ledger field reconstruction,S8,S8_lw_volatility_breakout,US,v1 honest point-in-time | historical winning capacity/rotation,fc47e3ce722c2b1517dc6876,LEGACY_IMPORTED_NOT_CORE_V6,results/expanded_strategy_results_2026-09-13.csv,375,89e81614857d58c36670973de74eab6234ea582f5ad1c5800904826d7902d0c6,results/expanded_actual_trade_records_2026-09-13.csv,"{""source_project"": ""imported_trading_project"", ""source_family"": ""selected ledger field reconstruction"", ""strategy_code"": ""S8"", ""strategy_name"": ""S8_lw_volatility_breakout"", ""market"": ""US"", ""version"": ""v1 honest point-in-time | historical winning capacity/rotation""}",FILTER_REQUIRED_CHECK_EQUIVALENT_VERSIONS,,NOT_LINKED,,,NOT_RECORDED_BEFORE_RUN,2010-01-04,2026-08-06,2926.0,0.027637708842122,-0.0051682864441241,v1 honest point-in-time | historical winning capacity/rotation,,기존 결과,
2trading,persisted candidate portfolio replay,,RANSAC/ATR Channel Below Mean Reversion,US,v1 | A_equal20_fifo,e8c7ac227f7d32f3165774fe,LEGACY_IMPORTED_NOT_CORE_V6,results/expanded_strategy_results_2026-09-13.csv,376,89e81614857d58c36670973de74eab6234ea582f5ad1c5800904826d7902d0c6,results/expanded_actual_trade_records_2026-09-13.csv,"{""source_project"": ""2trading"", ""source_family"": ""persisted candidate portfolio replay"", ""strategy_code"": """", ""strategy_name"": ""RANSAC/ATR Channel Below Mean Reversion"", ""market"": ""US"", ""version"": ""v1 | A_equal20_fifo""}",FILTER_REQUIRED_CHECK_EQUIVALENT_VERSIONS,,NOT_LINKED,results/portfolio_backtest_summary.csv + persisted candidate ledger,,NOT_RECORDED_BEFORE_RUN,2017-08-24,2026-08-25,3365.0,0.0106973734496705,0.0146108113397744,v1 | A_equal20_fifo,Historical exit-only selection policy replayed on the persisted candidate snapshot; no signal/exit rule changes; costs/slippage 0% as originally recorded.,기존 결과,
2trading,persisted candidate portfolio replay,,RANSAC/ATR Channel Above Continuation,US,v1 | B_equal20_strength,4371ec4b1817d3b7766460f6,LEGACY_IMPORTED_NOT_CORE_V6,results/expanded_strategy_results_2026-09-13.csv,377,89e81614857d58c36670973de74eab6234ea582f5ad1c5800904826d7902d0c6,results/expanded_actual_trade_records_2026-09-13.csv,"{""source_project"": ""2trading"", ""source_family"": ""persisted candidate portfolio replay"", ""strategy_code"": """", ""strategy_name"": ""RANSAC/ATR Channel Above Continuation"", ""market"": ""US"", ""version"": ""v1 | B_equal20_strength""}",FILTER_REQUIRED_CHECK_EQUIVALENT_VERSIONS,,NOT_LINKED,results/portfolio_backtest_summary.csv + persisted candidate ledger,,NOT_RECORDED_BEFORE_RUN,2017-08-24,2026-08-25,3346.0,0.0054322735232876,-0.016927359874027,v1 | B_equal20_strength,Historical exit-only selection policy replayed on the persisted candidate snapshot; no signal/exit rule changes; costs/slippage 0% as originally recorded.,기존 결과,
2trading,persisted candidate portfolio replay,,Bollinger Below Mean Reversion,US,v1 | B_equal20_strength,9246a161ea8b6c448fee2fce,LEGACY_IMPORTED_NOT_CORE_V6,results/expanded_strategy_results_2026-09-13.csv,378,89e81614857d58c36670973de74eab6234ea582f5ad1c5800904826d7902d0c6,results/expanded_actual_trade_records_2026-09-13.csv,"{""source_project"": ""2trading"", ""source_family"": ""persisted candidate portfolio replay"", ""strategy_code"": """", ""strategy_name"": ""Bollinger Below Mean Reversion"", ""market"": ""US"", ""version"": ""v1 | B_equal20_strength""}",FILTER_REQUIRED_CHECK_EQUIVALENT_VERSIONS,,NOT_LINKED,results/portfolio_backtest_summary.csv + persisted candidate ledger,,NOT_RECORDED_BEFORE_RUN,2016-09-26,2026-08-25,14407.0,0.0026174758001662,0.0061056455612855,v1 | B_equal20_strength,Historical exit-only selection policy replayed on the persisted candidate snapshot; no signal/exit rule changes; costs/slippage 0% as originally recorded.,기존 결과,
2trading,persisted candidate portfolio replay,,Bollinger Above Continuation,US,v1 | C_uncapped_2pct,0d68c1bf2186fcd742091eca,LEGACY_IMPORTED_NOT_CORE_V6,results/expanded_strategy_results_2026-09-13.csv,379,89e81614857d58c36670973de74eab6234ea582f5ad1c5800904826d7902d0c6,results/expanded_actual_trade_records_2026-09-13.csv,"{""source_project"": ""2trading"", ""source_family"": ""persisted candidate portfolio replay"", ""strategy_code"": """", ""strategy_name"": ""Bollinger Above Continuation"", ""market"": ""US"", ""version"": ""v1 | C_uncapped_2pct""}",FILTER_REQUIRED_CHECK_EQUIVALENT_VERSIONS,,NOT_LINKED,results/portfolio_backtest_summary.csv + persisted candidate ledger,,NOT_RECORDED_BEFORE_RUN,2016-09-26,2026-08-25,9241.0,0.004069031427218,-0.0145035276211294,v1 | C_uncapped_2pct,Historical exit-only selection policy replayed on the persisted candidate snapshot; no signal/exit rule changes; costs/slippage 0% as originally recorded.,기존 결과,
2trading,persisted candidate portfolio replay,,Below Mean Reversion + ATR Fixed Stop,US,v2 | C_uncapped_2pct,37755e32daae560703f5385a,LEGACY_IMPORTED_NOT_CORE_V6,results/expanded_strategy_results_2026-09-13.csv,380,89e81614857d58c36670973de74eab6234ea582f5ad1c5800904826d7902d0c6,results/expanded_actual_trade_records_2026-09-13.csv,"{""source_project"": ""2trading"", ""source_family"": ""persisted candidate portfolio replay"", ""strategy_code"": """", ""strategy_name"": ""Below Mean Reversion + ATR Fixed Stop"", ""market"": ""US"", ""version"": ""v2 | C_uncapped_2pct""}",FILTER_REQUIRED_CHECK_EQUIVALENT_VERSIONS,,NOT_LINKED,results/portfolio_backtest_summary.csv + persisted candidate ledger,,NOT_RECORDED_BEFORE_RUN,2017-08-24,2026-08-25,19306.0,0.0030566485436684,0.009857613102,v2 | C_uncapped_2pct,Historical exit-only selection policy replayed on the persisted candidate snapshot; no signal/exit rule changes; costs/slippage 0% as originally recorded.,기존 결과,
2trading,persisted candidate portfolio replay,,Above Continuation + ATR Target,US,v2 | B_equal20_strength,8f937d72c669578362870229,LEGACY_IMPORTED_NOT_CORE_V6,results/expanded_strategy_results_2026-09-13.csv,381,89e81614857d58c36670973de74eab6234ea582f5ad1c5800904826d7902d0c6,results/expanded_actual_trade_records_2026-09-13.csv,"{""source_project"": ""2trading"", ""source_family"": ""persisted candidate portfolio replay"", ""strategy_code"": """", ""strategy_name"": ""Above Continuation + ATR Target"", ""market"": ""US"", ""version"": ""v2 | B_equal20_strength""}",FILTER_REQUIRED_CHECK_EQUIVALENT_VERSIONS,,NOT_LINKED,results/portfolio_backtest_summary.csv + persisted candidate ledger,,NOT_RECORDED_BEFORE_RUN,2017-08-24,2026-08-25,4769.0,0.0061421205509883,-0.0153128695724429,v2 | B_equal20_strength,Historical exit-only selection policy replayed on the persisted candidate snapshot; no signal/exit rule changes; costs/slippage 0% as originally recorded.,기존 결과,
2trading,persisted candidate policy replay,,Channel AND Bollinger,US,S11 v1 below | C_uncapped_2pct,0fb3c5fbf514759061c0de40,LEGACY_IMPORTED_NOT_CORE_V6,results/expanded_strategy_results_2026-09-13.csv,382,89e81614857d58c36670973de74eab6234ea582f5ad1c5800904826d7902d0c6,results/expanded_actual_trade_records_2026-09-13.csv,"{""source_project"": ""2trading"", ""source_family"": ""persisted candidate policy replay"", ""strategy_code"": """", ""strategy_name"": ""Channel AND Bollinger"", ""market"": ""US"", ""version"": ""S11 v1 below | C_uncapped_2pct""}",FILTER_REQUIRED_CHECK_EQUIVALENT_VERSIONS,,NOT_LINKED,results/channel_bollinger_and_backtest_below.csv,,NOT_RECORDED_BEFORE_RUN,2017-08-24,2026-08-25,6019.0,0.0118979333204479,0.0180560426447113,S11 v1 below | C_uncapped_2pct,Persisted candidate paths replayed with the historically recorded best selection policy; no new signal or exit rule.,기존 결과,
2trading,persisted candidate policy replay,,Channel AND Bollinger,US,S11 v1 above | C_uncapped_2pct,6107e90323146407108af65b,LEGACY_IMPORTED_NOT_CORE_V6,results/expanded_strategy_results_2026-09-13.csv,383,89e81614857d58c36670973de74eab6234ea582f5ad1c5800904826d7902d0c6,results/expanded_actual_trade_records_2026-09-13.csv,"{""source_project"": ""2trading"", ""source_family"": ""persisted candidate policy replay"", ""strategy_code"": """", ""strategy_name"": ""Channel AND Bollinger"", ""market"": ""US"", ""version"": ""S11 v1 above | C_uncapped_2pct""}",FILTER_REQUIRED_CHECK_EQUIVALENT_VERSIONS,,NOT_LINKED,results/channel_bollinger_and_backtest_above.csv,,NOT_RECORDED_BEFORE_RUN,2017-08-24,2026-08-25,7222.0,0.003432635697615,-0.0133891788086493,S11 v1 above | C_uncapped_2pct,Persisted candidate paths replayed with the historically recorded best selection policy; no new signal or exit rule.,기존 결과,
2trading,persisted candidate policy replay,,Channel AND Bollinger,US,S11 v2 below | A_equal20_fifo,a9aa973c0aa059e620e0e0dc,LEGACY_IMPORTED_NOT_CORE_V6,results/expanded_strategy_results_2026-09-13.csv,384,89e81614857d58c36670973de74eab6234ea582f5ad1c5800904826d7902d0c6,results/expanded_actual_trade_records_2026-09-13.csv,"{""source_project"": ""2trading"", ""source_family"": ""persisted candidate policy replay"", ""strategy_code"": """", ""strategy_name"": ""Channel AND Bollinger"", ""market"": ""US"", ""version"": ""S11 v2 below | A_equal20_fifo""}",FILTER_REQUIRED_CHECK_EQUIVALENT_VERSIONS,,NOT_LINKED,results/channel_bollinger_and_riskmgd_backtest_below.csv,,NOT_RECORDED_BEFORE_RUN,2017-08-24,2026-08-27,5538.0,0.0034378358884564,0.0102352487557637,S11 v2 below | A_equal20_fifo,Persisted candidate paths replayed with the historically recorded best selection policy; no new signal or exit rule.,기존 결과,
2trading,persisted candidate policy replay,,Channel AND Bollinger,US,S11 v2 above | A_equal20_fifo,85ecde646a8b32347134aeb2,LEGACY_IMPORTED_NOT_CORE_V6,results/expanded_strategy_results_2026-09-13.csv,385,89e81614857d58c36670973de74eab6234ea582f5ad1c5800904826d7902d0c6,results/expanded_actual_trade_records_2026-09-13.csv,"{""source_project"": ""2trading"", ""source_family"": ""persisted candidate policy replay"", ""strategy_code"": """", ""strategy_name"": ""Channel AND Bollinger"", ""market"": ""US"", ""version"": ""S11 v2 above | A_equal20_fifo""}",FILTER_REQUIRED_CHECK_EQUIVALENT_VERSIONS,,NOT_LINKED,results/channel_bollinger_and_riskmgd_backtest_above.csv,,NOT_RECORDED_BEFORE_RUN,2017-08-24,2026-08-27,4548.0,0.0037340997138912,-0.0127078930105025,S11 v2 above | A_equal20_fifo,Persisted candidate paths replayed with the historically recorded best selection policy; no new signal or exit rule.,기존 결과,
2trading,persisted candidate policy replay,,RMSE×2 + leading indicators,US,S12 seasonality+earnings_distance | A_equal20_fifo,e38040269f611f07f1ad14f1,LEGACY_IMPORTED_NOT_CORE_V6,results/expanded_strategy_results_2026-09-13.csv,386,89e81614857d58c36670973de74eab6234ea582f5ad1c5800904826d7902d0c6,results/expanded_actual_trade_records_2026-09-13.csv,"{""source_project"": ""2trading"", ""source_family"": ""persisted candidate policy replay"", ""strategy_code"": """", ""strategy_name"": ""RMSE×2 + leading indicators"", ""market"": ""US"", ""version"": ""S12 seasonality+earnings_distance | A_equal20_fifo""}",FILTER_REQUIRED_CHECK_EQUIVALENT_VERSIONS,,NOT_LINKED,results/combo1_season_earnings_backtest_above.csv,,NOT_RECORDED_BEFORE_RUN,2023-06-02,2026-08-19,266.0,0.0103698143245634,-0.0050071957458251,S12 seasonality+earnings_distance | A_equal20_fifo,Persisted candidate paths replayed with the historically recorded best selection policy; no new signal or exit rule.,기존 결과,
2trading,persisted candidate policy replay,,RMSE×2 + leading indicators,US,S12 tenkan_cross+earnings_distance | A_equal20_fifo,1527efffa9c2d8f755e3bc0c,LEGACY_IMPORTED_NOT_CORE_V6,results/expanded_strategy_results_2026-09-13.csv,387,89e81614857d58c36670973de74eab6234ea582f5ad1c5800904826d7902d0c6,results/expanded_actual_trade_records_2026-09-13.csv,"{""source_project"": ""2trading"", ""source_family"": ""persisted candidate policy replay"", ""strategy_code"": """", ""strategy_name"": ""RMSE×2 + leading indicators"", ""market"": ""US"", ""version"": ""S12 tenkan_cross+earnings_distance | A_equal20_fifo""}",FILTER_REQUIRED_CHECK_EQUIVALENT_VERSIONS,,NOT_LINKED,results/combo2_tenkan_earnings_backtest_above.csv,,NOT_RECORDED_BEFORE_RUN,2023-01-04,2026-08-27,300.0,0.010706791714064,-0.0115309453475865,S12 tenkan_cross+earnings_distance | A_equal20_fifo,Persisted candidate paths replayed with the historically recorded best selection policy; no new signal or exit rule.,기존 결과,
2trading,persisted candidate policy replay,,RMSE×2 + leading indicators,US,S12 cloud_position+horizontal_sr | A_equal20_fifo,3d3a979a965b0e14c6e7d93b,LEGACY_IMPORTED_NOT_CORE_V6,results/expanded_strategy_results_2026-09-13.csv,388,89e81614857d58c36670973de74eab6234ea582f5ad1c5800904826d7902d0c6,results/expanded_actual_trade_records_2026-09-13.csv,"{""source_project"": ""2trading"", ""source_family"": ""persisted candidate policy replay"", ""strategy_code"": """", ""strategy_name"": ""RMSE×2 + leading indicators"", ""market"": ""US"", ""version"": ""S12 cloud_position+horizontal_sr | A_equal20_fifo""}",FILTER_REQUIRED_CHECK_EQUIVALENT_VERSIONS,,NOT_LINKED,results/combo3_cloud_sr_backtest_above.csv,,NOT_RECORDED_BEFORE_RUN,2023-01-04,2026-08-27,243.0,0.0138018705580164,-0.009194008369368,S12 cloud_position+horizontal_sr | A_equal20_fifo,Persisted candidate paths replayed with the historically recorded best selection policy; no new signal or exit rule.,기존 결과,
2trading,persisted candidate policy replay,,RMSE×2 + leading indicators,US,S12 horizontal_sr+earnings_distance | A_equal20_fifo,2789238781a16312a94ca4c4,LEGACY_IMPORTED_NOT_CORE_V6,results/expanded_strategy_results_2026-09-13.csv,389,89e81614857d58c36670973de74eab6234ea582f5ad1c5800904826d7902d0c6,results/expanded_actual_trade_records_2026-09-13.csv,"{""source_project"": ""2trading"", ""source_family"": ""persisted candidate policy replay"", ""strategy_code"": """", ""strategy_name"": ""RMSE×2 + leading indicators"", ""market"": ""US"", ""version"": ""S12 horizontal_sr+earnings_distance | A_equal20_fifo""}",FILTER_REQUIRED_CHECK_EQUIVALENT_VERSIONS,,NOT_LINKED,results/combo4_sr_earnings_backtest_above.csv,,NOT_RECORDED_BEFORE_RUN,2023-01-05,2026-08-27,299.0,0.0134798457663132,-0.0117609405397081,S12 horizontal_sr+earnings_distance | A_equal20_fifo,Persisted candidate paths replayed with the historically recorded best selection policy; no new signal or exit rule.,기존 결과,
2trading,persisted candidate policy replay,,RMSE Touch / Pullback / Double Pattern,US,S13P below_touch | B_equal20_strength,cb79ccbf33ff0e202c6bd33c,LEGACY_IMPORTED_NOT_CORE_V6,results/expanded_strategy_results_2026-09-13.csv,390,89e81614857d58c36670973de74eab6234ea582f5ad1c5800904826d7902d0c6,results/expanded_actual_trade_records_2026-09-13.csv,"{""source_project"": ""2trading"", ""source_family"": ""persisted candidate policy replay"", ""strategy_code"": """", ""strategy_name"": ""RMSE Touch / Pullback / Double Pattern"", ""market"": ""US"", ""version"": ""S13P below_touch | B_equal20_strength""}",FILTER_REQUIRED_CHECK_EQUIVALENT_VERSIONS,,NOT_LINKED,results/channel_touch_pattern_trades.csv,,NOT_RECORDED_BEFORE_RUN,2023-01-04,2026-08-27,1129.0,0.0129956685318648,0.0194607184727229,S13P below_touch | B_equal20_strength,Persisted candidate paths replayed with the historically recorded best selection policy; no new signal or exit rule.,기존 결과,
2trading,persisted candidate policy replay,,RMSE Touch / Pullback / Double Pattern,US,S13P below_pullback | A_equal20_fifo,8c2d5d5f8e03a573a7091d4b,LEGACY_IMPORTED_NOT_CORE_V6,results/expanded_strategy_results_2026-09-13.csv,391,89e81614857d58c36670973de74eab6234ea582f5ad1c5800904826d7902d0c6,results/expanded_actual_trade_records_2026-09-13.csv,"{""source_project"": ""2trading"", ""source_family"": ""persisted candidate policy replay"", ""strategy_code"": """", ""strategy_name"": ""RMSE Touch / Pullback / Double Pattern"", ""market"": ""US"", ""version"": ""S13P below_pullback | A_equal20_fifo""}",FILTER_REQUIRED_CHECK_EQUIVALENT_VERSIONS,,NOT_LINKED,results/channel_touch_pattern_trades.csv,,NOT_RECORDED_BEFORE_RUN,2023-01-04,2026-08-27,1059.0,0.0077105105353056,0.0141712641763886,S13P below_pullback | A_equal20_fifo,Persisted candidate paths replayed with the historically recorded best selection policy; no new signal or exit rule.,기존 결과,
2trading,persisted candidate policy replay,,RMSE Touch / Pullback / Double Pattern,US,S13P below_double_bottom | A_equal20_fifo,4cb09369bbdbc375d5e3409d,LEGACY_IMPORTED_NOT_CORE_V6,results/expanded_strategy_results_2026-09-13.csv,392,89e81614857d58c36670973de74eab6234ea582f5ad1c5800904826d7902d0c6,results/expanded_actual_trade_records_2026-09-13.csv,"{""source_project"": ""2trading"", ""source_family"": ""persisted candidate policy replay"", ""strategy_code"": """", ""strategy_name"": ""RMSE Touch / Pullback / Double Pattern"", ""market"": ""US"", ""version"": ""S13P below_double_bottom | A_equal20_fifo""}",FILTER_REQUIRED_CHECK_EQUIVALENT_VERSIONS,,NOT_LINKED,results/channel_touch_pattern_trades.csv,,NOT_RECORDED_BEFORE_RUN,2023-02-22,2026-08-27,249.0,0.0171423004895498,0.0154071526108394,S13P below_double_bottom | A_equal20_fifo,Persisted candidate paths replayed with the historically recorded best selection policy; no new signal or exit rule.,기존 결과,
2trading,persisted candidate policy replay,,RMSE Touch / Pullback / Double Pattern,US,S13P below_pullback_double_bottom | A_equal20_fifo,0269d8cf95a663fec3e65d4a,LEGACY_IMPORTED_NOT_CORE_V6,results/expanded_strategy_results_2026-09-13.csv,393,89e81614857d58c36670973de74eab6234ea582f5ad1c5800904826d7902d0c6,results/expanded_actual_trade_records_2026-09-13.csv,"{""source_project"": ""2trading"", ""source_family"": ""persisted candidate policy replay"", ""strategy_code"": """", ""strategy_name"": ""RMSE Touch / Pullback / Double Pattern"", ""market"": ""US"", ""version"": ""S13P below_pullback_double_bottom | A_equal20_fifo""}",FILTER_REQUIRED_CHECK_EQUIVALENT_VERSIONS,,NOT_LINKED,results/channel_touch_pattern_trades.csv,,NOT_RECORDED_BEFORE_RUN,2023-02-22,2026-08-27,73.0,0.0153756619775026,0.0138210507969094,S13P below_pullback_double_bottom | A_equal20_fifo,Persisted candidate paths replayed with the historically recorded best selection policy; no new signal or exit rule.,기존 결과,
2trading,persisted candidate policy replay,,RMSE Touch / Pullback / Double Pattern,US,S13P above_existing | B_equal20_strength,c112ad109410c7675cbd880e,LEGACY_IMPORTED_NOT_CORE_V6,results/expanded_strategy_results_2026-09-13.csv,394,89e81614857d58c36670973de74eab6234ea582f5ad1c5800904826d7902d0c6,results/expanded_actual_trade_records_2026-09-13.csv,"{""source_project"": ""2trading"", ""source_family"": ""persisted candidate policy replay"", ""strategy_code"": """", ""strategy_name"": ""RMSE Touch / Pullback / Double Pattern"", ""market"": ""US"", ""version"": ""S13P above_existing | B_equal20_strength""}",FILTER_REQUIRED_CHECK_EQUIVALENT_VERSIONS,,NOT_LINKED,results/channel_touch_pattern_trades.csv,,NOT_RECORDED_BEFORE_RUN,2023-01-04,2026-08-27,1783.0,0.0045474202537857,-0.0148685032396863,S13P above_existing | B_equal20_strength,Persisted candidate paths replayed with the historically recorded best selection policy; no new signal or exit rule.,기존 결과,
2trading,persisted candidate policy replay,,RMSE Touch / Pullback / Double Pattern,US,S13P above_double_top | A_equal20_fifo,e6c9b55ca266b37c51ce4631,LEGACY_IMPORTED_NOT_CORE_V6,results/expanded_strategy_results_2026-09-13.csv,395,89e81614857d58c36670973de74eab6234ea582f5ad1c5800904826d7902d0c6,results/expanded_actual_trade_records_2026-09-13.csv,"{""source_project"": ""2trading"", ""source_family"": ""persisted candidate policy replay"", ""strategy_code"": """", ""strategy_name"": ""RMSE Touch / Pullback / Double Pattern"", ""market"": ""US"", ""version"": ""S13P above_double_top | A_equal20_fifo""}",FILTER_REQUIRED_CHECK_EQUIVALENT_VERSIONS,,NOT_LINKED,results/channel_touch_pattern_trades.csv,,NOT_RECORDED_BEFORE_RUN,2023-01-09,2026-08-27,109.0,0.0018815726149586,-0.0203633854044016,S13P above_double_top | A_equal20_fifo,Persisted candidate paths replayed with the historically recorded best selection policy; no new signal or exit rule.,기존 결과,
2trading,persisted candidate policy replay,,Top5 × Channel AND/OR,US,S19C channel_above_and_A1 | A_equal20_fifo,bb6cd0756b529c3f5f611bd7,LEGACY_IMPORTED_NOT_CORE_V6,results/expanded_strategy_results_2026-09-13.csv,396,89e81614857d58c36670973de74eab6234ea582f5ad1c5800904826d7902d0c6,results/expanded_actual_trade_records_2026-09-13.csv,"{""source_project"": ""2trading"", ""source_family"": ""persisted candidate policy replay"", ""strategy_code"": """", ""strategy_name"": ""Top5 × Channel AND/OR"", ""market"": ""US"", ""version"": ""S19C channel_above_and_A1 | A_equal20_fifo""}",FILTER_REQUIRED_CHECK_EQUIVALENT_VERSIONS,,NOT_LINKED,results/top5_signal_flags.parquet + combo_baseline_backtest_{side}.csv,,NOT_RECORDED_BEFORE_RUN,2023-01-05,2026-08-27,1197.0,0.0047223903545672,-0.0153124180120255,S19C channel_above_and_A1 | A_equal20_fifo,Persisted candidate paths replayed with the historically recorded best selection policy; no new signal or exit rule.,기존 결과,
2trading,persisted candidate policy replay,,Top5 × Channel AND/OR,US,S19C channel_above_and_S8 | A_equal20_fifo,b95c4c197c58d3ed83bd5ee1,LEGACY_IMPORTED_NOT_CORE_V6,results/expanded_strategy_results_2026-09-13.csv,397,89e81614857d58c36670973de74eab6234ea582f5ad1c5800904826d7902d0c6,results/expanded_actual_trade_records_2026-09-13.csv,"{""source_project"": ""2trading"", ""source_family"": ""persisted candidate policy replay"", ""strategy_code"": """", ""strategy_name"": ""Top5 × Channel AND/OR"", ""market"": ""US"", ""version"": ""S19C channel_above_and_S8 | A_equal20_fifo""}",FILTER_REQUIRED_CHECK_EQUIVALENT_VERSIONS,,NOT_LINKED,results/top5_signal_flags.parquet + combo_baseline_backtest_{side}.csv,,NOT_RECORDED_BEFORE_RUN,2023-01-05,2026-08-27,1577.0,0.002269902263799,-0.0157981996410027,S19C channel_above_and_S8 | A_equal20_fifo,Persisted candidate paths replayed with the historically recorded best selection policy; no new signal or exit rule.,기존 결과,
2trading,persisted candidate policy replay,,Top5 × Channel AND/OR,US,S19C channel_above_and_S13 | A_equal20_fifo,7336effd3cedcc1e99035578,LEGACY_IMPORTED_NOT_CORE_V6,results/expanded_strategy_results_2026-09-13.csv,398,89e81614857d58c36670973de74eab6234ea582f5ad1c5800904826d7902d0c6,results/expanded_actual_trade_records_2026-09-13.csv,"{""source_project"": ""2trading"", ""source_family"": ""persisted candidate policy replay"", ""strategy_code"": """", ""strategy_name"": ""Top5 × Channel AND/OR"", ""market"": ""US"", ""version"": ""S19C channel_above_and_S13 | A_equal20_fifo""}",FILTER_REQUIRED_CHECK_EQUIVALENT_VERSIONS,,NOT_LINKED,results/top5_signal_flags.parquet + combo_baseline_backtest_{side}.csv,,NOT_RECORDED_BEFORE_RUN,2023-01-04,2026-08-27,484.0,0.0041949263765761,-0.014223591159117,S19C channel_above_and_S13 | A_equal20_fifo,Persisted candidate paths replayed with the historically recorded best selection policy; no new signal or exit rule.,기존 결과,
2trading,persisted candidate policy replay,,Top5 × Channel AND/OR,US,S19C channel_above_and_S3 | A_equal20_fifo,bc3842b749b75b0487539055,LEGACY_IMPORTED_NOT_CORE_V6,results/expanded_strategy_results_2026-09-13.csv,399,89e81614857d58c36670973de74eab6234ea582f5ad1c5800904826d7902d0c6,results/expanded_actual_trade_records_2026-09-13.csv,"{""source_project"": ""2trading"", ""source_family"": ""persisted candidate policy replay"", ""strategy_code"": """", ""strategy_name"": ""Top5 × Channel AND/OR"", ""market"": ""US"", ""version"": ""S19C channel_above_and_S3 | A_equal20_fifo""}",FILTER_REQUIRED_CHECK_EQUIVALENT_VERSIONS,,NOT_LINKED,results/top5_signal_flags.parquet + combo_baseline_backtest_{side}.csv,,NOT_RECORDED_BEFORE_RUN,2023-01-05,2026-08-27,1197.0,0.0047223903545672,-0.0153124180120255,S19C channel_above_and_S3 | A_equal20_fifo,Persisted candidate paths replayed with the historically recorded best selection policy; no new signal or exit rule.,기존 결과,
2trading,persisted candidate policy replay,,Top5 × Channel AND/OR,US,S19C channel_below_and_S17 | A_equal20_fifo,e9164b378a4fbc4ce10682b9,LEGACY_IMPORTED_NOT_CORE_V6,results/expanded_strategy_results_2026-09-13.csv,400,89e81614857d58c36670973de74eab6234ea582f5ad1c5800904826d7902d0c6,results/expanded_actual_trade_records_2026-09-13.csv,"{""source_project"": ""2trading"", ""source_family"": ""persisted candidate policy replay"", ""strategy_code"": """", ""strategy_name"": ""Top5 × Channel AND/OR"", ""market"": ""US"", ""version"": ""S19C channel_below_and_S17 | A_equal20_fifo""}",FILTER_REQUIRED_CHECK_EQUIVALENT_VERSIONS,,NOT_LINKED,results/top5_signal_flags.parquet + combo_baseline_backtest_{side}.csv,,NOT_RECORDED_BEFORE_RUN,2023-05-12,2026-08-11,83.0,0.0197911355708877,0.0210986502225527,S19C channel_below_and_S17 | A_equal20_fifo,Persisted candidate paths replayed with the historically recorded best selection policy; no new signal or exit rule.,기존 결과,
2trading,persisted candidate policy replay,,Top5 × Channel AND/OR,US,S19C channel_above_and_top4_any | B_equal20_strength,1c7749f09ad69bee089013b2,LEGACY_IMPORTED_NOT_CORE_V6,results/expanded_strategy_results_2026-09-13.csv,401,89e81614857d58c36670973de74eab6234ea582f5ad1c5800904826d7902d0c6,results/expanded_actual_trade_records_2026-09-13.csv,"{""source_project"": ""2trading"", ""source_family"": ""persisted candidate policy replay"", ""strategy_code"": """", ""strategy_name"": ""Top5 × Channel AND/OR"", ""market"": ""US"", ""version"": ""S19C channel_above_and_top4_any | B_equal20_strength""}",FILTER_REQUIRED_CHECK_EQUIVALENT_VERSIONS,,NOT_LINKED,results/top5_signal_flags.parquet + combo_baseline_backtest_{side}.csv,,NOT_RECORDED_BEFORE_RUN,2023-01-04,2026-08-27,1624.0,0.0041221345859842,-0.0146157222821804,S19C channel_above_and_top4_any | B_equal20_strength,Persisted candidate paths replayed with the historically recorded best selection policy; no new signal or exit rule.,기존 결과,
2trading,continuous walk-forward event ledger,S8,S8 continuous exit walk-forward,US,S25C v1 prior-year-selected exit,ce7a6349d29fa428670c62ee,LEGACY_IMPORTED_NOT_CORE_V6,results/expanded_strategy_results_2026-09-13.csv,402,89e81614857d58c36670973de74eab6234ea582f5ad1c5800904826d7902d0c6,results/expanded_actual_trade_records_2026-09-13.csv,"{""source_project"": ""2trading"", ""source_family"": ""continuous walk-forward event ledger"", ""strategy_code"": ""S8"", ""strategy_name"": ""S8 continuous exit walk-forward"", ""market"": ""US"", ""version"": ""S25C v1 prior-year-selected exit""}",FILTER_REQUIRED_CHECK_EQUIVALENT_VERSIONS,,NOT_LINKED,results/s8_exit_continuous_trade_ledger.csv,,NOT_RECORDED_BEFORE_RUN,2016-01-04,2026-08-10,716.0,0.0628681937102765,-0.0654047301969092,S25C v1 prior-year-selected exit,Existing causal continuous walk-forward engine; completed trades only; no new rule.,기존 결과,
2trading,new_residual_trend_momentum,PCA_MR,PCA Residual Mean Reversion,US,PCA120_K3,4b8e0489cb32fbac0077aa22,LEGACY_IMPORTED_NOT_CORE_V6,incoming_experiments/new_residual_trend_momentum_v1_2026-09-13/strategy_results.csv,2,250d50c2402553913981ce33471ecfed3506b1ac0e9c2c4a113e23bd1a05764e,incoming_experiments/new_residual_trend_momentum_v1_2026-09-13/actual_trade_records.csv,"{""source_project"": ""2trading"", ""source_family"": ""new_residual_trend_momentum"", ""strategy_code"": ""PCA_MR"", ""strategy_name"": ""PCA Residual Mean Reversion"", ""market"": ""US"", ""version"": ""PCA120_K3""}",FILTER_REQUIRED_CHECK_EQUIVALENT_VERSIONS,incoming_experiments/new_residual_trend_momentum_v1_2026-09-13/rejected_signals.csv,UNSELECTED_CANDIDATES_ONLY,results/new_strategy_backtest_2026-09-13_trades.csv,,NOT_RECORDED_BEFORE_RUN,2016-01-04,2026-08-26,751,0.02162317484520409,0.03382659178415026,PCA120_K3,COMPLETED; actual selected closed round trips only; gross returns; holding_days is SPY trading-session distance from entry_date to exit_date.,기존 결과,
2trading,new_residual_trend_momentum,PCA_MR,PCA Residual Mean Reversion,US,PCA60_K3,21e628bc4d87c35b5b422663,LEGACY_IMPORTED_NOT_CORE_V6,incoming_experiments/new_residual_trend_momentum_v1_2026-09-13/strategy_results.csv,3,250d50c2402553913981ce33471ecfed3506b1ac0e9c2c4a113e23bd1a05764e,incoming_experiments/new_residual_trend_momentum_v1_2026-09-13/actual_trade_records.csv,"{""source_project"": ""2trading"", ""source_family"": ""new_residual_trend_momentum"", ""strategy_code"": ""PCA_MR"", ""strategy_name"": ""PCA Residual Mean Reversion"", ""market"": ""US"", ""version"": ""PCA60_K3""}",FILTER_REQUIRED_CHECK_EQUIVALENT_VERSIONS,incoming_experiments/new_residual_trend_momentum_v1_2026-09-13/rejected_signals.csv,UNSELECTED_CANDIDATES_ONLY,results/new_strategy_backtest_2026-09-13_trades.csv,,NOT_RECORDED_BEFORE_RUN,2016-01-04,2026-08-25,823,0.024494088927688427,0.025540486318200273,PCA60_K3,COMPLETED; actual selected closed round trips only; gross returns; holding_days is SPY trading-session distance from entry_date to exit_date.,기존 결과,
2trading,new_residual_trend_momentum,PCA_MR,PCA Residual Mean Reversion,US,PCA60_K5,e91d48f0057be321e983382a,LEGACY_IMPORTED_NOT_CORE_V6,incoming_experiments/new_residual_trend_momentum_v1_2026-09-13/strategy_results.csv,4,250d50c2402553913981ce33471ecfed3506b1ac0e9c2c4a113e23bd1a05764e,incoming_experiments/new_residual_trend_momentum_v1_2026-09-13/actual_trade_records.csv,"{""source_project"": ""2trading"", ""source_family"": ""new_residual_trend_momentum"", ""strategy_code"": ""PCA_MR"", ""strategy_name"": ""PCA Residual Mean Reversion"", ""market"": ""US"", ""version"": ""PCA60_K5""}",FILTER_REQUIRED_CHECK_EQUIVALENT_VERSIONS,incoming_experiments/new_residual_trend_momentum_v1_2026-09-13/rejected_signals.csv,UNSELECTED_CANDIDATES_ONLY,results/new_strategy_backtest_2026-09-13_trades.csv,,NOT_RECORDED_BEFORE_RUN,2016-01-04,2026-08-26,837,0.025234969924184062,0.031047986775331937,PCA60_K5,COMPLETED; actual selected closed round trips only; gross returns; holding_days is SPY trading-session distance from entry_date to exit_date.,기존 결과,
2trading,new_residual_trend_momentum,PCA_RMSE2,PCA Residual RMSE2,US,PCA120_K3,b895b83d478d6e178d88099b,LEGACY_IMPORTED_NOT_CORE_V6,incoming_experiments/new_residual_trend_momentum_v1_2026-09-13/strategy_results.csv,5,250d50c2402553913981ce33471ecfed3506b1ac0e9c2c4a113e23bd1a05764e,incoming_experiments/new_residual_trend_momentum_v1_2026-09-13/actual_trade_records.csv,"{""source_project"": ""2trading"", ""source_family"": ""new_residual_trend_momentum"", ""strategy_code"": ""PCA_RMSE2"", ""strategy_name"": ""PCA Residual RMSE2"", ""market"": ""US"", ""version"": ""PCA120_K3""}",FILTER_REQUIRED_CHECK_EQUIVALENT_VERSIONS,incoming_experiments/new_residual_trend_momentum_v1_2026-09-13/rejected_signals.csv,UNSELECTED_CANDIDATES_ONLY,results/new_strategy_backtest_2026-09-13_trades.csv,,NOT_RECORDED_BEFORE_RUN,2016-01-04,2026-08-26,1427,0.017193612751273225,0.01729302432105717,PCA120_K3,COMPLETED; actual selected closed round trips only; gross returns; holding_days is SPY trading-session distance from entry_date to exit_date.,기존 결과,
2trading,new_residual_trend_momentum,PCA_RMSE2,PCA Residual RMSE2,US,PCA60_K3,753da288f510f4bd7509f088,LEGACY_IMPORTED_NOT_CORE_V6,incoming_experiments/new_residual_trend_momentum_v1_2026-09-13/strategy_results.csv,6,250d50c2402553913981ce33471ecfed3506b1ac0e9c2c4a113e23bd1a05764e,incoming_experiments/new_residual_trend_momentum_v1_2026-09-13/actual_trade_records.csv,"{""source_project"": ""2trading"", ""source_family"": ""new_residual_trend_momentum"", ""strategy_code"": ""PCA_RMSE2"", ""strategy_name"": ""PCA Residual RMSE2"", ""market"": ""US"", ""version"": ""PCA60_K3""}",FILTER_REQUIRED_CHECK_EQUIVALENT_VERSIONS,incoming_experiments/new_residual_trend_momentum_v1_2026-09-13/rejected_signals.csv,UNSELECTED_CANDIDATES_ONLY,results/new_strategy_backtest_2026-09-13_trades.csv,,NOT_RECORDED_BEFORE_RUN,2016-01-04,2026-08-26,1749,0.012518997753161253,0.014758345475777368,PCA60_K3,COMPLETED; actual selected closed round trips only; gross returns; holding_days is SPY trading-session distance from entry_date to exit_date.,기존 결과,
2trading,new_residual_trend_momentum,PCA_RMSE2,PCA Residual RMSE2,US,PCA60_K5,4f542e7fc29061e6043c1056,LEGACY_IMPORTED_NOT_CORE_V6,incoming_experiments/new_residual_trend_momentum_v1_2026-09-13/strategy_results.csv,7,250d50c2402553913981ce33471ecfed3506b1ac0e9c2c4a113e23bd1a05764e,incoming_experiments/new_residual_trend_momentum_v1_2026-09-13/actual_trade_records.csv,"{""source_project"": ""2trading"", ""source_family"": ""new_residual_trend_momentum"", ""strategy_code"": ""PCA_RMSE2"", ""strategy_name"": ""PCA Residual RMSE2"", ""market"": ""US"", ""version"": ""PCA60_K5""}",FILTER_REQUIRED_CHECK_EQUIVALENT_VERSIONS,incoming_experiments/new_residual_trend_momentum_v1_2026-09-13/rejected_signals.csv,UNSELECTED_CANDIDATES_ONLY,results/new_strategy_backtest_2026-09-13_trades.csv,,NOT_RECORDED_BEFORE_RUN,2016-01-04,2026-08-25,1747,0.011241396144734468,0.015034965636604669,PCA60_K5,COMPLETED; actual selected closed round trips only; gross returns; holding_days is SPY trading-session distance from entry_date to exit_date.,기존 결과,
2trading,new_residual_trend_momentum,PEAD_REV,PEAD + Estimate Revision,US,PEAD_Only,7fe70c083ab88935af58bab9,LEGACY_IMPORTED_NOT_CORE_V6,incoming_experiments/new_residual_trend_momentum_v1_2026-09-13/strategy_results.csv,8,250d50c2402553913981ce33471ecfed3506b1ac0e9c2c4a113e23bd1a05764e,incoming_experiments/new_residual_trend_momentum_v1_2026-09-13/actual_trade_records.csv,"{""source_project"": ""2trading"", ""source_family"": ""new_residual_trend_momentum"", ""strategy_code"": ""PEAD_REV"", ""strategy_name"": ""PEAD + Estimate Revision"", ""market"": ""US"", ""version"": ""PEAD_Only""}",FILTER_REQUIRED_CHECK_EQUIVALENT_VERSIONS,incoming_experiments/new_residual_trend_momentum_v1_2026-09-13/rejected_signals.csv,UNSELECTED_CANDIDATES_ONLY,results/new_strategy_backtest_2026-09-13_status.csv,,NOT_RECORDED_BEFORE_RUN,2016-01-01,2026-09-11,0,,,PEAD_Only,DATA_BLOCKED: POINT_IN_TIME_ESTIMATE_DATA_UNAVAILABLE,데이터 차단,실행 성공·0수익으로 해석하지 않음
2trading,new_residual_trend_momentum,PEAD_REV,PEAD + Estimate Revision,US,PEAD_Plus_Revision,efe3bde20223586f57a70029,LEGACY_IMPORTED_NOT_CORE_V6,incoming_experiments/new_residual_trend_momentum_v1_2026-09-13/strategy_results.csv,9,250d50c2402553913981ce33471ecfed3506b1ac0e9c2c4a113e23bd1a05764e,incoming_experiments/new_residual_trend_momentum_v1_2026-09-13/actual_trade_records.csv,"{""source_project"": ""2trading"", ""source_family"": ""new_residual_trend_momentum"", ""strategy_code"": ""PEAD_REV"", ""strategy_name"": ""PEAD + Estimate Revision"", ""market"": ""US"", ""version"": ""PEAD_Plus_Revision""}",FILTER_REQUIRED_CHECK_EQUIVALENT_VERSIONS,incoming_experiments/new_residual_trend_momentum_v1_2026-09-13/rejected_signals.csv,UNSELECTED_CANDIDATES_ONLY,results/new_strategy_backtest_2026-09-13_status.csv,,NOT_RECORDED_BEFORE_RUN,2016-01-01,2026-09-11,0,,,PEAD_Plus_Revision,DATA_BLOCKED: POINT_IN_TIME_ESTIMATE_DATA_UNAVAILABLE,데이터 차단,실행 성공·0수익으로 해석하지 않음
2trading,new_residual_trend_momentum,PEAD_REV,PEAD + Estimate Revision,US,Revision_Only,3de08ceadcc1bd4d6940f9f6,LEGACY_IMPORTED_NOT_CORE_V6,incoming_experiments/new_residual_trend_momentum_v1_2026-09-13/strategy_results.csv,10,250d50c2402553913981ce33471ecfed3506b1ac0e9c2c4a113e23bd1a05764e,incoming_experiments/new_residual_trend_momentum_v1_2026-09-13/actual_trade_records.csv,"{""source_project"": ""2trading"", ""source_family"": ""new_residual_trend_momentum"", ""strategy_code"": ""PEAD_REV"", ""strategy_name"": ""PEAD + Estimate Revision"", ""market"": ""US"", ""version"": ""Revision_Only""}",FILTER_REQUIRED_CHECK_EQUIVALENT_VERSIONS,incoming_experiments/new_residual_trend_momentum_v1_2026-09-13/rejected_signals.csv,UNSELECTED_CANDIDATES_ONLY,results/new_strategy_backtest_2026-09-13_status.csv,,NOT_RECORDED_BEFORE_RUN,2016-01-01,2026-09-11,0,,,Revision_Only,DATA_BLOCKED: POINT_IN_TIME_ESTIMATE_DATA_UNAVAILABLE,데이터 차단,실행 성공·0수익으로 해석하지 않음
2trading,new_residual_trend_momentum,RES_MOM,Residual Momentum,US,RESMOM126,e502e23a5b9e7e0d3c79b43f,LEGACY_IMPORTED_NOT_CORE_V6,incoming_experiments/new_residual_trend_momentum_v1_2026-09-13/strategy_results.csv,11,250d50c2402553913981ce33471ecfed3506b1ac0e9c2c4a113e23bd1a05764e,incoming_experiments/new_residual_trend_momentum_v1_2026-09-13/actual_trade_records.csv,"{""source_project"": ""2trading"", ""source_family"": ""new_residual_trend_momentum"", ""strategy_code"": ""RES_MOM"", ""strategy_name"": ""Residual Momentum"", ""market"": ""US"", ""version"": ""RESMOM126""}",FILTER_REQUIRED_CHECK_EQUIVALENT_VERSIONS,incoming_experiments/new_residual_trend_momentum_v1_2026-09-13/rejected_signals.csv,UNSELECTED_CANDIDATES_ONLY,results/new_strategy_backtest_2026-09-13_trades.csv,,NOT_RECORDED_BEFORE_RUN,2016-01-29,2026-08-03,1260,0.02266240977449276,0.013458729845083672,RESMOM126,COMPLETED; actual selected closed round trips only; gross returns; holding_days is SPY trading-session distance from entry_date to exit_date.,기존 결과,
2trading,new_residual_trend_momentum,RES_MOM,Residual Momentum,US,RESMOM21,f6dd2e69ef73f478cfe1fd06,LEGACY_IMPORTED_NOT_CORE_V6,incoming_experiments/new_residual_trend_momentum_v1_2026-09-13/strategy_results.csv,12,250d50c2402553913981ce33471ecfed3506b1ac0e9c2c4a113e23bd1a05764e,incoming_experiments/new_residual_trend_momentum_v1_2026-09-13/actual_trade_records.csv,"{""source_project"": ""2trading"", ""source_family"": ""new_residual_trend_momentum"", ""strategy_code"": ""RES_MOM"", ""strategy_name"": ""Residual Momentum"", ""market"": ""US"", ""version"": ""RESMOM21""}",FILTER_REQUIRED_CHECK_EQUIVALENT_VERSIONS,incoming_experiments/new_residual_trend_momentum_v1_2026-09-13/rejected_signals.csv,UNSELECTED_CANDIDATES_ONLY,results/new_strategy_backtest_2026-09-13_trades.csv,,NOT_RECORDED_BEFORE_RUN,2016-01-29,2026-08-03,1260,0.025385091897172925,0.016195421726837855,RESMOM21,COMPLETED; actual selected closed round trips only; gross returns; holding_days is SPY trading-session distance from entry_date to exit_date.,기존 결과,
2trading,new_residual_trend_momentum,RES_MOM,Residual Momentum,US,RESMOM63,eb8686947a10318dc972a1ab,LEGACY_IMPORTED_NOT_CORE_V6,incoming_experiments/new_residual_trend_momentum_v1_2026-09-13/strategy_results.csv,13,250d50c2402553913981ce33471ecfed3506b1ac0e9c2c4a113e23bd1a05764e,incoming_experiments/new_residual_trend_momentum_v1_2026-09-13/actual_trade_records.csv,"{""source_project"": ""2trading"", ""source_family"": ""new_residual_trend_momentum"", ""strategy_code"": ""RES_MOM"", ""strategy_name"": ""Residual Momentum"", ""market"": ""US"", ""version"": ""RESMOM63""}",FILTER_REQUIRED_CHECK_EQUIVALENT_VERSIONS,incoming_experiments/new_residual_trend_momentum_v1_2026-09-13/rejected_signals.csv,UNSELECTED_CANDIDATES_ONLY,results/new_strategy_backtest_2026-09-13_trades.csv,,NOT_RECORDED_BEFORE_RUN,2016-01-29,2026-08-03,1260,0.024089968759581616,0.014194591643404197,RESMOM63,COMPLETED; actual selected closed round trips only; gross returns; holding_days is SPY trading-session distance from entry_date to exit_date.,기존 결과,
2trading,new_residual_trend_momentum,SN_MOM,12-1 Sector-neutral Momentum,US,12-1,0948893a6e9292f427a3b39e,LEGACY_IMPORTED_NOT_CORE_V6,incoming_experiments/new_residual_trend_momentum_v1_2026-09-13/strategy_results.csv,14,250d50c2402553913981ce33471ecfed3506b1ac0e9c2c4a113e23bd1a05764e,incoming_experiments/new_residual_trend_momentum_v1_2026-09-13/actual_trade_records.csv,"{""source_project"": ""2trading"", ""source_family"": ""new_residual_trend_momentum"", ""strategy_code"": ""SN_MOM"", ""strategy_name"": ""12-1 Sector-neutral Momentum"", ""market"": ""US"", ""version"": ""12-1""}",FILTER_REQUIRED_CHECK_EQUIVALENT_VERSIONS,incoming_experiments/new_residual_trend_momentum_v1_2026-09-13/rejected_signals.csv,UNSELECTED_CANDIDATES_ONLY,results/new_strategy_backtest_2026-09-13_trades.csv,,NOT_RECORDED_BEFORE_RUN,2016-01-29,2026-09-01,1259,0.0380744156156127,0.020059205541221203,12-1,COMPLETED; actual selected closed round trips only; gross returns; holding_days is SPY trading-session distance from entry_date to exit_date.,기존 결과,
2trading,new_residual_trend_momentum,SN_MOM,12-1 Sector-neutral Momentum,US,12-2,3eba2ca494c0a636abea3638,LEGACY_IMPORTED_NOT_CORE_V6,incoming_experiments/new_residual_trend_momentum_v1_2026-09-13/strategy_results.csv,15,250d50c2402553913981ce33471ecfed3506b1ac0e9c2c4a113e23bd1a05764e,incoming_experiments/new_residual_trend_momentum_v1_2026-09-13/actual_trade_records.csv,"{""source_project"": ""2trading"", ""source_family"": ""new_residual_trend_momentum"", ""strategy_code"": ""SN_MOM"", ""strategy_name"": ""12-1 Sector-neutral Momentum"", ""market"": ""US"", ""version"": ""12-2""}",FILTER_REQUIRED_CHECK_EQUIVALENT_VERSIONS,incoming_experiments/new_residual_trend_momentum_v1_2026-09-13/rejected_signals.csv,UNSELECTED_CANDIDATES_ONLY,results/new_strategy_backtest_2026-09-13_trades.csv,,NOT_RECORDED_BEFORE_RUN,2016-01-29,2026-08-03,1258,0.03711238921208726,0.017754295905264783,12-2,COMPLETED; actual selected closed round trips only; gross returns; holding_days is SPY trading-session distance from entry_date to exit_date.,기존 결과,
2trading,new_residual_trend_momentum,SN_MOM,12-1 Sector-neutral Momentum,US,9-1,b87e7f66f28aa269d324664b,LEGACY_IMPORTED_NOT_CORE_V6,incoming_experiments/new_residual_trend_momentum_v1_2026-09-13/strategy_results.csv,16,250d50c2402553913981ce33471ecfed3506b1ac0e9c2c4a113e23bd1a05764e,incoming_experiments/new_residual_trend_momentum_v1_2026-09-13/actual_trade_records.csv,"{""source_project"": ""2trading"", ""source_family"": ""new_residual_trend_momentum"", ""strategy_code"": ""SN_MOM"", ""strategy_name"": ""12-1 Sector-neutral Momentum"", ""market"": ""US"", ""version"": ""9-1""}",FILTER_REQUIRED_CHECK_EQUIVALENT_VERSIONS,incoming_experiments/new_residual_trend_momentum_v1_2026-09-13/rejected_signals.csv,UNSELECTED_CANDIDATES_ONLY,results/new_strategy_backtest_2026-09-13_trades.csv,,NOT_RECORDED_BEFORE_RUN,2016-01-29,2026-08-03,1259,0.03326856799679853,0.017288002210793296,9-1,COMPLETED; actual selected closed round trips only; gross returns; holding_days is SPY trading-session distance from entry_date to exit_date.,기존 결과,
2trading,new_residual_trend_momentum,SR_MR,Sector-factor Residual Mean Reversion,US,OLS120,9c48459a72651258c8a00def,LEGACY_IMPORTED_NOT_CORE_V6,incoming_experiments/new_residual_trend_momentum_v1_2026-09-13/strategy_results.csv,17,250d50c2402553913981ce33471ecfed3506b1ac0e9c2c4a113e23bd1a05764e,incoming_experiments/new_residual_trend_momentum_v1_2026-09-13/actual_trade_records.csv,"{""source_project"": ""2trading"", ""source_family"": ""new_residual_trend_momentum"", ""strategy_code"": ""SR_MR"", ""strategy_name"": ""Sector-factor Residual Mean Reversion"", ""market"": ""US"", ""version"": ""OLS120""}",FILTER_REQUIRED_CHECK_EQUIVALENT_VERSIONS,incoming_experiments/new_residual_trend_momentum_v1_2026-09-13/rejected_signals.csv,UNSELECTED_CANDIDATES_ONLY,results/new_strategy_backtest_2026-09-13_trades.csv,,NOT_RECORDED_BEFORE_RUN,2016-01-04,2026-08-26,760,0.02428038706195031,0.031346871887790506,OLS120,COMPLETED; actual selected closed round trips only; gross returns; holding_days is SPY trading-session distance from entry_date to exit_date.,기존 결과,
2trading,new_residual_trend_momentum,SR_MR,Sector-factor Residual Mean Reversion,US,OLS60,722de033386f07e75236fe9a,LEGACY_IMPORTED_NOT_CORE_V6,incoming_experiments/new_residual_trend_momentum_v1_2026-09-13/strategy_results.csv,18,250d50c2402553913981ce33471ecfed3506b1ac0e9c2c4a113e23bd1a05764e,incoming_experiments/new_residual_trend_momentum_v1_2026-09-13/actual_trade_records.csv,"{""source_project"": ""2trading"", ""source_family"": ""new_residual_trend_momentum"", ""strategy_code"": ""SR_MR"", ""strategy_name"": ""Sector-factor Residual Mean Reversion"", ""market"": ""US"", ""version"": ""OLS60""}",FILTER_REQUIRED_CHECK_EQUIVALENT_VERSIONS,incoming_experiments/new_residual_trend_momentum_v1_2026-09-13/rejected_signals.csv,UNSELECTED_CANDIDATES_ONLY,results/new_strategy_backtest_2026-09-13_trades.csv,,NOT_RECORDED_BEFORE_RUN,2016-01-04,2026-08-26,910,0.021030655537129513,0.029885009763379933,OLS60,COMPLETED; actual selected closed round trips only; gross returns; holding_days is SPY trading-session distance from entry_date to exit_date.,기존 결과,
2trading,new_residual_trend_momentum,SR_REV,Sector Residual Reversal Ranking,US,20D,32bbcc4aaf67aaa679d9d52d,LEGACY_IMPORTED_NOT_CORE_V6,incoming_experiments/new_residual_trend_momentum_v1_2026-09-13/strategy_results.csv,19,250d50c2402553913981ce33471ecfed3506b1ac0e9c2c4a113e23bd1a05764e,incoming_experiments/new_residual_trend_momentum_v1_2026-09-13/actual_trade_records.csv,"{""source_project"": ""2trading"", ""source_family"": ""new_residual_trend_momentum"", ""strategy_code"": ""SR_REV"", ""strategy_name"": ""Sector Residual Reversal Ranking"", ""market"": ""US"", ""version"": ""20D""}",FILTER_REQUIRED_CHECK_EQUIVALENT_VERSIONS,incoming_experiments/new_residual_trend_momentum_v1_2026-09-13/rejected_signals.csv,UNSELECTED_CANDIDATES_ONLY,results/new_strategy_backtest_2026-09-13_trades.csv,,NOT_RECORDED_BEFORE_RUN,2016-01-04,2026-08-26,5350,0.0062737764411718066,0.00426042779761493,20D,COMPLETED; actual selected closed round trips only; gross returns; holding_days is SPY trading-session distance from entry_date to exit_date.,기존 결과,
2trading,new_residual_trend_momentum,SR_REV,Sector Residual Reversal Ranking,US,5D,46e12be9e2e613d35941cc3a,LEGACY_IMPORTED_NOT_CORE_V6,incoming_experiments/new_residual_trend_momentum_v1_2026-09-13/strategy_results.csv,20,250d50c2402553913981ce33471ecfed3506b1ac0e9c2c4a113e23bd1a05764e,incoming_experiments/new_residual_trend_momentum_v1_2026-09-13/actual_trade_records.csv,"{""source_project"": ""2trading"", ""source_family"": ""new_residual_trend_momentum"", ""strategy_code"": ""SR_REV"", ""strategy_name"": ""Sector Residual Reversal Ranking"", ""market"": ""US"", ""version"": ""5D""}",FILTER_REQUIRED_CHECK_EQUIVALENT_VERSIONS,incoming_experiments/new_residual_trend_momentum_v1_2026-09-13/rejected_signals.csv,UNSELECTED_CANDIDATES_ONLY,results/new_strategy_backtest_2026-09-13_trades.csv,,NOT_RECORDED_BEFORE_RUN,2016-01-04,2026-08-26,5350,0.006718850248217939,0.0057723516819109255,5D,COMPLETED; actual selected closed round trips only; gross returns; holding_days is SPY trading-session distance from entry_date to exit_date.,기존 결과,
2trading,new_residual_trend_momentum,SR_REV,Sector Residual Reversal Ranking,US,Blend5D20D,a10d96eb41f1d641e60d8205,LEGACY_IMPORTED_NOT_CORE_V6,incoming_experiments/new_residual_trend_momentum_v1_2026-09-13/strategy_results.csv,21,250d50c2402553913981ce33471ecfed3506b1ac0e9c2c4a113e23bd1a05764e,incoming_experiments/new_residual_trend_momentum_v1_2026-09-13/actual_trade_records.csv,"{""source_project"": ""2trading"", ""source_family"": ""new_residual_trend_momentum"", ""strategy_code"": ""SR_REV"", ""strategy_name"": ""Sector Residual Reversal Ranking"", ""market"": ""US"", ""version"": ""Blend5D20D""}",FILTER_REQUIRED_CHECK_EQUIVALENT_VERSIONS,incoming_experiments/new_residual_trend_momentum_v1_2026-09-13/rejected_signals.csv,UNSELECTED_CANDIDATES_ONLY,results/new_strategy_backtest_2026-09-13_trades.csv,,NOT_RECORDED_BEFORE_RUN,2016-01-04,2026-08-26,5350,0.0061833480686114455,0.004800528960066552,Blend5D20D,COMPLETED; actual selected closed round trips only; gross returns; holding_days is SPY trading-session distance from entry_date to exit_date.,기존 결과,
2trading,new_residual_trend_momentum,SR_RMSE2,Sector Residual RMSE2,US,OLS120,0e865d5239ec2478bf391e26,LEGACY_IMPORTED_NOT_CORE_V6,incoming_experiments/new_residual_trend_momentum_v1_2026-09-13/strategy_results.csv,22,250d50c2402553913981ce33471ecfed3506b1ac0e9c2c4a113e23bd1a05764e,incoming_experiments/new_residual_trend_momentum_v1_2026-09-13/actual_trade_records.csv,"{""source_project"": ""2trading"", ""source_family"": ""new_residual_trend_momentum"", ""strategy_code"": ""SR_RMSE2"", ""strategy_name"": ""Sector Residual RMSE2"", ""market"": ""US"", ""version"": ""OLS120""}",FILTER_REQUIRED_CHECK_EQUIVALENT_VERSIONS,incoming_experiments/new_residual_trend_momentum_v1_2026-09-13/rejected_signals.csv,UNSELECTED_CANDIDATES_ONLY,results/new_strategy_backtest_2026-09-13_trades.csv,,NOT_RECORDED_BEFORE_RUN,2016-01-04,2026-08-25,1592,0.011291171069811123,0.014100377626040439,OLS120,COMPLETED; actual selected closed round trips only; gross returns; holding_days is SPY trading-session distance from entry_date to exit_date.,기존 결과,
2trading,new_residual_trend_momentum,SR_RMSE2,Sector Residual RMSE2,US,OLS60,f1adbe2396d4b225a1da477f,LEGACY_IMPORTED_NOT_CORE_V6,incoming_experiments/new_residual_trend_momentum_v1_2026-09-13/strategy_results.csv,23,250d50c2402553913981ce33471ecfed3506b1ac0e9c2c4a113e23bd1a05764e,incoming_experiments/new_residual_trend_momentum_v1_2026-09-13/actual_trade_records.csv,"{""source_project"": ""2trading"", ""source_family"": ""new_residual_trend_momentum"", ""strategy_code"": ""SR_RMSE2"", ""strategy_name"": ""Sector Residual RMSE2"", ""market"": ""US"", ""version"": ""OLS60""}",FILTER_REQUIRED_CHECK_EQUIVALENT_VERSIONS,incoming_experiments/new_residual_trend_momentum_v1_2026-09-13/rejected_signals.csv,UNSELECTED_CANDIDATES_ONLY,results/new_strategy_backtest_2026-09-13_trades.csv,,NOT_RECORDED_BEFORE_RUN,2016-01-04,2026-08-26,2315,0.008314303860089758,0.011472112775308574,OLS60,COMPLETED; actual selected closed round trips only; gross returns; holding_days is SPY trading-session distance from entry_date to exit_date.,기존 결과,
2trading,new_residual_trend_momentum,TREND_RET,Multiple-low Trend Retouch,US,Trend_Long_Raw,b8245818155390eef5f18b43,LEGACY_IMPORTED_NOT_CORE_V6,incoming_experiments/new_residual_trend_momentum_v1_2026-09-13/strategy_results.csv,24,250d50c2402553913981ce33471ecfed3506b1ac0e9c2c4a113e23bd1a05764e,incoming_experiments/new_residual_trend_momentum_v1_2026-09-13/actual_trade_records.csv,"{""source_project"": ""2trading"", ""source_family"": ""new_residual_trend_momentum"", ""strategy_code"": ""TREND_RET"", ""strategy_name"": ""Multiple-low Trend Retouch"", ""market"": ""US"", ""version"": ""Trend_Long_Raw""}",FILTER_REQUIRED_CHECK_EQUIVALENT_VERSIONS,incoming_experiments/new_residual_trend_momentum_v1_2026-09-13/rejected_signals.csv,UNSELECTED_CANDIDATES_ONLY,results/new_strategy_backtest_2026-09-13_trades.csv,,NOT_RECORDED_BEFORE_RUN,2016-01-04,2026-08-25,1322,0.004451801911224647,-0.010501537924734128,Trend_Long_Raw,COMPLETED; actual selected closed round trips only; gross returns; holding_days is SPY trading-session distance from entry_date to exit_date.,기존 결과,
2trading,new_residual_trend_momentum,TREND_RET,Multiple-low Trend Retouch,US,Trend_Long_Robust,b009e04e2118a17001a0c77b,LEGACY_IMPORTED_NOT_CORE_V6,incoming_experiments/new_residual_trend_momentum_v1_2026-09-13/strategy_results.csv,25,250d50c2402553913981ce33471ecfed3506b1ac0e9c2c4a113e23bd1a05764e,incoming_experiments/new_residual_trend_momentum_v1_2026-09-13/actual_trade_records.csv,"{""source_project"": ""2trading"", ""source_family"": ""new_residual_trend_momentum"", ""strategy_code"": ""TREND_RET"", ""strategy_name"": ""Multiple-low Trend Retouch"", ""market"": ""US"", ""version"": ""Trend_Long_Robust""}",FILTER_REQUIRED_CHECK_EQUIVALENT_VERSIONS,incoming_experiments/new_residual_trend_momentum_v1_2026-09-13/rejected_signals.csv,UNSELECTED_CANDIDATES_ONLY,results/new_strategy_backtest_2026-09-13_trades.csv,,NOT_RECORDED_BEFORE_RUN,2016-01-04,2026-08-25,1383,0.004568664503897506,-0.00959531113678136,Trend_Long_Robust,COMPLETED; actual selected closed round trips only; gross returns; holding_days is SPY trading-session distance from entry_date to exit_date.,기존 결과,
2trading,new_residual_trend_momentum,TREND_RET,Multiple-low Trend Retouch,US,Trend_Monthly_Raw,764674218e99c50840ec00f7,LEGACY_IMPORTED_NOT_CORE_V6,incoming_experiments/new_residual_trend_momentum_v1_2026-09-13/strategy_results.csv,26,250d50c2402553913981ce33471ecfed3506b1ac0e9c2c4a113e23bd1a05764e,incoming_experiments/new_residual_trend_momentum_v1_2026-09-13/actual_trade_records.csv,"{""source_project"": ""2trading"", ""source_family"": ""new_residual_trend_momentum"", ""strategy_code"": ""TREND_RET"", ""strategy_name"": ""Multiple-low Trend Retouch"", ""market"": ""US"", ""version"": ""Trend_Monthly_Raw""}",FILTER_REQUIRED_CHECK_EQUIVALENT_VERSIONS,incoming_experiments/new_residual_trend_momentum_v1_2026-09-13/rejected_signals.csv,UNSELECTED_CANDIDATES_ONLY,results/new_strategy_backtest_2026-09-13_trades.csv,,NOT_RECORDED_BEFORE_RUN,2016-01-04,2026-08-24,1719,0.006495790448192219,-0.007712519278794905,Trend_Monthly_Raw,COMPLETED; actual selected closed round trips only; gross returns; holding_days is SPY trading-session distance from entry_date to exit_date.,기존 결과,
2trading,new_residual_trend_momentum,TREND_RET,Multiple-low Trend Retouch,US,Trend_Monthly_Robust,49267626a8c87981ed1079aa,LEGACY_IMPORTED_NOT_CORE_V6,incoming_experiments/new_residual_trend_momentum_v1_2026-09-13/strategy_results.csv,27,250d50c2402553913981ce33471ecfed3506b1ac0e9c2c4a113e23bd1a05764e,incoming_experiments/new_residual_trend_momentum_v1_2026-09-13/actual_trade_records.csv,"{""source_project"": ""2trading"", ""source_family"": ""new_residual_trend_momentum"", ""strategy_code"": ""TREND_RET"", ""strategy_name"": ""Multiple-low Trend Retouch"", ""market"": ""US"", ""version"": ""Trend_Monthly_Robust""}",FILTER_REQUIRED_CHECK_EQUIVALENT_VERSIONS,incoming_experiments/new_residual_trend_momentum_v1_2026-09-13/rejected_signals.csv,UNSELECTED_CANDIDATES_ONLY,results/new_strategy_backtest_2026-09-13_trades.csv,,NOT_RECORDED_BEFORE_RUN,2016-01-04,2026-08-25,1765,0.006418483263437312,-0.007737401962142454,Trend_Monthly_Robust,COMPLETED; actual selected closed round trips only; gross returns; holding_days is SPY trading-session distance from entry_date to exit_date.,기존 결과,
2trading,new_residual_trend_momentum,TREND_RET,Multiple-low Trend Retouch,US,Trend_Weekly_Raw,97877e4378fd4f8b1ade2915,LEGACY_IMPORTED_NOT_CORE_V6,incoming_experiments/new_residual_trend_momentum_v1_2026-09-13/strategy_results.csv,28,250d50c2402553913981ce33471ecfed3506b1ac0e9c2c4a113e23bd1a05764e,incoming_experiments/new_residual_trend_momentum_v1_2026-09-13/actual_trade_records.csv,"{""source_project"": ""2trading"", ""source_family"": ""new_residual_trend_momentum"", ""strategy_code"": ""TREND_RET"", ""strategy_name"": ""Multiple-low Trend Retouch"", ""market"": ""US"", ""version"": ""Trend_Weekly_Raw""}",FILTER_REQUIRED_CHECK_EQUIVALENT_VERSIONS,incoming_experiments/new_residual_trend_momentum_v1_2026-09-13/rejected_signals.csv,UNSELECTED_CANDIDATES_ONLY,results/new_strategy_backtest_2026-09-13_trades.csv,,NOT_RECORDED_BEFORE_RUN,2016-01-04,2026-08-26,2072,0.006716678140534965,-0.005201257163630069,Trend_Weekly_Raw,COMPLETED; actual selected closed round trips only; gross returns; holding_days is SPY trading-session distance from entry_date to exit_date.,기존 결과,
2trading,new_residual_trend_momentum,TREND_RET,Multiple-low Trend Retouch,US,Trend_Weekly_Robust,f82be740dfd4d37ae82152f4,LEGACY_IMPORTED_NOT_CORE_V6,incoming_experiments/new_residual_trend_momentum_v1_2026-09-13/strategy_results.csv,29,250d50c2402553913981ce33471ecfed3506b1ac0e9c2c4a113e23bd1a05764e,incoming_experiments/new_residual_trend_momentum_v1_2026-09-13/actual_trade_records.csv,"{""source_project"": ""2trading"", ""source_family"": ""new_residual_trend_momentum"", ""strategy_code"": ""TREND_RET"", ""strategy_name"": ""Multiple-low Trend Retouch"", ""market"": ""US"", ""version"": ""Trend_Weekly_Robust""}",FILTER_REQUIRED_CHECK_EQUIVALENT_VERSIONS,incoming_experiments/new_residual_trend_momentum_v1_2026-09-13/rejected_signals.csv,UNSELECTED_CANDIDATES_ONLY,results/new_strategy_backtest_2026-09-13_trades.csv,,NOT_RECORDED_BEFORE_RUN,2016-01-04,2026-08-26,2033,0.008880725695136845,-0.00481252859452852,Trend_Weekly_Robust,COMPLETED; actual selected closed round trips only; gross returns; holding_days is SPY trading-session distance from entry_date to exit_date.,기존 결과,
2trading,new_residual_trend_momentum,XS_MOM,Short Cross-sectional Momentum,US,MOM126,d757974123865082d37d75c7,LEGACY_IMPORTED_NOT_CORE_V6,incoming_experiments/new_residual_trend_momentum_v1_2026-09-13/strategy_results.csv,30,250d50c2402553913981ce33471ecfed3506b1ac0e9c2c4a113e23bd1a05764e,incoming_experiments/new_residual_trend_momentum_v1_2026-09-13/actual_trade_records.csv,"{""source_project"": ""2trading"", ""source_family"": ""new_residual_trend_momentum"", ""strategy_code"": ""XS_MOM"", ""strategy_name"": ""Short Cross-sectional Momentum"", ""market"": ""US"", ""version"": ""MOM126""}",FILTER_REQUIRED_CHECK_EQUIVALENT_VERSIONS,incoming_experiments/new_residual_trend_momentum_v1_2026-09-13/rejected_signals.csv,UNSELECTED_CANDIDATES_ONLY,results/new_strategy_backtest_2026-09-13_trades.csv,,NOT_RECORDED_BEFORE_RUN,2016-01-29,2026-08-03,1255,0.04583985725585697,0.027767374379485288,MOM126,COMPLETED; actual selected closed round trips only; gross returns; holding_days is SPY trading-session distance from entry_date to exit_date.,기존 결과,
2trading,new_residual_trend_momentum,XS_MOM,Short Cross-sectional Momentum,US,MOM21,56fea42c2fd6c5d30ed60d81,LEGACY_IMPORTED_NOT_CORE_V6,incoming_experiments/new_residual_trend_momentum_v1_2026-09-13/strategy_results.csv,31,250d50c2402553913981ce33471ecfed3506b1ac0e9c2c4a113e23bd1a05764e,incoming_experiments/new_residual_trend_momentum_v1_2026-09-13/actual_trade_records.csv,"{""source_project"": ""2trading"", ""source_family"": ""new_residual_trend_momentum"", ""strategy_code"": ""XS_MOM"", ""strategy_name"": ""Short Cross-sectional Momentum"", ""market"": ""US"", ""version"": ""MOM21""}",FILTER_REQUIRED_CHECK_EQUIVALENT_VERSIONS,incoming_experiments/new_residual_trend_momentum_v1_2026-09-13/rejected_signals.csv,UNSELECTED_CANDIDATES_ONLY,results/new_strategy_backtest_2026-09-13_trades.csv,,NOT_RECORDED_BEFORE_RUN,2016-01-29,2026-08-03,1260,0.027879005461988092,0.017464142367160984,MOM21,COMPLETED; actual selected closed round trips only; gross returns; holding_days is SPY trading-session distance from entry_date to exit_date.,기존 결과,
2trading,new_residual_trend_momentum,XS_MOM,Short Cross-sectional Momentum,US,MOM63,c30859c0d4b557c449512418,LEGACY_IMPORTED_NOT_CORE_V6,incoming_experiments/new_residual_trend_momentum_v1_2026-09-13/strategy_results.csv,32,250d50c2402553913981ce33471ecfed3506b1ac0e9c2c4a113e23bd1a05764e,incoming_experiments/new_residual_trend_momentum_v1_2026-09-13/actual_trade_records.csv,"{""source_project"": ""2trading"", ""source_family"": ""new_residual_trend_momentum"", ""strategy_code"": ""XS_MOM"", ""strategy_name"": ""Short Cross-sectional Momentum"", ""market"": ""US"", ""version"": ""MOM63""}",FILTER_REQUIRED_CHECK_EQUIVALENT_VERSIONS,incoming_experiments/new_residual_trend_momentum_v1_2026-09-13/rejected_signals.csv,UNSELECTED_CANDIDATES_ONLY,results/new_strategy_backtest_2026-09-13_trades.csv,,NOT_RECORDED_BEFORE_RUN,2016-01-29,2026-08-03,1257,0.04062114811382132,0.023836719746492374,MOM63,COMPLETED; actual selected closed round trips only; gross returns; holding_days is SPY trading-session distance from entry_date to exit_date.,기존 결과,
2trading,,,ML Regression Trend monthly,,S01 | v1,unexecuted_71751267510e_0,PARTIALLY_TESTED,results/not_included_strategy_inventory_2026-09-13.csv,2,71751267510e24d1837cc4a93338acf75b899561195bcaefadf7054cb30c48ad,,,NO_VERIFIED_SELECTED_LEDGER,,,,,NOT_RECORDED_BEFORE_RUN,,,,,,,No entry/exit portfolio rules.,부분 시험,
2trading,,,Trendlines with Breaks backpaint,,S02 | v0,unexecuted_71751267510e_1,PARTIALLY_TESTED,results/not_included_strategy_inventory_2026-09-13.csv,3,71751267510e24d1837cc4a93338acf75b899561195bcaefadf7054cb30c48ad,,,NO_VERIFIED_SELECTED_LEDGER,,,,,NOT_RECORDED_BEFORE_RUN,,,,,,,Abandoned before a valid execution record.,부분 시험,
2trading,,,S8 AI ranking overlays,,S26 | target/win/return,unexecuted_71751267510e_2,TESTED,results/not_included_strategy_inventory_2026-09-13.csv,4,71751267510e24d1837cc4a93338acf75b899561195bcaefadf7054cb30c48ad,,,NO_VERIFIED_SELECTED_LEDGER,,,,,NOT_RECORDED_BEFORE_RUN,,,,,,,Selected buy/sell ledger was not persisted.,시험됨·현재 결과표 미포함,
2trading,,,S8 + S3 diversification/overlap,,S27 | v1/v2,unexecuted_71751267510e_3,TESTED,results/not_included_strategy_inventory_2026-09-13.csv,5,71751267510e24d1837cc4a93338acf75b899561195bcaefadf7054cb30c48ad,,,NO_VERIFIED_SELECTED_LEDGER,,,,,NOT_RECORDED_BEFORE_RUN,,,,,,,Selected buy/sell ledger was not persisted.,시험됨·현재 결과표 미포함,
2trading,,,12-1 cross-sectional relative momentum / sector-neutral relative strength,,idea only,unexecuted_71751267510e_4,PLANNED_ONLY,results/not_included_strategy_inventory_2026-09-13.csv,6,71751267510e24d1837cc4a93338acf75b899561195bcaefadf7054cb30c48ad,,,NO_VERIFIED_SELECTED_LEDGER,,,,,NOT_RECORDED_BEFORE_RUN,,,,,,,No historical backtest or eligible trade ledger.,후속 시험 확인,이미 시험: 신규 모멘텀 기록 확인 (SN_MOM)
2trading,,,SPY/sector-factor residual mean reversion,,idea only,unexecuted_71751267510e_5,PLANNED_ONLY,results/not_included_strategy_inventory_2026-09-13.csv,7,71751267510e24d1837cc4a93338acf75b899561195bcaefadf7054cb30c48ad,,,NO_VERIFIED_SELECTED_LEDGER,,,,,NOT_RECORDED_BEFORE_RUN,,,,,,,No historical backtest or eligible trade ledger.,후속 시험 확인,이미 시험: 신규 잔차 평균회귀 기록 확인 (SR_MR)
2trading,,,PEAD from earnings surprise and analyst-estimate changes,,idea only,unexecuted_71751267510e_6,PLANNED_ONLY,results/not_included_strategy_inventory_2026-09-13.csv,8,71751267510e24d1837cc4a93338acf75b899561195bcaefadf7054cb30c48ad,,,NO_VERIFIED_SELECTED_LEDGER,,,,,NOT_RECORDED_BEFORE_RUN,,,,,,,No historical backtest or eligible trade ledger.,데이터 차단,DATA_BLOCKED: 사전 발표 데이터 부족 (PEAD_REV)
2trading,,,Value + profitability + financial health + price momentum,,idea only,unexecuted_71751267510e_7,PLANNED_ONLY,results/not_included_strategy_inventory_2026-09-13.csv,9,71751267510e24d1837cc4a93338acf75b899561195bcaefadf7054cb30c48ad,,,NO_VERIFIED_SELECTED_LEDGER,,,,,NOT_RECORDED_BEFORE_RUN,,,,,,,No historical backtest or eligible trade ledger.,기존 목록의 계획 후보,
2trading,,,Sector residual RMSE2,,idea only,unexecuted_71751267510e_8,PLANNED_ONLY,results/not_included_strategy_inventory_2026-09-13.csv,10,71751267510e24d1837cc4a93338acf75b899561195bcaefadf7054cb30c48ad,,,NO_VERIFIED_SELECTED_LEDGER,,,,,NOT_RECORDED_BEFORE_RUN,,,,,,,No historical backtest or eligible trade ledger.,후속 시험 확인,이미 시험: 신규 잔차 RMSE 기록 확인 (SR_RMSE2)
2trading,,,PCA residual RMSE2,,idea only,unexecuted_71751267510e_9,PLANNED_ONLY,results/not_included_strategy_inventory_2026-09-13.csv,11,71751267510e24d1837cc4a93338acf75b899561195bcaefadf7054cb30c48ad,,,NO_VERIFIED_SELECTED_LEDGER,,,,,NOT_RECORDED_BEFORE_RUN,,,,,,,No historical backtest or eligible trade ledger.,후속 시험 확인,이미 시험: 신규 PCA RMSE 기록 확인 (PCA_RMSE2)
imported_trading_project,,,S27_pairs,,v1,unexecuted_71751267510e_10,TESTED,results/not_included_strategy_inventory_2026-09-13.csv,12,71751267510e24d1837cc4a93338acf75b899561195bcaefadf7054cb30c48ad,,,NO_VERIFIED_SELECTED_LEDGER,,,,,NOT_RECORDED_BEFORE_RUN,,,,,,,Pair-level combined return; two legs lack ticker-level entry/exit prices.,시험됨·현재 결과표 미포함,
imported_trading_project,,,LETF-S8 infinite buying,,target10/target15,unexecuted_71751267510e_11,TESTED,results/not_included_strategy_inventory_2026-09-13.csv,13,71751267510e24d1837cc4a93338acf75b899561195bcaefadf7054cb30c48ad,,,NO_VERIFIED_SELECTED_LEDGER,,,,,NOT_RECORDED_BEFORE_RUN,,,,,,,Cycle averages multiple buys; individual buy dates and prices are missing.,시험됨·현재 결과표 미포함,
imported_trading_project,,,C1b_mean_reversion_custom_exit,,v1,unexecuted_71751267510e_12,TESTED,results/not_included_strategy_inventory_2026-09-13.csv,14,71751267510e24d1837cc4a93338acf75b899561195bcaefadf7054cb30c48ad,,,NO_VERIFIED_SELECTED_LEDGER,,,,,NOT_RECORDED_BEFORE_RUN,,,,,,,No eligible selected ticker round-trip ledger.,시험됨·현재 결과표 미포함,
imported_trading_project,,,C2b_support_resistance_custom_exit,,v1,unexecuted_71751267510e_13,TESTED,results/not_included_strategy_inventory_2026-09-13.csv,15,71751267510e24d1837cc4a93338acf75b899561195bcaefadf7054cb30c48ad,,,NO_VERIFIED_SELECTED_LEDGER,,,,,NOT_RECORDED_BEFORE_RUN,,,,,,,No eligible selected ticker round-trip ledger.,시험됨·현재 결과표 미포함,
imported_trading_project,,,S10b_turtle_soup_custom_exit,,v1,unexecuted_71751267510e_14,TESTED,results/not_included_strategy_inventory_2026-09-13.csv,16,71751267510e24d1837cc4a93338acf75b899561195bcaefadf7054cb30c48ad,,,NO_VERIFIED_SELECTED_LEDGER,,,,,NOT_RECORDED_BEFORE_RUN,,,,,,,No eligible selected ticker round-trip ledger.,시험됨·현재 결과표 미포함,
imported_trading_project,,,S15b_week52_low_reversal_custom_exit,,v1,unexecuted_71751267510e_15,TESTED,results/not_included_strategy_inventory_2026-09-13.csv,17,71751267510e24d1837cc4a93338acf75b899561195bcaefadf7054cb30c48ad,,,NO_VERIFIED_SELECTED_LEDGER,,,,,NOT_RECORDED_BEFORE_RUN,,,,,,,No eligible selected ticker round-trip ledger.,시험됨·현재 결과표 미포함,
imported_trading_project,,,S17b_fibonacci_bounce_custom_exit,,v1,unexecuted_71751267510e_16,TESTED,results/not_included_strategy_inventory_2026-09-13.csv,18,71751267510e24d1837cc4a93338acf75b899561195bcaefadf7054cb30c48ad,,,NO_VERIFIED_SELECTED_LEDGER,,,,,NOT_RECORDED_BEFORE_RUN,,,,,,,No eligible selected ticker round-trip ledger.,시험됨·현재 결과표 미포함,
imported_trading_project,,,S20b_inverse_head_and_shoulders_custom_exit,,v1,unexecuted_71751267510e_17,TESTED,results/not_included_strategy_inventory_2026-09-13.csv,19,71751267510e24d1837cc4a93338acf75b899561195bcaefadf7054cb30c48ad,,,NO_VERIFIED_SELECTED_LEDGER,,,,,NOT_RECORDED_BEFORE_RUN,,,,,,,No eligible selected ticker round-trip ledger.,시험됨·현재 결과표 미포함,
imported_trading_project,,,Chandelier Exit overlay,,v1 on A1/A2/S8/S10/S14,unexecuted_71751267510e_18,TESTED,results/not_included_strategy_inventory_2026-09-13.csv,20,71751267510e24d1837cc4a93338acf75b899561195bcaefadf7054cb30c48ad,,,NO_VERIFIED_SELECTED_LEDGER,,,,,NOT_RECORDED_BEFORE_RUN,,,,,,,No eligible selected ticker round-trip ledger.,시험됨·현재 결과표 미포함,
imported_trading_project,,,MOMENTUM_trend_template,,v1,unexecuted_71751267510e_19,TESTED,results/not_included_strategy_inventory_2026-09-13.csv,21,71751267510e24d1837cc4a93338acf75b899561195bcaefadf7054cb30c48ad,,,NO_VERIFIED_SELECTED_LEDGER,,,,,NOT_RECORDED_BEFORE_RUN,,,,,,,No eligible selected ticker round-trip ledger.,시험됨·현재 결과표 미포함,
imported_trading_project,,,MOMENTUM_cup_handle,,v1,unexecuted_71751267510e_20,TESTED,results/not_included_strategy_inventory_2026-09-13.csv,22,71751267510e24d1837cc4a93338acf75b899561195bcaefadf7054cb30c48ad,,,NO_VERIFIED_SELECTED_LEDGER,,,,,NOT_RECORDED_BEFORE_RUN,,,,,,,No eligible selected ticker round-trip ledger.,시험됨·현재 결과표 미포함,
imported_trading_project,,,MOMENTUM_vcp_surge,,v1,unexecuted_71751267510e_21,TESTED,results/not_included_strategy_inventory_2026-09-13.csv,23,71751267510e24d1837cc4a93338acf75b899561195bcaefadf7054cb30c48ad,,,NO_VERIFIED_SELECTED_LEDGER,,,,,NOT_RECORDED_BEFORE_RUN,,,,,,,No eligible selected ticker round-trip ledger.,시험됨·현재 결과표 미포함,
imported_trading_project,,,MOMENTUM_vcp_buildup,,v1,unexecuted_71751267510e_22,TESTED,results/not_included_strategy_inventory_2026-09-13.csv,24,71751267510e24d1837cc4a93338acf75b899561195bcaefadf7054cb30c48ad,,,NO_VERIFIED_SELECTED_LEDGER,,,,,NOT_RECORDED_BEFORE_RUN,,,,,,,No eligible selected ticker round-trip ledger.,시험됨·현재 결과표 미포함,
imported_trading_project,,,INSIDER_CLUSTER,,v1,unexecuted_71751267510e_23,TESTED,results/not_included_strategy_inventory_2026-09-13.csv,25,71751267510e24d1837cc4a93338acf75b899561195bcaefadf7054cb30c48ad,,,NO_VERIFIED_SELECTED_LEDGER,,,,,NOT_RECORDED_BEFORE_RUN,,,,,,,No eligible selected ticker round-trip ledger.,시험됨·현재 결과표 미포함,
imported_trading_project,,,SHORT_SQUEEZE,,v1,unexecuted_71751267510e_24,TESTED,results/not_included_strategy_inventory_2026-09-13.csv,26,71751267510e24d1837cc4a93338acf75b899561195bcaefadf7054cb30c48ad,,,NO_VERIFIED_SELECTED_LEDGER,,,,,NOT_RECORDED_BEFORE_RUN,,,,,,,No eligible selected ticker round-trip ledger.,시험됨·현재 결과표 미포함,
imported_trading_project,,,QUALITY,,v1,unexecuted_71751267510e_25,TESTED,results/not_included_strategy_inventory_2026-09-13.csv,27,71751267510e24d1837cc4a93338acf75b899561195bcaefadf7054cb30c48ad,,,NO_VERIFIED_SELECTED_LEDGER,,,,,NOT_RECORDED_BEFORE_RUN,,,,,,,No eligible selected ticker round-trip ledger.,시험됨·현재 결과표 미포함,
imported_trading_project,,,PBR_FSCORE,,v1,unexecuted_71751267510e_26,TESTED,results/not_included_strategy_inventory_2026-09-13.csv,28,71751267510e24d1837cc4a93338acf75b899561195bcaefadf7054cb30c48ad,,,NO_VERIFIED_SELECTED_LEDGER,,,,,NOT_RECORDED_BEFORE_RUN,,,,,,,No eligible selected ticker round-trip ledger.,시험됨·현재 결과표 미포함,
imported_trading_project,,,VALUE_MOMENTUM,,v1,unexecuted_71751267510e_27,TESTED,results/not_included_strategy_inventory_2026-09-13.csv,29,71751267510e24d1837cc4a93338acf75b899561195bcaefadf7054cb30c48ad,,,NO_VERIFIED_SELECTED_LEDGER,,,,,NOT_RECORDED_BEFORE_RUN,,,,,,,No eligible selected ticker round-trip ledger.,시험됨·현재 결과표 미포함,
imported_trading_project,,,PBR_FSCORE_VALUE_MOMENTUM,,v1,unexecuted_71751267510e_28,TESTED,results/not_included_strategy_inventory_2026-09-13.csv,30,71751267510e24d1837cc4a93338acf75b899561195bcaefadf7054cb30c48ad,,,NO_VERIFIED_SELECTED_LEDGER,,,,,NOT_RECORDED_BEFORE_RUN,,,,,,,No eligible selected ticker round-trip ledger.,시험됨·현재 결과표 미포함,
imported_trading_project,,,LETF-S1 buy-and-hold,,TQQQ/QLD/QQQ,unexecuted_71751267510e_29,TESTED,results/not_included_strategy_inventory_2026-09-13.csv,31,71751267510e24d1837cc4a93338acf75b899561195bcaefadf7054cb30c48ad,,,NO_VERIFIED_SELECTED_LEDGER,,,,,NOT_RECORDED_BEFORE_RUN,,,,,,,No eligible selected ticker round-trip ledger.,시험됨·현재 결과표 미포함,
imported_trading_project,,,LETF-S2/S7 MA200 rotation,,"no-buffer / +4~4.5%,-3%",unexecuted_71751267510e_30,TESTED,results/not_included_strategy_inventory_2026-09-13.csv,32,71751267510e24d1837cc4a93338acf75b899561195bcaefadf7054cb30c48ad,,,NO_VERIFIED_SELECTED_LEDGER,,,,,NOT_RECORDED_BEFORE_RUN,,,,,,,No eligible selected ticker round-trip ledger.,시험됨·현재 결과표 미포함,
imported_trading_project,,,LETF-S4 HFEA,,55/45,unexecuted_71751267510e_31,TESTED,results/not_included_strategy_inventory_2026-09-13.csv,33,71751267510e24d1837cc4a93338acf75b899561195bcaefadf7054cb30c48ad,,,NO_VERIFIED_SELECTED_LEDGER,,,,,NOT_RECORDED_BEFORE_RUN,,,,,,,No eligible selected ticker round-trip ledger.,시험됨·현재 결과표 미포함,
imported_trading_project,,,LETF-S5 9Sig,,quarterly 9%,unexecuted_71751267510e_32,TESTED,results/not_included_strategy_inventory_2026-09-13.csv,34,71751267510e24d1837cc4a93338acf75b899561195bcaefadf7054cb30c48ad,,,NO_VERIFIED_SELECTED_LEDGER,,,,,NOT_RECORDED_BEFORE_RUN,,,,,,,No eligible selected ticker round-trip ledger.,시험됨·현재 결과표 미포함,
imported_trading_project,,,LETF-S6 dual momentum GEM,,12-month,unexecuted_71751267510e_33,TESTED,results/not_included_strategy_inventory_2026-09-13.csv,35,71751267510e24d1837cc4a93338acf75b899561195bcaefadf7054cb30c48ad,,,NO_VERIFIED_SELECTED_LEDGER,,,,,NOT_RECORDED_BEFORE_RUN,,,,,,,No eligible selected ticker round-trip ledger.,시험됨·현재 결과표 미포함,
imported_trading_project,,,LETF-S9 valuation_drawdown_vix,,v1,unexecuted_71751267510e_34,TESTED,results/not_included_strategy_inventory_2026-09-13.csv,36,71751267510e24d1837cc4a93338acf75b899561195bcaefadf7054cb30c48ad,,,NO_VERIFIED_SELECTED_LEDGER,,,,,NOT_RECORDED_BEFORE_RUN,,,,,,,No eligible selected ticker round-trip ledger.,시험됨·현재 결과표 미포함,
imported_trading_project,,,LETF-S10 Faber 10m SMA,,TQQQ/QLD,unexecuted_71751267510e_35,TESTED,results/not_included_strategy_inventory_2026-09-13.csv,37,71751267510e24d1837cc4a93338acf75b899561195bcaefadf7054cb30c48ad,,,NO_VERIFIED_SELECTED_LEDGER,,,,,NOT_RECORDED_BEFORE_RUN,,,,,,,No eligible selected ticker round-trip ledger.,시험됨·현재 결과표 미포함,
imported_trading_project,,,LETF-S11 vol targeted,,"target30%, TQQQ/QLD",unexecuted_71751267510e_36,TESTED,results/not_included_strategy_inventory_2026-09-13.csv,38,71751267510e24d1837cc4a93338acf75b899561195bcaefadf7054cb30c48ad,,,NO_VERIFIED_SELECTED_LEDGER,,,,,NOT_RECORDED_BEFORE_RUN,,,,,,,No eligible selected ticker round-trip ledger.,시험됨·현재 결과표 미포함,
imported_trading_project,,,LETF-S13 Ichimoku rotation,,TQQQ/QLD,unexecuted_71751267510e_37,TESTED,results/not_included_strategy_inventory_2026-09-13.csv,39,71751267510e24d1837cc4a93338acf75b899561195bcaefadf7054cb30c48ad,,,NO_VERIFIED_SELECTED_LEDGER,,,,,NOT_RECORDED_BEFORE_RUN,,,,,,,No eligible selected ticker round-trip ledger.,시험됨·현재 결과표 미포함,
imported_trading_project,,,ENSEMBLE_majority_vote_15,,v1,unexecuted_71751267510e_38,TESTED,results/not_included_strategy_inventory_2026-09-13.csv,40,71751267510e24d1837cc4a93338acf75b899561195bcaefadf7054cb30c48ad,,,NO_VERIFIED_SELECTED_LEDGER,,,,,NOT_RECORDED_BEFORE_RUN,,,,,,,No eligible selected ticker round-trip ledger.,시험됨·현재 결과표 미포함,
imported_trading_project,,,ENSEMBLE_cross_style_confirm,,v1,unexecuted_71751267510e_39,TESTED,results/not_included_strategy_inventory_2026-09-13.csv,41,71751267510e24d1837cc4a93338acf75b899561195bcaefadf7054cb30c48ad,,,NO_VERIFIED_SELECTED_LEDGER,,,,,NOT_RECORDED_BEFORE_RUN,,,,,,,No eligible selected ticker round-trip ledger.,시험됨·현재 결과표 미포함,
imported_trading_project,,,ENSEMBLE_momentum_only_majority,,v1,unexecuted_71751267510e_40,TESTED,results/not_included_strategy_inventory_2026-09-13.csv,42,71751267510e24d1837cc4a93338acf75b899561195bcaefadf7054cb30c48ad,,,NO_VERIFIED_SELECTED_LEDGER,,,,,NOT_RECORDED_BEFORE_RUN,,,,,,,No eligible selected ticker round-trip ledger.,시험됨·현재 결과표 미포함,
imported_trading_project,,,ENSEMBLE_reversion_only_majority,,v1,unexecuted_71751267510e_41,TESTED,results/not_included_strategy_inventory_2026-09-13.csv,43,71751267510e24d1837cc4a93338acf75b899561195bcaefadf7054cb30c48ad,,,NO_VERIFIED_SELECTED_LEDGER,,,,,NOT_RECORDED_BEFORE_RUN,,,,,,,No eligible selected ticker round-trip ledger.,시험됨·현재 결과표 미포함,
imported_trading_project,,,ENSEMBLE_regime_switch,,v1,unexecuted_71751267510e_42,TESTED,results/not_included_strategy_inventory_2026-09-13.csv,44,71751267510e24d1837cc4a93338acf75b899561195bcaefadf7054cb30c48ad,,,NO_VERIFIED_SELECTED_LEDGER,,,,,NOT_RECORDED_BEFORE_RUN,,,,,,,No eligible selected ticker round-trip ledger.,시험됨·현재 결과표 미포함,
imported_trading_project,,,pyramiding repeat-signal overlay,,normal/exclude/prioritize,unexecuted_71751267510e_43,TESTED,results/not_included_strategy_inventory_2026-09-13.csv,45,71751267510e24d1837cc4a93338acf75b899561195bcaefadf7054cb30c48ad,,,NO_VERIFIED_SELECTED_LEDGER,,,,,NOT_RECORDED_BEFORE_RUN,,,,,,,No eligible selected ticker round-trip ledger.,시험됨·현재 결과표 미포함,
imported_trading_project,,,rolling edge-decay meta allocator,,windows 2/3/5 folds,unexecuted_71751267510e_44,PARTIALLY_TESTED,results/not_included_strategy_inventory_2026-09-13.csv,46,71751267510e24d1837cc4a93338acf75b899561195bcaefadf7054cb30c48ad,,,NO_VERIFIED_SELECTED_LEDGER,,,,,NOT_RECORDED_BEFORE_RUN,,,,,,,Not a ticker-order backtest.,부분 시험,
imported_trading_project,,,overnight-return anomaly,,diagnostic only,unexecuted_71751267510e_45,PARTIALLY_TESTED,results/not_included_strategy_inventory_2026-09-13.csv,47,71751267510e24d1837cc4a93338acf75b899561195bcaefadf7054cb30c48ad,,,NO_VERIFIED_SELECTED_LEDGER,,,,,NOT_RECORDED_BEFORE_RUN,,,,,,,No formal strategy execution ledger.,부분 시험,
imported_trading_project,,,LETF strategy 3,,UNKNOWN,unexecuted_71751267510e_46,PLANNED_ONLY,results/not_included_strategy_inventory_2026-09-13.csv,48,71751267510e24d1837cc4a93338acf75b899561195bcaefadf7054cb30c48ad,,,NO_VERIFIED_SELECTED_LEDGER,,,,,NOT_RECORDED_BEFORE_RUN,,,,,,,Rules and implementation evidence are unavailable.,기존 목록의 계획 후보,
imported_trading_project,,,LETF strategy 76,,UNKNOWN,unexecuted_71751267510e_47,PLANNED_ONLY,results/not_included_strategy_inventory_2026-09-13.csv,49,71751267510e24d1837cc4a93338acf75b899561195bcaefadf7054cb30c48ad,,,NO_VERIFIED_SELECTED_LEDGER,,,,,NOT_RECORDED_BEFORE_RUN,,,,,,,Rules and implementation evidence are unavailable.,기존 목록의 계획 후보,
imported_trading_project,,,LETF strategy 78,,UNKNOWN,unexecuted_71751267510e_48,PLANNED_ONLY,results/not_included_strategy_inventory_2026-09-13.csv,50,71751267510e24d1837cc4a93338acf75b899561195bcaefadf7054cb30c48ad,,,NO_VERIFIED_SELECTED_LEDGER,,,,,NOT_RECORDED_BEFORE_RUN,,,,,,,Rules and implementation evidence are unavailable.,기존 목록의 계획 후보,
imported_trading_project,,,LETF strategy 79,,UNKNOWN,unexecuted_71751267510e_49,PLANNED_ONLY,results/not_included_strategy_inventory_2026-09-13.csv,51,71751267510e24d1837cc4a93338acf75b899561195bcaefadf7054cb30c48ad,,,NO_VERIFIED_SELECTED_LEDGER,,,,,NOT_RECORDED_BEFORE_RUN,,,,,,,Rules and implementation evidence are unavailable.,기존 목록의 계획 후보,
imported_trading_project,,,LETF-S12 DCA,,12-month,unexecuted_71751267510e_50,TESTED,results/not_included_strategy_inventory_2026-09-13.csv,52,71751267510e24d1837cc4a93338acf75b899561195bcaefadf7054cb30c48ad,,,NO_VERIFIED_SELECTED_LEDGER,,,,,NOT_RECORDED_BEFORE_RUN,,,,,,,Buy records have no matching sell executions.,사용자 제외,
imported_trading_project,,,recurring plain DCA,,TQQQ/QLD/QQQ,unexecuted_71751267510e_51,TESTED,results/not_included_strategy_inventory_2026-09-13.csv,53,71751267510e24d1837cc4a93338acf75b899561195bcaefadf7054cb30c48ad,,,NO_VERIFIED_SELECTED_LEDGER,,,,,NOT_RECORDED_BEFORE_RUN,,,,,,,No eligible selected ticker round-trip ledger.,사용자 제외,
imported_trading_project,,,recurring 9Sig,,book-literal ; contribution-scaled,unexecuted_71751267510e_52,TESTED,results/not_included_strategy_inventory_2026-09-13.csv,54,71751267510e24d1837cc4a93338acf75b899561195bcaefadf7054cb30c48ad,,,NO_VERIFIED_SELECTED_LEDGER,,,,,NOT_RECORDED_BEFORE_RUN,,,,,,,No eligible selected ticker round-trip ledger.,사용자 제외,
imported_trading_project,,,recurring MA200 rotation,,normal,unexecuted_71751267510e_53,TESTED,results/not_included_strategy_inventory_2026-09-13.csv,55,71751267510e24d1837cc4a93338acf75b899561195bcaefadf7054cb30c48ad,,,NO_VERIFIED_SELECTED_LEDGER,,,,,NOT_RECORDED_BEFORE_RUN,,,,,,,No eligible selected ticker round-trip ledger.,사용자 제외,
imported_trading_project,,,recurring dual momentum rotation,,normal,unexecuted_71751267510e_54,TESTED,results/not_included_strategy_inventory_2026-09-13.csv,56,71751267510e24d1837cc4a93338acf75b899561195bcaefadf7054cb30c48ad,,,NO_VERIFIED_SELECTED_LEDGER,,,,,NOT_RECORDED_BEFORE_RUN,,,,,,,No eligible selected ticker round-trip ledger.,사용자 제외,
imported_trading_project,,,recurring Ichimoku rotation,,normal,unexecuted_71751267510e_55,TESTED,results/not_included_strategy_inventory_2026-09-13.csv,57,71751267510e24d1837cc4a93338acf75b899561195bcaefadf7054cb30c48ad,,,NO_VERIFIED_SELECTED_LEDGER,,,,,NOT_RECORDED_BEFORE_RUN,,,,,,,No eligible selected ticker round-trip ledger.,사용자 제외,
imported_trading_project,,,recurring disparity rotation,,60MA 92/105,unexecuted_71751267510e_56,TESTED,results/not_included_strategy_inventory_2026-09-13.csv,58,71751267510e24d1837cc4a93338acf75b899561195bcaefadf7054cb30c48ad,,,NO_VERIFIED_SELECTED_LEDGER,,,,,NOT_RECORDED_BEFORE_RUN,,,,,,,No eligible selected ticker round-trip ledger.,사용자 제외,
imported_trading_project,,,recurring infinite buying,,target10,unexecuted_71751267510e_57,TESTED,results/not_included_strategy_inventory_2026-09-13.csv,59,71751267510e24d1837cc4a93338acf75b899561195bcaefadf7054cb30c48ad,,,NO_VERIFIED_SELECTED_LEDGER,,,,,NOT_RECORDED_BEFORE_RUN,,,,,,,No eligible selected ticker round-trip ledger.,사용자 제외,
imported_trading_project,,,never-sell timing MA200,,normal/inverse,unexecuted_71751267510e_58,TESTED,results/not_included_strategy_inventory_2026-09-13.csv,60,71751267510e24d1837cc4a93338acf75b899561195bcaefadf7054cb30c48ad,,,NO_VERIFIED_SELECTED_LEDGER,,,,,NOT_RECORDED_BEFORE_RUN,,,,,,,No eligible selected ticker round-trip ledger.,사용자 제외,
imported_trading_project,,,never-sell timing disparity,,normal/inverse,unexecuted_71751267510e_59,TESTED,results/not_included_strategy_inventory_2026-09-13.csv,61,71751267510e24d1837cc4a93338acf75b899561195bcaefadf7054cb30c48ad,,,NO_VERIFIED_SELECTED_LEDGER,,,,,NOT_RECORDED_BEFORE_RUN,,,,,,,No eligible selected ticker round-trip ledger.,사용자 제외,
imported_trading_project,,,never-sell timing Ichimoku,,normal/inverse,unexecuted_71751267510e_60,TESTED,results/not_included_strategy_inventory_2026-09-13.csv,62,71751267510e24d1837cc4a93338acf75b899561195bcaefadf7054cb30c48ad,,,NO_VERIFIED_SELECTED_LEDGER,,,,,NOT_RECORDED_BEFORE_RUN,,,,,,,No eligible selected ticker round-trip ledger.,사용자 제외,
imported_trading_project,,,never-sell timing dual momentum,,normal/inverse,unexecuted_71751267510e_61,TESTED,results/not_included_strategy_inventory_2026-09-13.csv,63,71751267510e24d1837cc4a93338acf75b899561195bcaefadf7054cb30c48ad,,,NO_VERIFIED_SELECTED_LEDGER,,,,,NOT_RECORDED_BEFORE_RUN,,,,,,,No eligible selected ticker round-trip ledger.,사용자 제외,
